assignment_id,employee_id,task_id,sprint_id,is_fit,completion_delay_days
1,5,1,1,1,7
2,60,1,1,1,5
3,44,1,1,1,0
4,30,2,1,1,7
5,2,2,1,1,6
6,62,3,1,0,17
7,4,3,1,1,2
8,91,4,1,1,0
9,69,4,1,1,4
10,79,5,1,1,4
11,69,5,1,1,2
12,22,6,1,1,2
13,71,6,1,1,0
14,9,6,1,0,13
15,36,6,1,1,6
16,19,7,1,1,0
17,20,7,1,1,1
18,98,7,1,1,2
19,11,8,1,0,16
20,31,9,1,1,-2
21,52,9,1,1,-2
22,14,10,1,0,16
23,19,10,1,1,5
24,87,10,1,0,30
25,39,10,1,1,3
26,34,11,1,1,1
27,89,12,1,0,12
28,100,13,1,1,5
29,11,14,1,1,5
30,30,14,1,1,5
31,77,15,1,0,11
32,39,16,1,1,-3
33,21,17,1,1,3
34,77,17,1,1,4
35,3,18,1,1,2
36,74,19,1,1,2
37,44,19,1,0,14
38,43,20,1,1,3
39,4,21,1,0,11
40,54,22,1,1,3
41,41,22,1,1,2
42,33,23,1,1,-1
43,17,24,1,1,-3
44,80,25,1,0,14
45,21,25,1,1,4
46,83,26,1,0,17
47,34,26,1,1,3
48,32,27,1,1,7
49,52,27,1,1,2
50,85,27,1,1,-1
51,84,28,1,0,8
52,2,29,1,1,1
53,60,29,1,0,28
54,44,30,1,1,5
55,97,30,1,1,5
56,83,30,1,1,-1
57,99,31,1,1,0
58,62,31,1,1,2
59,33,31,1,0,14
60,17,32,1,1,-1
61,62,33,1,0,10
62,82,33,1,0,17
63,5,33,1,1,6
64,62,34,1,0,8
65,97,35,1,0,24
66,39,35,1,1,7
67,97,36,1,1,-2
68,40,36,1,1,-2
69,24,37,1,1,0
70,49,37,1,1,-1
71,12,38,1,1,2
72,13,38,1,1,-1
73,71,38,1,0,23
74,83,38,1,1,7
75,12,39,1,1,2
76,39,40,1,1,0
77,60,41,1,1,-1
78,1,42,1,1,1
79,16,43,1,1,3
80,49,43,1,1,1
81,38,44,1,1,2
82,99,45,1,0,19
83,48,45,1,0,13
84,1,45,1,1,1
85,77,46,1,0,8
86,43,47,1,1,3
87,58,47,1,0,18
88,70,48,1,1,2
89,17,48,1,1,3
90,25,49,1,1,4
91,53,49,1,1,-1
92,68,50,1,0,21
93,73,50,1,0,14
94,3,51,1,1,-2
95,79,52,1,1,-2
96,78,53,1,1,0
97,15,53,1,0,9
98,96,54,1,0,20
99,46,54,1,0,23
100,67,54,1,0,17
101,2,54,1,1,0
102,10,55,1,1,6
103,97,55,1,1,2
104,28,56,1,1,2
105,92,57,1,0,27
106,61,57,1,1,-1
107,29,57,1,1,3
108,90,57,1,1,3
109,54,58,1,1,3
110,95,59,1,1,-1
111,21,59,1,1,-1
112,79,59,1,1,7
113,86,60,1,0,20
114,28,60,1,0,13
115,27,60,1,0,19
116,10,61,1,1,0
117,52,61,1,1,4
118,31,62,1,0,12
119,79,63,1,1,1
120,64,63,1,1,3
121,90,64,1,0,15
122,41,64,1,1,3
123,97,64,1,0,30
124,42,65,1,1,2
125,94,65,1,1,1
126,36,66,1,1,-1
127,77,67,1,1,5
128,18,67,1,1,-1
129,45,67,1,0,13
130,84,68,1,1,0
131,69,68,1,1,6
132,55,68,1,0,27
133,25,68,1,1,6
134,20,69,1,0,14
135,77,69,1,1,0
136,100,70,1,1,2
137,57,70,1,1,5
138,61,71,1,1,2
139,16,71,1,1,-1
140,32,72,1,1,1
141,31,73,1,1,1
142,6,74,1,1,4
143,16,75,1,1,-1
144,35,75,1,0,19
145,68,75,1,0,23
146,50,75,1,1,7
147,71,76,1,1,5
148,74,76,1,1,3
149,10,77,1,1,2
150,72,78,1,0,10
151,21,78,1,0,28
152,15,79,1,1,2
153,74,80,1,1,6
154,40,80,1,1,5
155,61,80,1,1,5
156,13,81,1,1,4
157,5,81,1,1,0
158,55,82,1,0,3
159,88,83,1,1,-3
160,2,84,1,1,1
161,34,84,1,1,2
162,24,85,1,0,7
163,93,85,1,0,8
164,92,86,1,1,-3
165,89,87,1,1,2
166,75,87,1,1,3
167,56,87,1,0,29
168,87,87,1,1,-1
169,66,88,1,1,4
170,56,88,1,1,5
171,27,89,1,0,19
172,93,89,1,1,0
173,59,90,1,0,10
174,44,91,1,0,10
175,92,92,1,1,1
176,16,93,1,0,4
177,70,94,1,1,5
178,34,94,1,1,6
179,77,95,1,1,3
180,84,95,1,1,2
181,79,96,1,1,7
182,25,96,1,0,25
183,33,96,1,1,6
184,2,97,1,1,4
185,47,98,1,1,5
186,89,98,1,0,27
187,74,98,1,1,6
188,39,99,1,1,0
189,21,99,1,0,15
190,69,100,1,1,2
191,73,101,1,1,1
192,98,101,1,1,-1
193,10,101,1,1,1
194,3,101,1,1,6
195,28,102,1,1,4
196,19,102,1,1,-1
197,71,103,1,1,-1
198,7,104,1,1,-2
199,38,105,1,1,-1
200,53,106,1,1,2
201,8,106,1,0,26
202,86,107,1,0,28
203,98,107,1,0,23
204,95,108,1,0,15
205,15,109,1,0,12
206,36,109,1,0,15
207,95,109,1,0,17
208,41,109,1,0,15
209,23,110,1,0,17
210,65,110,1,0,15
211,18,111,1,0,24
212,11,111,1,0,12
213,10,111,1,0,17
214,58,112,1,0,16
215,26,112,1,0,18
216,65,113,1,0,14
217,82,113,1,0,12
218,8,113,1,0,11
219,75,113,1,1,3
220,65,114,1,0,24
221,83,114,1,0,22
222,94,114,1,1,7
223,66,115,1,1,3
224,93,115,1,1,-2
225,95,116,1,1,-1
226,79,116,1,0,18
227,19,117,1,0,5
228,92,118,1,1,-1
229,16,119,1,0,12
230,25,119,1,1,5
231,35,120,1,0,11
232,33,121,1,1,2
233,49,122,1,1,3
234,82,122,1,1,-1
235,32,123,1,0,23
236,46,123,1,1,7
237,99,123,1,1,6
238,63,123,1,0,11
239,27,124,1,1,-1
240,55,125,1,0,17
241,52,125,1,1,3
242,94,125,1,0,27
243,64,126,1,1,3
244,24,127,1,0,13
245,52,127,1,0,10
246,77,128,1,1,3
247,33,129,1,1,0
248,91,130,1,1,0
249,74,131,1,1,3
250,6,132,1,1,-2
251,66,132,1,1,2
252,46,133,1,0,13
253,59,133,1,0,11
254,36,134,1,0,16
255,58,134,1,0,17
256,85,135,1,1,5
257,65,135,1,0,18
258,98,136,1,0,14
259,42,136,1,0,11
260,93,137,1,1,-1
261,36,138,1,1,1
262,47,138,1,1,3
263,38,138,1,1,5
264,69,138,1,0,20
265,84,139,1,1,5
266,27,139,1,0,6
267,49,140,1,1,1
268,37,140,1,1,4
269,35,141,1,1,0
270,16,141,1,1,-2
271,43,142,1,1,3
272,56,143,1,1,0
273,68,144,1,1,3
274,12,145,1,1,2
275,76,145,1,1,3
276,33,146,1,1,7
277,80,146,1,1,6
278,99,146,1,1,3
279,65,147,1,1,1
280,33,147,1,0,19
281,12,148,1,0,19
282,52,148,1,1,5
283,51,148,1,1,-1
284,50,149,1,0,18
285,66,149,1,0,15
286,31,150,1,0,14
287,25,150,1,0,30
288,41,150,1,1,3
289,36,150,1,0,11
290,28,151,1,0,15
291,15,151,1,1,7
292,47,151,1,0,21
293,81,152,1,0,25
294,61,152,1,1,3
295,53,152,1,1,4
296,72,153,1,0,22
297,7,153,1,0,27
298,36,153,1,1,5
299,32,153,1,1,7
300,58,154,1,1,5
301,34,154,1,0,21
302,85,155,1,1,3
303,82,156,1,1,-3
304,72,157,1,0,7
305,17,157,1,1,-2
306,99,158,1,1,0
307,86,159,1,1,4
308,47,160,1,0,19
309,77,160,1,1,4
310,90,161,1,1,2
311,90,162,1,1,0
312,89,162,1,0,21
313,93,163,1,1,1
314,78,163,1,0,19
315,15,164,1,1,-2
316,32,164,1,1,3
317,3,165,1,1,1
318,73,166,1,1,1
319,49,167,1,1,1
320,55,167,1,0,27
321,59,167,1,1,1
322,22,167,1,1,-1
323,70,168,1,1,-1
324,55,168,1,1,-1
325,30,169,1,1,-3
326,100,170,1,1,7
327,55,170,1,1,-1
328,6,170,1,0,26
329,100,171,1,1,5
330,86,172,1,0,20
331,14,172,1,1,0
332,42,172,1,1,7
333,92,172,1,1,5
334,80,173,1,0,7
335,70,173,1,1,-1
336,85,174,1,0,11
337,11,175,1,1,6
338,39,175,1,1,0
339,13,175,1,1,4
340,86,176,1,1,-1
341,34,176,1,1,-1
342,27,177,1,0,27
343,60,177,1,1,7
344,10,178,1,0,23
345,64,178,1,0,11
346,67,178,1,0,29
347,19,179,1,1,0
348,32,180,1,0,11
349,19,180,1,1,2
350,79,181,1,0,19
351,83,181,1,1,-2
352,20,182,1,0,7
353,2,183,1,1,3
354,6,184,1,1,0
355,64,185,1,0,6
356,22,185,1,1,1
357,70,186,1,1,4
358,23,186,1,1,0
359,54,187,1,1,5
360,71,187,1,0,24
361,24,187,1,1,2
362,42,187,1,1,0
363,21,188,1,1,5
364,67,189,1,1,2
365,44,189,1,1,2
366,95,189,1,0,18
367,45,190,1,1,0
368,24,191,1,0,14
369,60,191,1,1,3
370,73,192,1,1,0
371,11,192,1,1,5
372,18,193,1,0,9
373,64,194,1,0,8
374,95,195,1,0,17
375,53,195,1,1,5
376,81,195,1,0,22
377,7,195,1,0,20
378,73,196,1,0,26
379,31,196,1,1,4
380,91,197,1,1,0
381,25,197,1,1,2
382,77,198,1,1,3
383,8,199,1,1,3
384,32,200,1,0,16
385,45,200,1,0,15
386,97,201,2,0,11
387,48,201,2,1,-1
388,95,202,2,1,0
389,44,202,2,1,6
390,89,202,2,1,4
391,31,203,2,1,6
392,84,203,2,0,11
393,82,203,2,1,2
394,52,203,2,1,6
395,91,204,2,0,19
396,97,204,2,1,-1
397,24,205,2,1,5
398,39,205,2,1,0
399,82,206,2,1,3
400,5,207,2,1,7
401,100,207,2,1,3
402,54,207,2,1,1
403,6,208,2,1,-2
404,48,209,2,0,8
405,9,209,2,0,7
406,58,210,2,0,19
407,41,211,2,0,16
408,91,212,2,1,2
409,56,213,2,1,6
410,58,213,2,1,1
411,24,213,2,1,3
412,15,214,2,0,20
413,38,214,2,0,16
414,36,215,2,1,4
415,25,216,2,0,15
416,58,217,2,1,0
417,26,218,2,1,5
418,51,219,2,1,1
419,58,219,2,1,5
420,80,220,2,1,2
421,97,221,2,1,4
422,72,221,2,1,4
423,59,222,2,0,21
424,55,222,2,0,13
425,30,222,2,1,7
426,53,222,2,1,3
427,23,223,2,1,5
428,72,223,2,1,2
429,87,224,2,1,4
430,92,224,2,1,1
431,20,225,2,1,0
432,85,225,2,1,4
433,30,226,2,1,0
434,63,226,2,1,5
435,70,227,2,1,-3
436,98,228,2,1,4
437,21,229,2,1,-1
438,33,230,2,1,5
439,19,231,2,1,0
440,23,232,2,1,1
441,15,233,2,1,-1
442,22,234,2,1,4
443,33,235,2,1,7
444,6,235,2,0,27
445,31,236,2,0,11
446,85,237,2,1,4
447,24,237,2,1,-1
448,16,238,2,1,-1
449,46,239,2,1,3
450,69,239,2,0,19
451,62,240,2,0,13
452,32,240,2,1,0
453,38,241,2,1,-1
454,70,241,2,1,-1
455,63,242,2,1,5
456,34,243,2,0,21
457,25,243,2,1,-1
458,52,244,2,1,4
459,21,244,2,0,17
460,97,245,2,1,-1
461,98,246,2,1,0
462,59,247,2,0,12
463,57,247,2,1,0
464,99,248,2,1,4
465,25,248,2,0,19
466,47,248,2,1,5
467,90,249,2,1,3
468,25,250,2,0,9
469,96,251,2,1,5
470,86,251,2,1,1
471,2,252,2,0,12
472,57,252,2,1,4
473,76,252,2,1,-1
474,29,252,2,0,29
475,23,253,2,1,5
476,36,254,2,1,1
477,48,255,2,0,13
478,41,255,2,1,1
479,60,256,2,1,6
480,85,256,2,0,16
481,39,256,2,0,19
482,100,257,2,1,1
483,80,257,2,0,24
484,52,257,2,0,20
485,42,258,2,1,2
486,12,258,2,1,0
487,3,259,2,1,0
488,30,259,2,1,5
489,82,260,2,0,27
490,56,260,2,1,0
491,22,261,2,0,23
492,65,261,2,0,28
493,31,262,2,0,4
494,12,263,2,0,30
495,54,263,2,0,14
496,68,263,2,0,11
497,6,264,2,1,7
498,63,264,2,1,0
499,38,264,2,1,7
500,85,264,2,1,3
501,42,265,2,1,1
502,57,265,2,0,29
503,49,265,2,1,-1
504,81,266,2,1,-3
505,88,267,2,0,7
506,37,268,2,1,7
507,65,268,2,1,3
508,100,268,2,1,5
509,12,269,2,1,6
510,11,269,2,1,4
511,3,270,2,1,5
512,58,270,2,1,4
513,60,270,2,1,0
514,40,271,2,1,1
515,14,272,2,0,23
516,87,272,2,1,1
517,59,273,2,0,8
518,25,274,2,1,1
519,76,275,2,1,-1
520,30,276,2,1,6
521,93,276,2,0,30
522,84,276,2,1,3
523,9,276,2,0,13
524,81,277,2,0,18
525,79,278,2,1,-3
526,43,279,2,1,7
527,15,279,2,1,0
528,16,279,2,1,0
529,55,280,2,1,3
530,8,281,2,1,-2
531,44,281,2,1,3
532,6,282,2,0,20
533,34,282,2,1,3
534,79,282,2,0,26
535,38,282,2,1,7
536,8,283,2,1,0
537,92,283,2,1,3
538,3,283,2,1,-1
539,23,284,2,1,2
540,38,285,2,1,5
541,89,285,2,0,8
542,20,286,2,1,1
543,38,286,2,1,-1
544,81,287,2,0,10
545,68,288,2,0,29
546,55,288,2,0,11
547,79,289,2,0,13
548,85,289,2,1,3
549,99,290,2,1,2
550,9,290,2,0,9
551,97,291,2,0,10
552,3,291,2,0,17
553,67,292,2,1,3
554,85,293,2,1,4
555,39,293,2,0,12
556,64,294,2,0,5
557,18,295,2,1,6
558,68,295,2,0,25
559,62,296,2,1,3
560,56,296,2,1,2
561,10,297,2,1,1
562,15,298,2,1,-1
563,68,299,2,0,8
564,93,299,2,1,5
565,34,300,2,1,-1
566,57,301,2,0,7
567,32,302,2,1,1
568,30,302,2,0,15
569,59,302,2,0,11
570,22,303,2,0,11
571,36,303,2,1,0
572,92,303,2,0,20
573,95,303,2,1,7
574,76,304,2,1,2
575,30,304,2,1,-1
576,47,305,2,0,10
577,29,305,2,0,19
578,52,306,2,0,20
579,40,306,2,1,4
580,17,307,2,1,4
581,35,307,2,0,10
582,43,307,2,1,2
583,29,308,2,1,-1
584,70,309,2,1,3
585,31,310,2,1,7
586,51,310,2,0,19
587,14,310,2,0,30
588,90,311,2,1,1
589,91,312,2,1,5
590,24,313,2,0,27
591,90,313,2,1,2
592,12,313,2,0,29
593,20,314,2,0,11
594,24,314,2,0,26
595,57,314,2,1,7
596,19,314,2,1,4
597,85,315,2,1,2
598,48,316,2,0,11
599,42,316,2,1,7
600,85,317,2,1,-1
601,82,317,2,1,-1
602,12,317,2,0,28
603,12,318,2,1,2
604,14,319,2,0,4
605,74,320,2,1,5
606,45,320,2,1,5
607,24,320,2,1,5
608,21,320,2,1,7
609,83,321,2,0,22
610,47,321,2,1,2
611,53,322,2,1,-1
612,69,323,2,1,4
613,78,324,2,1,-1
614,72,325,2,1,2
615,29,326,2,0,17
616,63,326,2,1,0
617,57,326,2,1,6
618,93,326,2,1,-1
619,5,327,2,1,-1
620,70,327,2,1,3
621,78,328,2,1,4
622,85,328,2,1,1
623,99,329,2,1,0
624,24,330,2,0,20
625,5,331,2,0,6
626,65,331,2,0,16
627,35,332,2,0,8
628,33,333,2,1,5
629,20,333,2,1,1
630,98,334,2,0,10
631,44,335,2,0,8
632,96,335,2,1,2
633,57,336,2,0,19
634,8,337,2,1,5
635,66,337,2,0,29
636,50,338,2,0,15
637,85,339,2,0,11
638,74,339,2,1,-2
639,43,340,2,1,5
640,67,341,2,1,3
641,68,341,2,1,7
642,31,341,2,0,19
643,13,341,2,1,7
644,76,342,2,1,3
645,96,343,2,1,3
646,44,344,2,1,2
647,69,344,2,1,-1
648,84,345,2,0,14
649,89,345,2,1,2
650,20,346,2,1,0
651,87,347,2,0,13
652,52,347,2,0,16
653,99,348,2,1,7
654,48,348,2,0,27
655,71,348,2,0,11
656,65,349,2,1,-2
657,12,349,2,1,4
658,95,350,2,1,0
659,77,351,2,1,5
660,8,352,2,1,1
661,1,353,2,0,10
662,80,353,2,0,23
663,45,353,2,0,15
664,27,354,2,1,7
665,72,354,2,1,4
666,60,355,2,1,4
667,99,356,2,1,2
668,12,357,2,1,-1
669,59,357,2,1,5
670,100,358,2,0,12
671,29,358,2,0,23
672,47,359,2,1,3
673,71,360,2,0,28
674,81,360,2,0,11
675,32,360,2,0,18
676,69,360,2,0,28
677,62,361,2,1,3
678,48,362,2,0,12
679,61,363,2,0,20
680,24,364,2,1,5
681,39,364,2,1,7
682,35,365,2,1,-1
683,94,366,2,1,-1
684,11,366,2,1,4
685,69,367,2,1,7
686,29,367,2,0,23
687,58,367,2,1,5
688,97,367,2,1,3
689,78,368,2,1,-3
690,11,369,2,0,8
691,29,370,2,1,-3
692,86,371,2,1,0
693,70,371,2,1,1
694,50,372,2,1,7
695,43,372,2,1,4
696,75,372,2,0,10
697,30,373,2,1,1
698,37,374,2,1,6
699,77,374,2,1,1
700,30,374,2,0,23
701,40,375,2,0,30
702,56,375,2,1,2
703,68,376,2,1,4
704,22,377,2,1,4
705,58,377,2,0,30
706,22,378,2,0,9
707,52,378,2,1,0
708,94,379,2,0,13
709,45,379,2,0,18
710,3,380,2,1,3
711,26,381,2,1,0
712,92,381,2,1,-2
713,89,382,2,1,2
714,59,383,2,1,5
715,66,383,2,0,14
716,33,384,2,0,18
717,9,384,2,1,5
718,74,385,2,1,4
719,60,385,2,1,3
720,62,386,2,0,7
721,22,386,2,0,16
722,38,387,2,1,5
723,26,387,2,0,20
724,15,387,2,0,23
725,15,388,2,1,7
726,32,388,2,1,2
727,60,389,2,1,0
728,5,390,2,1,4
729,42,391,2,1,2
730,80,391,2,1,4
731,66,391,2,0,24
732,17,391,2,0,24
733,63,392,2,1,4
734,59,392,2,0,15
735,50,393,2,0,11
736,5,393,2,0,13
737,32,394,2,1,-2
738,77,395,2,1,0
739,10,396,2,1,-2
740,70,397,2,1,-3
741,41,398,2,1,-1
742,49,398,2,0,18
743,40,399,2,0,26
744,69,399,2,0,20
745,97,399,2,1,5
746,56,399,2,1,4
747,72,400,2,1,2
748,91,401,3,1,1
749,11,401,3,1,0
750,34,402,3,1,0
751,89,403,3,1,0
752,62,404,3,1,6
753,56,404,3,1,1
754,100,404,3,1,6
755,57,405,3,0,3
756,43,406,3,1,5
757,88,406,3,1,5
758,19,406,3,0,24
759,28,407,3,1,-3
760,31,408,3,1,2
761,3,408,3,1,5
762,51,409,3,1,3
763,99,409,3,1,4
764,100,409,3,1,-1
765,70,410,3,1,2
766,31,410,3,1,-1
767,66,410,3,1,4
768,30,410,3,0,12
769,100,411,3,0,28
770,72,411,3,0,29
771,2,411,3,1,1
772,57,412,3,1,3
773,11,413,3,1,7
774,73,413,3,1,3
775,57,414,3,1,0
776,73,414,3,1,5
777,96,415,3,1,0
778,73,415,3,1,3
779,63,416,3,1,5
780,51,416,3,1,0
781,28,416,3,0,12
782,38,416,3,0,18
783,75,417,3,0,12
784,97,417,3,1,6
785,1,417,3,0,21
786,59,418,3,1,0
787,27,419,3,1,2
788,97,420,3,1,0
789,76,421,3,0,6
790,54,421,3,1,5
791,3,422,3,1,-2
792,97,423,3,1,0
793,65,424,3,1,2
794,84,425,3,1,3
795,86,426,3,1,0
796,23,427,3,1,5
797,45,427,3,0,13
798,26,428,3,1,1
799,37,429,3,1,-1
800,28,429,3,0,12
801,65,430,3,1,-2
802,59,431,3,1,3
803,27,431,3,1,1
804,11,432,3,1,0
805,6,432,3,1,1
806,27,433,3,1,0
807,70,434,3,0,8
808,31,434,3,0,15
809,54,435,3,1,1
810,66,435,3,1,-1
811,42,436,3,1,-1
812,58,436,3,0,19
813,44,437,3,1,-2
814,10,438,3,0,9
815,24,438,3,1,-1
816,100,439,3,0,10
817,6,439,3,0,20
818,1,440,3,0,12
819,6,441,3,0,12
820,37,441,3,1,0
821,97,441,3,1,2
822,6,442,3,0,30
823,43,442,3,0,23
824,79,443,3,1,0
825,26,443,3,1,7
826,4,443,3,0,14
827,60,444,3,0,12
828,100,444,3,1,5
829,55,444,3,0,17
830,42,445,3,1,5
831,11,446,3,1,0
832,31,446,3,1,0
833,4,447,3,1,2
834,94,447,3,1,0
835,34,448,3,1,2
836,72,449,3,1,2
837,18,449,3,1,2
838,89,450,3,1,6
839,7,450,3,1,1
840,72,450,3,1,3
841,87,451,3,1,-2
842,59,451,3,1,-2
843,39,452,3,1,0
844,90,453,3,0,30
845,3,453,3,0,20
846,56,454,3,1,-1
847,16,455,3,1,-1
848,86,455,3,1,7
849,89,456,3,1,2
850,12,456,3,1,2
851,49,457,3,1,1
852,45,458,3,1,2
853,92,459,3,1,1
854,18,459,3,0,14
855,56,460,3,1,-1
856,4,460,3,1,-1
857,94,460,3,1,5
858,57,460,3,1,3
859,33,461,3,1,5
860,93,462,3,1,7
861,34,462,3,1,4
862,63,462,3,1,0
863,11,462,3,1,7
864,65,463,3,0,23
865,16,463,3,1,1
866,39,464,3,1,4
867,29,465,3,1,-1
868,48,465,3,0,8
869,20,466,3,1,5
870,38,466,3,1,-1
871,92,467,3,1,2
872,44,467,3,1,-1
873,65,468,3,1,-1
874,81,468,3,1,4
875,67,469,3,0,12
876,31,470,3,0,7
877,24,471,3,1,0
878,88,471,3,0,14
879,59,471,3,1,-1
880,82,471,3,1,2
881,51,472,3,1,-1
882,89,473,3,1,3
883,98,474,3,1,5
884,15,475,3,0,7
885,59,475,3,1,5
886,24,476,3,1,0
887,61,477,3,1,-3
888,35,478,3,1,0
889,6,479,3,1,-2
890,57,480,3,1,2
891,76,481,3,0,10
892,19,482,3,1,-2
893,100,483,3,1,1
894,78,484,3,0,18
895,77,484,3,0,13
896,34,485,3,1,4
897,90,485,3,1,-2
898,31,486,3,1,-1
899,71,486,3,0,25
900,37,487,3,1,2
901,99,487,3,1,-1
902,92,487,3,0,17
903,99,488,3,0,15
904,30,488,3,1,4
905,92,488,3,0,21
906,2,489,3,0,15
907,17,489,3,1,1
908,58,490,3,0,8
909,93,490,3,1,-1
910,23,491,3,0,20
911,10,491,3,1,2
912,71,492,3,1,3
913,40,492,3,1,0
914,78,493,3,0,19
915,37,493,3,1,-1
916,90,494,3,1,-1
917,48,495,3,1,5
918,96,495,3,0,25
919,37,496,3,1,3
920,93,496,3,1,0
921,58,497,3,1,-1
922,30,498,3,1,2
923,87,499,3,1,3
924,10,500,3,1,0
925,24,500,3,0,14
926,83,500,3,1,0
927,92,500,3,1,4
928,75,501,3,1,3
929,95,502,3,1,0
930,85,502,3,1,-1
931,19,502,3,1,5
932,68,503,3,0,12
933,76,503,3,1,4
934,14,504,3,1,3
935,62,505,3,0,13
936,84,505,3,1,-2
937,66,506,3,1,1
938,89,506,3,0,22
939,38,507,3,1,-3
940,97,508,3,0,17
941,91,509,3,1,4
942,23,510,3,1,-2
943,90,511,3,1,2
944,15,511,3,0,16
945,45,512,3,1,-3
946,49,513,3,1,-2
947,66,514,3,0,10
948,58,515,3,1,1
949,40,515,3,1,2
950,33,516,3,0,18
951,47,516,3,1,7
952,75,516,3,1,4
953,34,516,3,0,22
954,97,517,3,1,2
955,57,517,3,1,-1
956,55,518,3,0,21
957,20,518,3,1,5
958,94,519,3,0,11
959,60,520,3,0,25
960,80,520,3,1,2
961,7,521,3,0,17
962,85,522,3,0,29
963,77,522,3,1,6
964,95,523,3,0,14
965,93,523,3,1,0
966,37,524,3,0,19
967,100,524,3,0,11
968,81,525,3,1,3
969,12,525,3,1,-1
970,79,525,3,1,7
971,83,525,3,1,0
972,3,526,3,0,13
973,53,526,3,1,0
974,73,526,3,1,7
975,67,527,3,0,15
976,39,527,3,1,1
977,8,527,3,1,5
978,85,527,3,1,4
979,11,528,3,1,4
980,100,528,3,1,3
981,61,528,3,1,6
982,53,529,3,0,20
983,94,529,3,1,5
984,84,529,3,1,0
985,3,529,3,1,2
986,90,530,3,1,3
987,1,530,3,1,0
988,42,531,3,1,-2
989,74,532,3,0,9
990,53,533,3,1,6
991,92,533,3,1,0
992,82,533,3,0,10
993,38,533,3,1,6
994,22,534,3,1,3
995,49,535,3,0,11
996,88,536,3,1,3
997,71,536,3,1,-1
998,18,537,3,0,9
999,68,538,3,0,6
1000,33,539,3,1,-2
1001,52,540,3,1,-2
1002,98,541,3,1,-1
1003,17,542,3,0,19
1004,41,542,3,1,2
1005,84,543,3,1,1
1006,13,544,3,0,21
1007,27,544,3,1,3
1008,33,544,3,1,0
1009,51,544,3,0,20
1010,100,545,3,1,3
1011,62,545,3,1,7
1012,39,545,3,0,11
1013,18,545,3,0,29
1014,66,546,3,1,-2
1015,99,547,3,1,4
1016,39,547,3,1,1
1017,18,548,3,0,25
1018,12,548,3,0,21
1019,43,549,3,0,11
1020,27,550,3,1,2
1021,69,551,3,1,-2
1022,78,552,3,1,1
1023,27,552,3,1,2
1024,82,553,3,0,13
1025,10,553,3,0,30
1026,40,553,3,0,29
1027,88,554,3,1,4
1028,25,555,3,0,20
1029,85,555,3,0,28
1030,54,555,3,0,24
1031,71,556,3,1,-1
1032,46,557,3,1,-2
1033,41,558,3,1,1
1034,36,558,3,0,12
1035,81,559,3,1,0
1036,64,560,3,0,9
1037,80,561,3,0,20
1038,28,561,3,0,26
1039,11,562,3,0,9
1040,67,563,3,1,-1
1041,91,564,3,1,-2
1042,9,565,3,0,15
1043,28,566,3,1,5
1044,62,566,3,1,1
1045,86,567,3,1,2
1046,69,567,3,1,1
1047,31,568,3,1,1
1048,73,569,3,1,3
1049,27,569,3,0,29
1050,24,570,3,1,2
1051,96,571,3,0,3
1052,65,572,3,1,5
1053,58,572,3,1,1
1054,59,573,3,0,18
1055,19,573,3,0,14
1056,63,573,3,1,0
1057,95,574,3,0,13
1058,41,574,3,1,1
1059,66,575,3,1,4
1060,93,575,3,1,-2
1061,91,576,3,1,1
1062,65,576,3,1,-1
1063,53,577,3,0,13
1064,9,577,3,0,30
1065,23,577,3,1,3
1066,7,577,3,1,-1
1067,24,578,3,1,2
1068,56,579,3,1,0
1069,70,580,3,1,3
1070,77,581,3,1,-2
1071,59,582,3,1,-1
1072,94,583,3,1,0
1073,5,583,3,1,6
1074,66,583,3,1,5
1075,19,583,3,1,6
1076,48,584,3,1,-2
1077,67,584,3,0,19
1078,26,585,3,0,18
1079,97,586,3,1,-2
1080,26,586,3,0,20
1081,94,587,3,0,11
1082,21,587,3,1,4
1083,78,587,3,1,7
1084,19,587,3,0,28
1085,42,588,3,1,2
1086,79,589,3,1,6
1087,14,589,3,1,5
1088,95,589,3,1,7
1089,65,589,3,0,29
1090,47,590,3,1,5
1091,85,591,3,0,11
1092,31,591,3,1,7
1093,36,591,3,0,22
1094,4,591,3,0,12
1095,60,592,3,1,5
1096,30,593,3,1,-2
1097,33,594,3,1,0
1098,51,594,3,0,29
1099,69,595,3,0,13
1100,82,595,3,0,11
1101,77,596,3,1,4
1102,82,596,3,0,13
1103,13,596,3,1,2
1104,71,596,3,1,4
1105,97,597,3,0,17
1106,18,597,3,1,0
1107,65,598,3,1,4
1108,27,599,3,1,-2
1109,59,600,3,0,16
1110,31,600,3,1,0
1111,62,601,4,1,2
1112,53,602,4,1,0
1113,74,602,4,0,6
1114,5,603,4,1,7
1115,84,603,4,0,15
1116,53,603,4,0,15
1117,96,604,4,1,3
1118,32,604,4,1,4
1119,56,605,4,1,1
1120,91,606,4,0,14
1121,93,606,4,1,7
1122,16,607,4,0,17
1123,71,608,4,1,-2
1124,45,609,4,1,3
1125,83,610,4,1,2
1126,61,611,4,0,11
1127,28,612,4,1,5
1128,45,612,4,0,16
1129,38,613,4,1,3
1130,67,614,4,1,-1
1131,65,614,4,1,0
1132,5,615,4,1,0
1133,12,616,4,1,2
1134,22,616,4,1,-2
1135,37,617,4,1,1
1136,30,618,4,1,-2
1137,78,619,4,1,5
1138,65,619,4,1,4
1139,64,619,4,0,11
1140,4,620,4,1,1
1141,73,621,4,1,3
1142,97,621,4,1,1
1143,93,622,4,1,1
1144,98,622,4,0,13
1145,72,622,4,1,5
1146,54,622,4,1,3
1147,20,623,4,1,1
1148,57,623,4,1,4
1149,64,624,4,0,10
1150,44,624,4,1,3
1151,17,625,4,0,8
1152,76,626,4,1,4
1153,4,626,4,1,2
1154,48,626,4,0,20
1155,44,627,4,1,7
1156,52,627,4,0,30
1157,4,628,4,1,0
1158,100,629,4,1,-1
1159,81,629,4,0,20
1160,77,630,4,1,2
1161,80,631,4,1,1
1162,58,632,4,0,16
1163,46,632,4,1,0
1164,70,632,4,0,15
1165,3,632,4,0,27
1166,8,633,4,0,6
1167,64,634,4,1,7
1168,78,634,4,0,23
1169,16,634,4,1,0
1170,38,635,4,1,-1
1171,99,635,4,1,3
1172,71,635,4,1,2
1173,90,636,4,1,3
1174,99,636,4,1,-1
1175,29,637,4,1,0
1176,25,637,4,1,7
1177,52,637,4,1,3
1178,43,638,4,1,0
1179,50,639,4,1,0
1180,34,640,4,1,2
1181,88,640,4,1,0
1182,47,641,4,1,3
1183,26,642,4,1,-1
1184,89,642,4,1,5
1185,3,642,4,1,0
1186,72,642,4,1,4
1187,89,643,4,1,1
1188,83,643,4,1,3
1189,43,644,4,0,5
1190,45,645,4,0,14
1191,24,645,4,1,-1
1192,45,646,4,1,-3
1193,81,647,4,1,-1
1194,31,648,4,1,0
1195,44,648,4,0,16
1196,70,649,4,1,1
1197,95,649,4,0,21
1198,46,650,4,1,-2
1199,56,651,4,1,5
1200,44,651,4,1,4
1201,59,652,4,0,13
1202,38,653,4,1,-1
1203,93,654,4,1,1
1204,57,654,4,0,16
1205,5,655,4,0,4
1206,69,656,4,0,19
1207,57,656,4,0,12
1208,84,657,4,1,5
1209,2,657,4,1,0
1210,73,658,4,1,3
1211,41,659,4,0,5
1212,5,660,4,1,-2
1213,67,661,4,0,8
1214,57,661,4,1,0
1215,40,662,4,1,0
1216,74,663,4,1,5
1217,56,663,4,1,2
1218,18,664,4,1,3
1219,91,665,4,0,6
1220,66,666,4,1,3
1221,38,666,4,0,28
1222,1,666,4,1,5
1223,64,666,4,1,0
1224,45,667,4,1,-2
1225,5,668,4,1,3
1226,43,669,4,1,-2
1227,22,670,4,0,16
1228,25,670,4,1,1
1229,7,670,4,1,0
1230,65,671,4,1,5
1231,52,671,4,1,0
1232,25,672,4,0,28
1233,3,672,4,1,7
1234,51,672,4,1,1
1235,39,673,4,0,22
1236,25,673,4,1,-1
1237,47,674,4,0,25
1238,65,674,4,0,15
1239,87,674,4,1,5
1240,44,674,4,1,1
1241,100,675,4,1,5
1242,37,675,4,1,-1
1243,77,676,4,1,7
1244,14,676,4,0,23
1245,56,677,4,0,27
1246,5,677,4,1,0
1247,89,677,4,1,1
1248,53,677,4,0,27
1249,71,678,4,1,-1
1250,37,678,4,0,23
1251,100,678,4,1,6
1252,77,678,4,1,5
1253,60,679,4,0,19
1254,39,680,4,1,-2
1255,50,681,4,1,7
1256,81,681,4,0,16
1257,50,682,4,1,-1
1258,86,683,4,1,0
1259,44,683,4,1,3
1260,62,683,4,1,7
1261,17,684,4,1,-1
1262,13,685,4,0,14
1263,80,685,4,0,13
1264,85,686,4,1,2
1265,15,687,4,0,9
1266,72,688,4,0,13
1267,32,688,4,1,0
1268,3,689,4,0,29
1269,58,689,4,0,11
1270,4,690,4,0,3
1271,80,691,4,0,7
1272,39,691,4,1,1
1273,93,692,4,1,4
1274,45,693,4,0,15
1275,68,693,4,0,24
1276,54,693,4,1,7
1277,3,694,4,1,2
1278,93,694,4,1,-1
1279,61,695,4,0,7
1280,52,696,4,1,0
1281,70,696,4,1,7
1282,79,696,4,1,7
1283,18,696,4,0,21
1284,59,697,4,0,24
1285,43,697,4,0,28
1286,24,698,4,1,-1
1287,54,699,4,1,7
1288,19,699,4,0,28
1289,79,699,4,1,6
1290,85,700,4,1,5
1291,38,700,4,1,-2
1292,53,701,4,1,1
1293,11,702,4,1,-1
1294,16,703,4,1,3
1295,41,703,4,1,4
1296,64,703,4,1,1
1297,8,704,4,0,10
1298,50,705,4,0,9
1299,43,706,4,1,2
1300,48,706,4,0,29
1301,75,706,4,1,0
1302,55,707,4,0,13
1303,50,708,4,1,5
1304,4,708,4,1,3
1305,95,709,4,0,19
1306,40,710,4,1,2
1307,72,711,4,0,23
1308,96,711,4,1,7
1309,24,712,4,0,24
1310,85,712,4,0,26
1311,13,713,4,1,1
1312,58,714,4,1,-1
1313,93,715,4,1,1
1314,97,716,4,1,1
1315,93,716,4,0,16
1316,61,717,4,1,4
1317,45,718,4,1,-2
1318,13,719,4,0,18
1319,49,719,4,1,4
1320,43,720,4,0,13
1321,60,720,4,0,8
1322,52,721,4,0,16
1323,20,722,4,1,-2
1324,42,722,4,1,0
1325,24,723,4,1,0
1326,65,724,4,1,2
1327,56,725,4,0,20
1328,54,726,4,1,1
1329,65,726,4,1,0
1330,60,727,4,1,5
1331,69,727,4,1,4
1332,25,728,4,1,-2
1333,47,729,4,1,4
1334,89,729,4,0,7
1335,55,730,4,1,-1
1336,45,731,4,1,4
1337,56,732,4,1,3
1338,30,733,4,0,14
1339,79,733,4,0,18
1340,66,733,4,0,12
1341,23,733,4,1,5
1342,21,734,4,1,0
1343,5,735,4,0,7
1344,79,735,4,1,0
1345,85,736,4,1,1
1346,45,737,4,1,0
1347,33,738,4,1,-3
1348,61,739,4,0,27
1349,48,739,4,0,27
1350,74,739,4,0,27
1351,91,740,4,0,28
1352,100,740,4,1,7
1353,70,741,4,0,18
1354,42,742,4,1,0
1355,47,743,4,1,0
1356,39,744,4,1,5
1357,100,745,4,1,2
1358,4,745,4,1,-2
1359,25,746,4,1,1
1360,68,746,4,1,4
1361,11,747,4,0,14
1362,50,747,4,1,2
1363,47,748,4,0,12
1364,6,749,4,1,6
1365,23,749,4,1,3
1366,76,750,4,0,10
1367,48,750,4,1,0
1368,23,750,4,1,1
1369,18,751,4,0,6
1370,2,752,4,1,6
1371,32,752,4,0,24
1372,3,753,4,1,3
1373,15,753,4,0,12
1374,35,753,4,1,1
1375,55,754,4,0,13
1376,49,754,4,0,17
1377,96,755,4,1,-2
1378,46,756,4,1,2
1379,13,756,4,1,3
1380,23,757,4,1,6
1381,28,757,4,0,16
1382,34,757,4,1,-1
1383,82,757,4,0,16
1384,33,758,4,1,2
1385,70,758,4,1,4
1386,4,759,4,1,4
1387,14,759,4,1,2
1388,58,759,4,1,0
1389,1,759,4,0,20
1390,99,760,4,0,13
1391,95,760,4,1,2
1392,5,760,4,1,7
1393,4,760,4,0,21
1394,36,761,4,0,11
1395,7,761,4,0,10
1396,78,762,4,1,0
1397,48,763,4,1,3
1398,41,763,4,1,5
1399,66,764,4,0,14
1400,80,765,4,1,2
1401,70,766,4,0,17
1402,38,766,4,1,-2
1403,56,767,4,1,-1
1404,95,767,4,0,14
1405,7,768,4,0,8
1406,65,768,4,1,3
1407,4,769,4,1,1
1408,20,769,4,1,-1
1409,50,769,4,1,6
1410,3,770,4,1,6
1411,100,770,4,1,3
1412,43,771,4,1,2
1413,42,771,4,0,12
1414,28,772,4,0,21
1415,78,772,4,1,-1
1416,51,772,4,0,18
1417,48,773,4,1,7
1418,68,773,4,1,2
1419,16,773,4,1,2
1420,28,774,4,0,8
1421,7,775,4,0,15
1422,48,775,4,1,5
1423,17,776,4,0,26
1424,27,776,4,1,1
1425,67,776,4,0,29
1426,54,777,4,1,3
1427,65,778,4,1,7
1428,100,778,4,1,7
1429,53,778,4,0,18
1430,48,778,4,1,6
1431,64,779,4,0,26
1432,28,779,4,1,3
1433,97,779,4,1,2
1434,3,780,4,0,17
1435,90,781,4,1,6
1436,37,781,4,1,1
1437,45,781,4,1,2
1438,46,781,4,1,3
1439,15,782,4,1,-2
1440,69,783,4,1,-1
1441,77,783,4,0,10
1442,3,784,4,1,0
1443,16,785,4,1,3
1444,86,786,4,0,13
1445,27,786,4,0,17
1446,30,787,4,0,3
1447,27,788,4,0,11
1448,14,788,4,1,0
1449,66,789,4,1,-2
1450,28,790,4,1,7
1451,60,790,4,1,5
1452,45,791,4,1,-2
1453,74,792,4,1,4
1454,5,793,4,1,0
1455,51,794,4,1,2
1456,54,794,4,1,7
1457,46,794,4,1,0
1458,37,794,4,1,5
1459,83,795,4,1,5
1460,17,795,4,1,2
1461,55,796,4,1,2
1462,54,797,4,0,18
1463,70,798,4,1,-3
1464,32,799,4,1,-1
1465,13,799,4,1,1
1466,23,799,4,0,19
1467,29,799,4,1,0
1468,11,800,4,1,-1
1469,8,801,5,1,2
1470,26,802,5,0,22
1471,96,802,5,1,7
1472,39,802,5,1,1
1473,11,803,5,1,2
1474,5,804,5,1,4
1475,9,804,5,0,16
1476,59,805,5,1,3
1477,63,806,5,1,4
1478,58,807,5,0,7
1479,74,808,5,1,1
1480,93,808,5,1,5
1481,8,809,5,1,-3
1482,80,810,5,1,1
1483,52,810,5,1,4
1484,47,811,5,0,14
1485,6,812,5,1,-1
1486,41,812,5,0,18
1487,49,813,5,1,0
1488,75,814,5,0,30
1489,31,814,5,0,23
1490,95,814,5,1,1
1491,66,815,5,1,5
1492,44,816,5,1,1
1493,34,816,5,1,7
1494,13,816,5,0,23
1495,98,817,5,0,20
1496,2,817,5,1,-1
1497,91,818,5,1,0
1498,52,818,5,1,3
1499,33,819,5,1,2
1500,34,819,5,1,1
1501,6,820,5,1,2
1502,57,821,5,1,-2
1503,54,821,5,1,5
1504,57,822,5,1,3
1505,40,823,5,1,0
1506,81,824,5,1,-2
1507,88,825,5,1,1
1508,32,825,5,0,24
1509,10,825,5,0,25
1510,27,825,5,0,24
1511,66,826,5,0,19
1512,40,826,5,1,3
1513,90,827,5,1,-2
1514,70,828,5,0,26
1515,51,828,5,0,11
1516,3,828,5,0,26
1517,91,829,5,0,19
1518,40,829,5,1,5
1519,90,829,5,1,-1
1520,75,829,5,0,14
1521,32,830,5,0,4
1522,47,831,5,0,17
1523,74,831,5,0,12
1524,70,832,5,1,1
1525,15,833,5,1,0
1526,52,833,5,1,6
1527,8,833,5,1,0
1528,20,833,5,1,5
1529,96,834,5,1,4
1530,93,834,5,1,0
1531,51,835,5,1,0
1532,62,835,5,1,-2
1533,48,836,5,0,13
1534,37,836,5,0,16
1535,70,836,5,1,3
1536,3,837,5,1,0
1537,4,838,5,1,6
1538,77,838,5,0,24
1539,56,838,5,1,-1
1540,82,839,5,0,16
1541,95,839,5,1,1
1542,54,840,5,1,-2
1543,10,841,5,0,7
1544,75,842,5,0,15
1545,96,842,5,1,7
1546,90,843,5,0,12
1547,16,843,5,0,20
1548,20,844,5,1,4
1549,31,845,5,1,2
1550,34,845,5,1,4
1551,39,846,5,0,12
1552,5,847,5,1,2
1553,7,848,5,0,18
1554,26,848,5,0,10
1555,83,849,5,1,1
1556,14,849,5,1,6
1557,51,849,5,1,6
1558,6,850,5,1,-1
1559,57,850,5,1,6
1560,68,850,5,0,13
1561,98,851,5,1,4
1562,53,851,5,0,30
1563,26,851,5,1,2
1564,95,852,5,1,-1
1565,19,852,5,1,4
1566,5,852,5,1,-1
1567,73,853,5,1,3
1568,31,854,5,0,30
1569,82,854,5,1,1
1570,69,855,5,0,23
1571,80,855,5,0,11
1572,52,855,5,1,3
1573,11,856,5,1,3
1574,82,856,5,1,3
1575,3,857,5,0,11
1576,95,858,5,0,19
1577,57,858,5,1,4
1578,85,858,5,0,18
1579,58,858,5,1,6
1580,10,859,5,1,4
1581,73,859,5,0,16
1582,98,859,5,0,24
1583,34,859,5,1,6
1584,33,860,5,1,4
1585,70,860,5,1,0
1586,99,860,5,1,7
1587,74,860,5,0,14
1588,18,861,5,1,-1
1589,84,862,5,0,15
1590,86,863,5,1,-3
1591,72,864,5,1,3
1592,69,864,5,0,16
1593,80,865,5,1,3
1594,64,866,5,1,-1
1595,17,866,5,1,-1
1596,44,867,5,1,-1
1597,87,868,5,1,1
1598,67,869,5,1,5
1599,2,870,5,1,-2
1600,11,871,5,1,0
1601,89,872,5,0,21
1602,58,872,5,1,2
1603,66,872,5,0,27
1604,16,873,5,1,3
1605,52,874,5,1,6
1606,70,874,5,1,6
1607,88,874,5,1,2
1608,54,875,5,0,7
1609,77,876,5,1,6
1610,36,876,5,0,12
1611,29,876,5,1,4
1612,55,876,5,1,1
1613,71,877,5,0,14
1614,50,878,5,1,0
1615,42,878,5,0,27
1616,22,879,5,1,1
1617,82,880,5,0,9
1618,44,881,5,1,4
1619,94,882,5,1,0
1620,59,882,5,0,28
1621,12,882,5,0,13
1622,49,882,5,0,24
1623,27,883,5,1,5
1624,23,883,5,1,0
1625,55,884,5,0,11
1626,80,884,5,1,1
1627,22,884,5,0,30
1628,71,885,5,1,2
1629,58,885,5,1,5
1630,32,886,5,1,3
1631,66,886,5,0,23
1632,82,887,5,0,26
1633,96,887,5,1,1
1634,18,887,5,0,11
1635,82,888,5,0,21
1636,5,888,5,1,3
1637,32,889,5,1,5
1638,17,889,5,0,16
1639,64,889,5,0,25
1640,48,889,5,1,7
1641,84,890,5,0,8
1642,72,891,5,1,-1
1643,21,891,5,1,6
1644,96,892,5,1,6
1645,22,892,5,0,29
1646,23,892,5,0,29
1647,3,893,5,0,13
1648,1,894,5,1,6
1649,27,894,5,1,2
1650,61,895,5,1,-1
1651,83,895,5,1,4
1652,19,895,5,1,6
1653,7,896,5,1,3
1654,28,896,5,0,12
1655,80,896,5,1,0
1656,62,896,5,1,0
1657,80,897,5,0,20
1658,89,897,5,1,-2
1659,5,898,5,0,19
1660,99,898,5,1,-1
1661,48,898,5,0,29
1662,48,899,5,0,12
1663,24,900,5,0,19
1664,15,900,5,0,29
1665,2,901,5,1,-2
1666,72,902,5,1,2
1667,61,902,5,1,2
1668,19,903,5,1,0
1669,73,904,5,1,1
1670,37,904,5,1,-2
1671,17,905,5,1,0
1672,64,906,5,0,9
1673,51,907,5,1,0
1674,5,908,5,0,6
1675,52,908,5,1,-1
1676,18,909,5,1,0
1677,63,910,5,1,3
1678,32,911,5,1,5
1679,13,911,5,1,6
1680,60,911,5,1,4
1681,41,911,5,0,11
1682,40,912,5,1,4
1683,24,913,5,0,7
1684,16,914,5,1,4
1685,31,915,5,0,26
1686,44,915,5,1,1
1687,32,915,5,1,-1
1688,53,916,5,1,-1
1689,1,916,5,0,11
1690,43,917,5,1,-2
1691,22,918,5,1,1
1692,25,919,5,1,1
1693,38,919,5,0,15
1694,21,919,5,1,6
1695,71,919,5,0,12
1696,91,920,5,0,20
1697,16,920,5,1,0
1698,35,920,5,1,-1
1699,69,921,5,0,18
1700,11,921,5,1,0
1701,91,922,5,1,0
1702,14,923,5,1,-1
1703,6,923,5,1,2
1704,31,924,5,1,2
1705,5,925,5,0,6
1706,99,925,5,0,16
1707,38,926,5,1,-1
1708,71,926,5,1,6
1709,64,927,5,0,18
1710,4,928,5,0,19
1711,3,928,5,1,-1
1712,92,929,5,1,0
1713,25,929,5,1,4
1714,64,929,5,1,6
1715,98,930,5,0,12
1716,80,930,5,0,10
1717,39,931,5,1,2
1718,65,932,5,1,2
1719,43,933,5,1,-2
1720,46,934,5,1,0
1721,43,935,5,1,6
1722,100,935,5,0,10
1723,5,936,5,1,0
1724,42,936,5,1,7
1725,11,937,5,0,12
1726,67,937,5,1,1
1727,23,937,5,1,-1
1728,78,938,5,1,0
1729,55,939,5,0,19
1730,59,940,5,1,-2
1731,31,941,5,1,0
1732,78,941,5,0,23
1733,51,941,5,1,5
1734,50,941,5,1,7
1735,55,942,5,1,1
1736,42,942,5,1,0
1737,73,943,5,1,1
1738,4,943,5,0,28
1739,75,944,5,1,1
1740,83,944,5,1,6
1741,1,945,5,0,17
1742,82,946,5,0,14
1743,15,946,5,1,3
1744,69,946,5,1,5
1745,24,947,5,0,15
1746,2,948,5,0,16
1747,47,949,5,0,13
1748,66,949,5,1,7
1749,85,949,5,1,6
1750,25,949,5,1,2
1751,81,950,5,1,6
1752,76,950,5,0,15
1753,29,951,5,1,4
1754,61,951,5,1,6
1755,19,951,5,1,-1
1756,24,952,5,1,-1
1757,42,952,5,1,1
1758,91,953,5,1,3
1759,48,953,5,1,-1
1760,62,954,5,0,22
1761,72,954,5,0,12
1762,74,955,5,0,8
1763,11,956,5,0,5
1764,68,957,5,1,3
1765,27,958,5,1,6
1766,21,958,5,0,15
1767,16,958,5,0,17
1768,5,958,5,1,1
1769,100,959,5,0,12
1770,91,959,5,1,7
1771,24,959,5,0,16
1772,94,959,5,0,24
1773,60,960,5,1,2
1774,53,961,5,1,0
1775,90,961,5,0,20
1776,95,962,5,1,7
1777,10,962,5,1,7
1778,77,963,5,1,6
1779,62,963,5,1,7
1780,34,964,5,0,9
1781,52,965,5,0,7
1782,3,965,5,1,2
1783,38,966,5,1,1
1784,61,967,5,1,0
1785,51,968,5,0,8
1786,73,969,5,1,-1
1787,92,969,5,1,3
1788,47,970,5,1,2
1789,35,970,5,0,12
1790,16,970,5,0,20
1791,14,971,5,1,0
1792,87,971,5,1,6
1793,35,971,5,0,21
1794,10,972,5,1,2
1795,64,973,5,1,3
1796,19,974,5,1,1
1797,52,975,5,0,14
1798,67,975,5,1,2
1799,58,976,5,1,-1
1800,8,977,5,0,21
1801,65,977,5,1,0
1802,80,977,5,1,6
1803,60,978,5,0,12
1804,24,978,5,1,3
1805,34,979,5,1,1
1806,95,980,5,0,14
1807,45,980,5,0,13
1808,22,981,5,1,0
1809,48,981,5,1,2
1810,38,982,5,0,25
1811,14,982,5,0,26
1812,48,982,5,0,24
1813,59,982,5,0,28
1814,58,983,5,1,6
1815,40,983,5,1,3
1816,5,984,5,0,27
1817,56,984,5,1,1
1818,74,984,5,0,14
1819,24,984,5,1,0
1820,66,985,5,1,2
1821,9,986,5,1,4
1822,67,986,5,1,6
1823,24,987,5,1,4
1824,48,987,5,0,18
1825,72,988,5,1,7
1826,48,988,5,0,20
1827,18,989,5,0,18
1828,88,989,5,0,15
1829,60,990,5,0,11
1830,46,990,5,0,17
1831,74,991,5,1,2
1832,3,992,5,1,0
1833,14,992,5,1,2
1834,75,992,5,0,17
1835,37,993,5,1,5
1836,27,993,5,1,-1
1837,60,994,5,1,4
1838,76,994,5,1,5
1839,93,994,5,1,4
1840,79,994,5,1,4
1841,54,995,5,0,11
1842,20,996,5,0,10
1843,29,997,5,1,0
1844,46,998,5,1,4
1845,65,999,5,1,0
1846,55,999,5,1,5
1847,39,1000,5,0,15
1848,14,1000,5,0,7
1849,47,1001,6,1,6
1850,97,1001,6,0,14
1851,64,1002,6,1,5
1852,3,1003,6,0,12
1853,85,1004,6,1,-1
1854,72,1004,6,1,3
1855,53,1005,6,0,20
1856,72,1005,6,1,0
1857,13,1006,6,1,-1
1858,1,1007,6,0,11
1859,92,1007,6,0,15
1860,95,1008,6,1,-1
1861,67,1009,6,1,-1
1862,7,1009,6,1,6
1863,22,1010,6,1,4
1864,24,1010,6,1,3
1865,10,1011,6,1,2
1866,85,1012,6,1,3
1867,23,1013,6,1,1
1868,35,1014,6,1,4
1869,79,1014,6,1,4
1870,71,1014,6,0,10
1871,51,1014,6,1,3
1872,42,1015,6,1,0
1873,38,1016,6,1,1
1874,13,1017,6,0,19
1875,39,1017,6,0,14
1876,57,1018,6,1,1
1877,83,1018,6,1,6
1878,82,1018,6,1,4
1879,22,1019,6,0,20
1880,99,1019,6,1,3
1881,79,1020,6,1,0
1882,67,1021,6,1,4
1883,44,1021,6,1,-1
1884,54,1022,6,0,6
1885,18,1023,6,1,-2
1886,75,1024,6,1,2
1887,33,1025,6,0,4
1888,98,1026,6,1,3
1889,88,1026,6,0,21
1890,68,1026,6,1,7
1891,20,1026,6,1,2
1892,19,1027,6,1,1
1893,71,1027,6,0,10
1894,70,1028,6,1,-1
1895,82,1029,6,1,0
1896,70,1029,6,1,4
1897,99,1029,6,0,23
1898,39,1029,6,1,2
1899,90,1030,6,1,-1
1900,21,1031,6,1,3
1901,13,1032,6,1,-1
1902,11,1032,6,1,5
1903,18,1033,6,1,3
1904,22,1034,6,1,-1
1905,17,1035,6,0,21
1906,76,1035,6,1,6
1907,83,1035,6,0,22
1908,66,1035,6,0,12
1909,31,1036,6,0,7
1910,79,1037,6,1,1
1911,38,1037,6,1,4
1912,55,1038,6,1,3
1913,20,1038,6,0,30
1914,78,1039,6,1,1
1915,35,1039,6,0,13
1916,89,1039,6,1,6
1917,96,1039,6,0,30
1918,2,1040,6,1,1
1919,60,1040,6,1,4
1920,73,1040,6,1,0
1921,30,1040,6,0,26
1922,73,1041,6,1,-2
1923,76,1042,6,0,14
1924,84,1043,6,0,11
1925,48,1043,6,0,13
1926,48,1044,6,1,5
1927,6,1045,6,0,18
1928,17,1046,6,1,0
1929,3,1047,6,1,3
1930,11,1048,6,0,16
1931,80,1049,6,1,1
1932,31,1050,6,1,4
1933,12,1050,6,0,11
1934,18,1051,6,1,-1
1935,36,1051,6,1,4
1936,56,1051,6,1,5
1937,2,1051,6,1,4
1938,25,1052,6,1,-2
1939,4,1053,6,0,12
1940,91,1053,6,0,13
1941,52,1054,6,1,-1
1942,3,1055,6,1,0
1943,86,1056,6,0,15
1944,95,1056,6,1,3
1945,60,1057,6,0,18
1946,13,1058,6,0,20
1947,27,1058,6,1,3
1948,77,1058,6,1,5
1949,8,1059,6,1,3
1950,7,1060,6,1,-2
1951,5,1061,6,1,2
1952,99,1061,6,0,12
1953,57,1062,6,1,1
1954,19,1063,6,1,5
1955,70,1064,6,1,3
1956,12,1064,6,1,7
1957,62,1064,6,1,5
1958,14,1065,6,0,10
1959,12,1066,6,1,0
1960,76,1066,6,1,1
1961,61,1067,6,0,29
1962,87,1067,6,0,23
1963,56,1067,6,0,30
1964,27,1068,6,1,1
1965,13,1069,6,1,4
1966,61,1070,6,1,1
1967,41,1071,6,1,1
1968,47,1071,6,1,-1
1969,2,1072,6,0,10
1970,8,1073,6,1,-2
1971,97,1074,6,1,2
1972,6,1075,6,1,5
1973,84,1075,6,0,6
1974,83,1076,6,1,1
1975,11,1077,6,1,0
1976,89,1077,6,1,1
1977,51,1078,6,1,7
1978,42,1078,6,1,0
1979,96,1079,6,0,11
1980,66,1080,6,0,6
1981,84,1081,6,1,-3
1982,92,1082,6,1,-1
1983,94,1082,6,1,4
1984,19,1083,6,1,1
1985,82,1083,6,0,20
1986,22,1084,6,0,29
1987,74,1084,6,1,-1
1988,58,1084,6,0,17
1989,48,1084,6,1,5
1990,90,1085,6,0,13
1991,56,1085,6,0,17
1992,12,1086,6,1,0
1993,87,1086,6,0,17
1994,13,1086,6,1,1
1995,96,1086,6,0,30
1996,49,1087,6,0,18
1997,10,1088,6,1,3
1998,40,1089,6,1,2
1999,68,1090,6,0,15
2000,45,1090,6,0,26
2001,76,1090,6,1,5
2002,91,1091,6,1,2
2003,55,1092,6,1,0
2004,75,1093,6,1,2
2005,51,1093,6,1,-1
2006,85,1094,6,0,18
2007,63,1095,6,0,18
2008,75,1095,6,0,13
2009,70,1096,6,1,3
2010,14,1096,6,1,5
2011,64,1096,6,1,5
2012,87,1097,6,0,12
2013,88,1098,6,0,30
2014,82,1098,6,1,0
2015,41,1099,6,1,4
2016,38,1099,6,0,15
2017,13,1100,6,1,0
2018,77,1100,6,1,7
2019,81,1101,6,1,5
2020,57,1102,6,1,2
2021,76,1103,6,0,29
2022,21,1103,6,1,3
2023,40,1104,6,1,-2
2024,37,1104,6,1,2
2025,37,1105,6,1,5
2026,33,1106,6,0,17
2027,9,1107,6,1,4
2028,29,1108,6,1,-3
2029,11,1109,6,1,-1
2030,85,1109,6,1,7
2031,97,1109,6,1,3
2032,96,1110,6,0,5
2033,8,1111,6,1,5
2034,16,1111,6,0,20
2035,17,1112,6,1,4
2036,21,1113,6,1,0
2037,93,1114,6,0,18
2038,61,1114,6,1,3
2039,78,1114,6,1,5
2040,3,1115,6,0,8
2041,100,1115,6,0,20
2042,75,1116,6,1,-1
2043,24,1116,6,1,1
2044,68,1116,6,1,5
2045,71,1117,6,0,27
2046,76,1117,6,1,6
2047,68,1118,6,1,2
2048,2,1118,6,0,15
2049,48,1119,6,0,16
2050,61,1119,6,0,15
2051,100,1120,6,1,3
2052,26,1121,6,0,16
2053,31,1121,6,1,3
2054,2,1122,6,1,2
2055,20,1123,6,0,7
2056,33,1124,6,1,3
2057,12,1124,6,1,-1
2058,64,1124,6,1,-1
2059,29,1124,6,0,24
2060,45,1125,6,0,18
2061,80,1126,6,1,3
2062,18,1126,6,1,-1
2063,82,1127,6,1,-3
2064,68,1128,6,1,0
2065,96,1128,6,1,2
2066,55,1129,6,0,30
2067,61,1129,6,1,3
2068,94,1130,6,1,2
2069,56,1131,6,1,3
2070,25,1131,6,1,5
2071,97,1132,6,1,-1
2072,65,1133,6,1,0
2073,35,1133,6,1,4
2074,31,1134,6,0,16
2075,62,1135,6,1,5
2076,26,1136,6,1,-1
2077,13,1136,6,1,5
2078,47,1137,6,0,7
2079,6,1138,6,1,-1
2080,63,1138,6,1,-1
2081,83,1139,6,1,4
2082,92,1139,6,1,0
2083,45,1139,6,1,-1
2084,49,1140,6,1,5
2085,77,1140,6,1,5
2086,86,1141,6,1,1
2087,52,1142,6,0,11
2088,97,1142,6,1,0
2089,7,1143,6,1,0
2090,97,1143,6,0,10
2091,1,1144,6,1,-2
2092,72,1145,6,0,17
2093,64,1145,6,0,13
2094,79,1146,6,1,5
2095,56,1146,6,1,0
2096,81,1147,6,1,-3
2097,35,1148,6,1,2
2098,40,1148,6,0,30
2099,5,1148,6,1,7
2100,99,1148,6,1,3
2101,68,1149,6,1,0
2102,21,1149,6,0,13
2103,25,1150,6,1,1
2104,78,1150,6,1,4
2105,4,1151,6,1,4
2106,67,1152,6,1,6
2107,45,1152,6,1,7
2108,17,1152,6,0,29
2109,4,1152,6,0,25
2110,11,1153,6,1,3
2111,57,1154,6,1,-1
2112,32,1154,6,1,3
2113,90,1155,6,1,-2
2114,27,1156,6,1,1
2115,77,1157,6,1,2
2116,71,1158,6,1,3
2117,39,1159,6,0,12
2118,87,1159,6,0,19
2119,48,1160,6,1,0
2120,9,1160,6,0,10
2121,7,1161,6,1,6
2122,76,1161,6,1,5
2123,25,1161,6,0,25
2124,67,1162,6,1,-3
2125,98,1163,6,1,-1
2126,23,1164,6,1,-2
2127,69,1165,6,1,1
2128,14,1165,6,1,3
2129,64,1166,6,0,26
2130,63,1166,6,0,13
2131,36,1166,6,0,24
2132,83,1166,6,0,13
2133,40,1167,6,0,26
2134,93,1167,6,1,0
2135,62,1167,6,0,21
2136,15,1167,6,1,3
2137,50,1168,6,1,4
2138,99,1168,6,1,1
2139,72,1168,6,1,2
2140,16,1169,6,0,9
2141,100,1170,6,1,2
2142,61,1170,6,1,4
2143,33,1171,6,1,4
2144,34,1172,6,1,7
2145,97,1172,6,1,4
2146,83,1172,6,0,24
2147,79,1172,6,1,-1
2148,45,1173,6,1,-3
2149,48,1174,6,1,-1
2150,97,1174,6,1,-1
2151,47,1175,6,1,2
2152,86,1175,6,1,2
2153,20,1176,6,0,29
2154,24,1176,6,0,22
2155,81,1176,6,0,16
2156,26,1177,6,1,3
2157,25,1177,6,0,18
2158,38,1178,6,1,3
2159,68,1178,6,1,0
2160,45,1179,6,1,-2
2161,15,1180,6,1,1
2162,56,1181,6,0,27
2163,18,1181,6,1,2
2164,20,1182,6,1,-2
2165,35,1182,6,0,10
2166,8,1183,6,0,7
2167,18,1183,6,1,-2
2168,99,1184,6,0,30
2169,75,1184,6,0,29
2170,97,1184,6,1,3
2171,97,1185,6,1,2
2172,39,1186,6,1,0
2173,79,1187,6,1,-1
2174,81,1188,6,1,0
2175,74,1188,6,1,4
2176,11,1189,6,1,5
2177,12,1190,6,1,4
2178,45,1191,6,1,5
2179,31,1191,6,0,25
2180,14,1191,6,1,5
2181,22,1192,6,1,0
2182,21,1192,6,0,14
2183,52,1193,6,0,21
2184,84,1193,6,0,13
2185,29,1193,6,0,23
2186,62,1193,6,1,4
2187,18,1194,6,0,19
2188,72,1194,6,1,-1
2189,13,1194,6,0,14
2190,40,1195,6,1,-1
2191,89,1196,6,1,3
2192,3,1197,6,1,-2
2193,7,1197,6,1,2
2194,88,1198,6,0,29
2195,73,1198,6,1,1
2196,32,1198,6,0,24
2197,10,1199,6,0,7
2198,23,1199,6,0,16
2199,45,1200,6,1,0
2200,24,1201,7,1,5
2201,48,1202,7,0,5
2202,9,1203,7,0,13
2203,57,1203,7,0,12
2204,36,1203,7,1,7
2205,89,1204,7,1,1
2206,34,1205,7,0,27
2207,76,1205,7,1,-1
2208,2,1205,7,1,2
2209,42,1206,7,0,27
2210,77,1206,7,0,22
2211,76,1207,7,1,-1
2212,84,1207,7,0,20
2213,52,1207,7,1,0
2214,15,1208,7,1,0
2215,53,1209,7,1,4
2216,6,1210,7,1,-2
2217,90,1210,7,1,-1
2218,4,1211,7,1,-1
2219,86,1212,7,1,2
2220,71,1212,7,0,28
2221,77,1213,7,0,18
2222,76,1213,7,1,6
2223,6,1214,7,0,20
2224,2,1214,7,0,10
2225,53,1215,7,1,0
2226,75,1215,7,1,4
2227,29,1216,7,0,11
2228,97,1217,7,1,0
2229,8,1218,7,0,13
2230,94,1218,7,1,5
2231,26,1219,7,0,18
2232,32,1219,7,1,5
2233,38,1219,7,0,30
2234,14,1219,7,1,7
2235,38,1220,7,1,-1
2236,79,1221,7,1,7
2237,21,1221,7,0,23
2238,43,1222,7,0,20
2239,78,1222,7,0,24
2240,28,1223,7,1,1
2241,23,1224,7,1,0
2242,28,1225,7,1,0
2243,41,1225,7,1,5
2244,80,1226,7,1,6
2245,42,1226,7,0,21
2246,4,1226,7,0,22
2247,7,1226,7,0,21
2248,82,1227,7,0,13
2249,78,1227,7,1,2
2250,10,1228,7,1,2
2251,17,1229,7,1,2
2252,25,1229,7,0,9
2253,76,1230,7,1,2
2254,56,1230,7,1,5
2255,56,1231,7,1,0
2256,28,1232,7,1,0
2257,8,1232,7,1,0
2258,34,1232,7,1,2
2259,45,1233,7,0,27
2260,56,1233,7,1,7
2261,67,1233,7,0,10
2262,5,1233,7,1,-1
2263,83,1234,7,1,3
2264,56,1235,7,1,3
2265,34,1235,7,1,-2
2266,49,1236,7,1,5
2267,63,1236,7,1,4
2268,20,1237,7,1,2
2269,40,1237,7,0,23
2270,78,1238,7,1,-1
2271,27,1238,7,0,7
2272,94,1239,7,1,4
2273,10,1239,7,1,2
2274,56,1240,7,1,4
2275,71,1240,7,1,2
2276,64,1241,7,0,16
2277,44,1241,7,1,-1
2278,6,1242,7,1,3
2279,39,1243,7,1,5
2280,58,1243,7,1,-1
2281,14,1243,7,1,3
2282,62,1243,7,0,22
2283,34,1244,7,1,-2
2284,24,1245,7,1,-1
2285,17,1245,7,0,20
2286,45,1245,7,0,13
2287,49,1246,7,1,1
2288,52,1247,7,1,5
2289,32,1247,7,0,13
2290,51,1248,7,1,5
2291,24,1248,7,1,4
2292,86,1249,7,1,3
2293,72,1249,7,1,3
2294,3,1250,7,1,0
2295,77,1251,7,0,23
2296,55,1251,7,1,2
2297,27,1252,7,1,6
2298,6,1252,7,0,20
2299,31,1252,7,1,4
2300,83,1253,7,1,-2
2301,33,1253,7,1,-2
2302,66,1254,7,0,20
2303,39,1254,7,0,22
2304,10,1254,7,1,1
2305,79,1255,7,1,-3
2306,3,1256,7,1,2
2307,59,1257,7,0,16
2308,91,1257,7,1,1
2309,27,1257,7,1,3
2310,69,1258,7,1,-2
2311,8,1258,7,1,2
2312,2,1259,7,1,-1
2313,12,1259,7,1,1
2314,33,1260,7,0,16
2315,7,1261,7,0,15
2316,81,1262,7,0,16
2317,19,1262,7,1,4
2318,72,1262,7,1,5
2319,89,1262,7,0,17
2320,63,1263,7,0,10
2321,40,1263,7,0,11
2322,55,1264,7,1,0
2323,92,1265,7,1,-1
2324,67,1265,7,0,18
2325,55,1266,7,1,3
2326,45,1266,7,1,5
2327,18,1267,7,0,13
2328,45,1268,7,1,-1
2329,28,1269,7,0,9
2330,59,1269,7,1,1
2331,32,1270,7,1,1
2332,31,1270,7,0,21
2333,70,1270,7,1,0
2334,7,1271,7,1,3
2335,3,1272,7,1,6
2336,79,1272,7,1,5
2337,2,1273,7,1,6
2338,61,1273,7,1,0
2339,7,1274,7,0,30
2340,57,1274,7,1,3
2341,17,1275,7,1,1
2342,16,1275,7,1,3
2343,30,1276,7,0,16
2344,37,1276,7,0,14
2345,99,1277,7,1,2
2346,53,1278,7,1,5
2347,51,1278,7,0,28
2348,60,1278,7,1,-1
2349,45,1279,7,0,8
2350,43,1280,7,1,7
2351,45,1280,7,0,24
2352,41,1280,7,1,0
2353,53,1280,7,1,2
2354,90,1281,7,0,10
2355,15,1281,7,1,1
2356,22,1281,7,1,-1
2357,49,1282,7,1,1
2358,83,1283,7,1,0
2359,53,1284,7,0,7
2360,29,1285,7,1,1
2361,77,1285,7,0,20
2362,57,1286,7,0,12
2363,81,1286,7,0,9
2364,6,1287,7,1,3
2365,60,1287,7,0,13
2366,11,1288,7,1,6
2367,68,1288,7,1,2
2368,61,1288,7,1,5
2369,32,1289,7,1,-1
2370,9,1289,7,1,-1
2371,68,1290,7,1,0
2372,79,1290,7,1,5
2373,16,1291,7,0,19
2374,63,1292,7,1,5
2375,89,1293,7,1,1
2376,43,1294,7,0,7
2377,27,1295,7,0,10
2378,79,1296,7,1,6
2379,58,1296,7,0,28
2380,15,1297,7,1,4
2381,4,1297,7,0,19
2382,65,1298,7,1,1
2383,72,1298,7,0,23
2384,75,1299,7,1,-1
2385,95,1300,7,1,0
2386,58,1301,7,1,-1
2387,42,1302,7,0,27
2388,43,1302,7,1,4
2389,99,1302,7,1,0
2390,73,1303,7,1,-1
2391,23,1303,7,0,12
2392,54,1303,7,1,6
2393,30,1304,7,1,3
2394,10,1305,7,1,0
2395,52,1306,7,1,0
2396,13,1307,7,1,6
2397,28,1307,7,1,1
2398,42,1307,7,1,-1
2399,25,1308,7,1,-1
2400,21,1308,7,0,14
2401,34,1308,7,0,15
2402,3,1309,7,1,1
2403,70,1310,7,1,2
2404,29,1311,7,1,-1
2405,45,1311,7,0,11
2406,79,1311,7,0,16
2407,86,1311,7,1,4
2408,81,1312,7,1,-3
2409,65,1313,7,0,8
2410,12,1314,7,0,7
2411,6,1314,7,1,0
2412,11,1315,7,1,2
2413,6,1315,7,1,7
2414,65,1315,7,1,5
2415,44,1316,7,1,0
2416,1,1317,7,1,-3
2417,30,1318,7,0,30
2418,31,1318,7,1,-1
2419,84,1319,7,1,5
2420,75,1320,7,0,19
2421,48,1320,7,1,2
2422,50,1321,7,0,16
2423,97,1321,7,0,18
2424,14,1322,7,0,11
2425,56,1322,7,0,16
2426,6,1323,7,1,5
2427,100,1324,7,1,-2
2428,57,1325,7,1,5
2429,88,1325,7,1,0
2430,14,1326,7,1,-1
2431,27,1327,7,1,2
2432,11,1328,7,1,1
2433,29,1329,7,0,11
2434,86,1329,7,0,23
2435,51,1329,7,1,3
2436,13,1329,7,0,17
2437,22,1330,7,0,20
2438,12,1330,7,1,1
2439,67,1331,7,1,-1
2440,11,1331,7,1,6
2441,87,1331,7,1,2
2442,45,1331,7,1,1
2443,30,1332,7,1,1
2444,43,1332,7,1,-1
2445,72,1333,7,1,2
2446,23,1333,7,1,6
2447,31,1333,7,0,16
2448,40,1334,7,1,3
2449,37,1335,7,1,5
2450,90,1335,7,1,6
2451,86,1336,7,1,3
2452,73,1336,7,0,14
2453,24,1337,7,1,2
2454,60,1337,7,1,5
2455,34,1338,7,1,2
2456,100,1338,7,1,7
2457,27,1339,7,1,4
2458,33,1339,7,0,11
2459,47,1340,7,0,7
2460,64,1341,7,1,-3
2461,15,1342,7,1,3
2462,43,1342,7,1,4
2463,42,1343,7,1,5
2464,66,1343,7,0,17
2465,67,1343,7,0,21
2466,11,1344,7,1,6
2467,16,1344,7,0,14
2468,100,1344,7,1,1
2469,72,1345,7,0,22
2470,56,1345,7,0,12
2471,25,1346,7,1,3
2472,66,1346,7,1,7
2473,53,1346,7,0,22
2474,89,1347,7,1,3
2475,26,1348,7,0,18
2476,15,1348,7,0,19
2477,34,1349,7,0,12
2478,4,1350,7,1,-1
2479,40,1350,7,1,4
2480,8,1351,7,1,3
2481,28,1351,7,1,0
2482,25,1352,7,0,13
2483,31,1353,7,0,18
2484,27,1353,7,0,10
2485,87,1354,7,0,12
2486,37,1354,7,1,5
2487,91,1354,7,1,0
2488,62,1354,7,1,2
2489,64,1355,7,1,-2
2490,89,1356,7,1,-1
2491,32,1356,7,1,7
2492,59,1357,7,1,1
2493,49,1358,7,1,4
2494,85,1358,7,0,20
2495,92,1358,7,0,17
2496,66,1358,7,0,22
2497,24,1359,7,1,0
2498,19,1359,7,1,5
2499,76,1360,7,1,2
2500,30,1360,7,1,1
2501,44,1361,7,1,5
2502,49,1361,7,1,-1
2503,95,1362,7,1,3
2504,76,1362,7,0,18
2505,61,1363,7,0,12
2506,1,1363,7,1,6
2507,34,1363,7,0,13
2508,63,1364,7,1,-2
2509,43,1364,7,1,-1
2510,63,1365,7,1,1
2511,48,1365,7,0,13
2512,9,1366,7,0,12
2513,56,1366,7,1,-1
2514,38,1366,7,1,4
2515,36,1367,7,1,5
2516,31,1367,7,1,-1
2517,83,1368,7,1,4
2518,27,1368,7,0,28
2519,100,1368,7,1,0
2520,100,1369,7,1,2
2521,26,1370,7,0,19
2522,4,1370,7,1,1
2523,49,1371,7,1,-3
2524,54,1372,7,1,1
2525,19,1373,7,0,12
2526,58,1373,7,0,6
2527,3,1374,7,1,-2
2528,96,1375,7,0,26
2529,4,1375,7,1,2
2530,10,1375,7,1,-1
2531,53,1375,7,0,24
2532,49,1376,7,1,1
2533,99,1377,7,1,-1
2534,24,1377,7,0,19
2535,34,1377,7,1,0
2536,41,1378,7,1,1
2537,51,1379,7,1,4
2538,69,1380,7,1,1
2539,84,1381,7,0,20
2540,32,1381,7,1,0
2541,66,1382,7,1,0
2542,10,1382,7,0,14
2543,83,1383,7,1,3
2544,73,1384,7,1,1
2545,61,1385,7,1,4
2546,83,1385,7,1,3
2547,19,1386,7,1,2
2548,62,1386,7,1,0
2549,29,1387,7,0,9
2550,35,1387,7,1,1
2551,28,1388,7,1,1
2552,70,1388,7,1,5
2553,52,1388,7,0,15
2554,17,1389,7,1,-2
2555,93,1389,7,1,3
2556,97,1390,7,1,-2
2557,58,1390,7,1,4
2558,13,1391,7,1,0
2559,88,1391,7,0,30
2560,100,1391,7,1,6
2561,10,1392,7,1,-3
2562,47,1393,7,0,9
2563,18,1394,7,1,0
2564,19,1394,7,0,15
2565,100,1395,7,1,1
2566,63,1395,7,1,0
2567,62,1396,7,1,-2
2568,80,1396,7,1,5
2569,82,1397,7,1,-1
2570,31,1398,7,1,0
2571,9,1398,7,1,5
2572,52,1399,7,1,0
2573,68,1399,7,1,2
2574,11,1400,7,1,3
2575,95,1400,7,0,8
2576,87,1401,8,0,26
2577,4,1401,8,1,3
2578,67,1401,8,1,6
2579,29,1402,8,0,21
2580,3,1402,8,1,7
2581,15,1403,8,0,9
2582,26,1404,8,1,3
2583,90,1405,8,1,3
2584,91,1405,8,1,4
2585,95,1406,8,0,22
2586,13,1406,8,0,18
2587,86,1407,8,1,2
2588,22,1407,8,0,17
2589,39,1408,8,1,0
2590,8,1408,8,1,0
2591,66,1409,8,1,1
2592,7,1410,8,1,-3
2593,90,1411,8,1,3
2594,69,1411,8,1,0
2595,49,1412,8,1,1
2596,4,1412,8,1,-1
2597,21,1413,8,0,13
2598,80,1413,8,0,28
2599,67,1413,8,0,27
2600,91,1413,8,1,0
2601,37,1414,8,1,3
2602,88,1414,8,0,16
2603,8,1415,8,0,13
2604,23,1415,8,0,10
2605,77,1416,8,1,5
2606,23,1416,8,1,3
2607,42,1417,8,0,17
2608,94,1417,8,1,5
2609,77,1418,8,0,14
2610,99,1418,8,1,4
2611,20,1419,8,1,-1
2612,81,1419,8,0,12
2613,75,1420,8,1,1
2614,46,1420,8,0,8
2615,7,1421,8,0,18
2616,47,1421,8,0,12
2617,84,1422,8,0,27
2618,22,1422,8,0,22
2619,77,1422,8,1,2
2620,30,1423,8,1,3
2621,17,1423,8,1,-2
2622,19,1424,8,0,11
2623,73,1425,8,1,-1
2624,77,1426,8,1,4
2625,88,1426,8,1,-1
2626,32,1427,8,1,0
2627,64,1427,8,1,6
2628,45,1428,8,1,2
2629,88,1429,8,1,-2
2630,83,1429,8,0,20
2631,28,1430,8,0,11
2632,8,1430,8,1,-1
2633,89,1431,8,1,3
2634,66,1432,8,1,0
2635,90,1433,8,1,6
2636,28,1433,8,1,3
2637,73,1433,8,1,1
2638,2,1434,8,1,0
2639,36,1435,8,1,2
2640,1,1435,8,1,3
2641,72,1435,8,1,5
2642,22,1436,8,0,18
2643,29,1436,8,1,6
2644,64,1436,8,0,14
2645,36,1437,8,0,14
2646,60,1438,8,0,10
2647,73,1438,8,1,4
2648,52,1438,8,1,2
2649,5,1439,8,0,9
2650,71,1440,8,1,5
2651,35,1440,8,1,4
2652,56,1441,8,1,1
2653,7,1442,8,1,-3
2654,99,1443,8,0,9
2655,33,1443,8,1,-1
2656,66,1444,8,1,-2
2657,68,1445,8,1,0
2658,23,1445,8,1,-1
2659,7,1446,8,1,-2
2660,20,1447,8,1,2
2661,18,1447,8,1,1
2662,35,1448,8,1,4
2663,47,1449,8,1,3
2664,41,1449,8,0,9
2665,11,1450,8,1,4
2666,14,1450,8,1,6
2667,97,1451,8,1,0
2668,40,1452,8,1,-1
2669,27,1453,8,1,0
2670,52,1454,8,1,-1
2671,30,1455,8,1,1
2672,4,1456,8,1,4
2673,19,1457,8,1,-1
2674,92,1458,8,0,16
2675,76,1458,8,0,13
2676,49,1459,8,0,16
2677,23,1459,8,1,1
2678,43,1460,8,1,2
2679,35,1461,8,1,3
2680,57,1461,8,0,13
2681,81,1462,8,1,-2
2682,38,1462,8,1,2
2683,51,1463,8,0,16
2684,24,1463,8,0,22
2685,48,1463,8,0,27
2686,94,1464,8,0,22
2687,24,1464,8,0,16
2688,34,1464,8,1,1
2689,60,1464,8,1,-1
2690,76,1465,8,0,10
2691,20,1466,8,1,3
2692,39,1466,8,1,1
2693,61,1466,8,1,7
2694,18,1467,8,1,2
2695,16,1468,8,1,7
2696,77,1468,8,1,4
2697,60,1468,8,1,4
2698,13,1468,8,1,7
2699,51,1469,8,1,-1
2700,88,1469,8,0,10
2701,31,1470,8,1,-2
2702,92,1470,8,0,19
2703,40,1471,8,0,12
2704,19,1471,8,0,10
2705,100,1472,8,1,1
2706,80,1472,8,1,1
2707,46,1473,8,1,5
2708,34,1473,8,1,6
2709,23,1473,8,1,1
2710,49,1474,8,1,5
2711,25,1475,8,1,0
2712,45,1475,8,1,1
2713,50,1476,8,1,4
2714,45,1477,8,0,18
2715,27,1478,8,1,-1
2716,13,1478,8,1,-1
2717,30,1479,8,1,-1
2718,55,1480,8,0,13
2719,7,1480,8,1,4
2720,7,1481,8,1,5
2721,23,1481,8,1,2
2722,23,1482,8,1,7
2723,5,1482,8,1,-1
2724,27,1483,8,1,1
2725,83,1484,8,1,1
2726,3,1484,8,1,0
2727,63,1485,8,0,16
2728,75,1486,8,1,1
2729,59,1486,8,0,17
2730,88,1487,8,1,3
2731,96,1488,8,1,-3
2732,71,1489,8,0,5
2733,6,1490,8,1,4
2734,59,1491,8,1,2
2735,19,1492,8,1,3
2736,78,1492,8,1,0
2737,62,1493,8,1,6
2738,96,1493,8,0,25
2739,37,1493,8,0,13
2740,22,1493,8,0,18
2741,69,1494,8,1,4
2742,76,1495,8,1,4
2743,100,1496,8,0,20
2744,22,1496,8,1,4
2745,36,1497,8,1,0
2746,61,1498,8,0,28
2747,77,1498,8,1,2
2748,16,1498,8,0,17
2749,27,1499,8,0,11
2750,96,1500,8,1,3
2751,91,1500,8,1,0
2752,30,1501,8,0,20
2753,33,1502,8,1,1
2754,53,1502,8,1,-1
2755,5,1502,8,1,5
2756,23,1502,8,1,0
2757,16,1503,8,1,-2
2758,68,1503,8,1,0
2759,12,1504,8,1,1
2760,15,1504,8,1,6
2761,72,1505,8,1,4
2762,66,1505,8,0,30
2763,19,1505,8,0,19
2764,19,1506,8,1,0
2765,30,1507,8,1,3
2766,95,1508,8,1,2
2767,77,1509,8,1,0
2768,18,1509,8,1,-1
2769,79,1510,8,0,5
2770,79,1511,8,1,-1
2771,11,1511,8,0,13
2772,27,1512,8,1,4
2773,57,1513,8,1,0
2774,25,1513,8,1,4
2775,57,1514,8,1,-1
2776,2,1514,8,1,-2
2777,48,1515,8,1,-1
2778,82,1515,8,0,25
2779,4,1515,8,1,4
2780,3,1515,8,1,3
2781,25,1516,8,1,4
2782,66,1517,8,1,0
2783,79,1517,8,1,-1
2784,52,1518,8,1,1
2785,46,1519,8,0,22
2786,23,1519,8,0,11
2787,33,1520,8,0,12
2788,92,1520,8,0,17
2789,62,1521,8,0,26
2790,31,1521,8,0,29
2791,53,1521,8,0,20
2792,38,1521,8,1,1
2793,9,1522,8,0,12
2794,67,1523,8,1,1
2795,93,1524,8,1,6
2796,7,1524,8,1,-1
2797,63,1525,8,1,-1
2798,90,1526,8,1,2
2799,61,1527,8,1,1
2800,86,1527,8,1,6
2801,57,1528,8,1,-1
2802,70,1529,8,0,15
2803,83,1529,8,1,3
2804,64,1530,8,0,8
2805,61,1530,8,1,3
2806,36,1531,8,1,-1
2807,2,1531,8,0,30
2808,42,1532,8,0,14
2809,14,1532,8,0,19
2810,85,1533,8,0,9
2811,24,1534,8,0,30
2812,20,1534,8,1,6
2813,68,1535,8,1,5
2814,47,1535,8,1,2
2815,6,1536,8,1,5
2816,69,1537,8,1,5
2817,23,1538,8,1,1
2818,2,1539,8,1,4
2819,58,1540,8,0,13
2820,98,1541,8,1,4
2821,100,1542,8,1,5
2822,7,1542,8,1,6
2823,79,1543,8,1,5
2824,11,1543,8,1,3
2825,39,1543,8,1,4
2826,55,1543,8,0,25
2827,54,1544,8,1,4
2828,14,1545,8,1,-2
2829,87,1546,8,0,14
2830,81,1546,8,1,4
2831,66,1546,8,1,6
2832,36,1547,8,0,16
2833,12,1547,8,1,-2
2834,93,1548,8,0,16
2835,83,1548,8,0,7
2836,30,1549,8,1,0
2837,43,1550,8,1,-1
2838,41,1550,8,1,4
2839,40,1550,8,1,3
2840,86,1551,8,0,23
2841,66,1551,8,1,7
2842,59,1551,8,1,4
2843,24,1552,8,1,1
2844,66,1552,8,1,5
2845,49,1553,8,1,2
2846,85,1554,8,1,0
2847,80,1554,8,1,-1
2848,17,1554,8,1,5
2849,51,1555,8,0,30
2850,26,1555,8,0,28
2851,64,1556,8,1,5
2852,85,1556,8,0,7
2853,25,1557,8,1,5
2854,61,1558,8,0,17
2855,86,1559,8,1,3
2856,38,1559,8,1,3
2857,21,1560,8,0,9
2858,3,1561,8,1,4
2859,81,1561,8,0,26
2860,10,1561,8,0,29
2861,66,1562,8,1,1
2862,85,1563,8,1,4
2863,94,1563,8,0,18
2864,94,1564,8,1,0
2865,85,1564,8,1,3
2866,79,1565,8,1,-3
2867,96,1566,8,1,4
2868,1,1566,8,0,16
2869,55,1567,8,1,-1
2870,23,1567,8,1,1
2871,52,1567,8,1,7
2872,15,1567,8,1,0
2873,29,1568,8,1,4
2874,70,1568,8,1,2
2875,99,1568,8,1,7
2876,66,1569,8,1,0
2877,77,1569,8,0,30
2878,19,1569,8,1,0
2879,4,1569,8,1,0
2880,27,1570,8,1,-2
2881,76,1571,8,1,5
2882,56,1571,8,1,-1
2883,83,1572,8,1,2
2884,7,1573,8,0,9
2885,24,1574,8,0,28
2886,90,1574,8,0,11
2887,33,1574,8,1,4
2888,63,1574,8,0,25
2889,91,1575,8,1,-1
2890,1,1575,8,1,7
2891,79,1575,8,1,1
2892,39,1575,8,1,4
2893,98,1576,8,1,1
2894,15,1576,8,1,6
2895,62,1577,8,1,6
2896,69,1577,8,0,25
2897,88,1578,8,0,10
2898,37,1579,8,1,5
2899,77,1579,8,1,3
2900,27,1580,8,1,4
2901,68,1581,8,1,2
2902,48,1582,8,1,2
2903,19,1582,8,0,21
2904,71,1583,8,0,14
2905,22,1583,8,1,4
2906,63,1584,8,1,2
2907,7,1585,8,1,1
2908,88,1585,8,1,0
2909,21,1585,8,1,4
2910,64,1585,8,1,4
2911,30,1586,8,1,-3
2912,31,1587,8,1,0
2913,89,1587,8,1,2
2914,52,1587,8,0,13
2915,50,1588,8,1,3
2916,7,1589,8,1,4
2917,71,1589,8,1,3
2918,5,1590,8,1,-2
2919,26,1591,8,1,-1
2920,51,1591,8,1,-1
2921,81,1591,8,0,19
2922,16,1591,8,1,5
2923,40,1592,8,0,11
2924,16,1593,8,1,2
2925,21,1593,8,1,3
2926,7,1594,8,1,-2
2927,35,1595,8,1,-1
2928,85,1596,8,1,4
2929,21,1596,8,1,5
2930,49,1596,8,1,0
2931,65,1596,8,1,4
2932,8,1597,8,0,11
2933,4,1597,8,1,3
2934,39,1597,8,1,4
2935,16,1597,8,1,5
2936,24,1598,8,1,1
2937,22,1598,8,1,1
2938,69,1599,8,1,5
2939,92,1599,8,0,14
2940,7,1600,8,1,2
2941,45,1601,9,1,3
2942,38,1601,9,0,21
2943,76,1601,9,1,2
2944,48,1602,9,0,11
2945,44,1602,9,1,2
2946,16,1602,9,1,5
2947,14,1603,9,1,3
2948,20,1604,9,0,17
2949,38,1604,9,0,22
2950,3,1604,9,0,29
2951,44,1604,9,0,22
2952,56,1605,9,1,2
2953,94,1606,9,0,4
2954,74,1607,9,0,9
2955,32,1608,9,0,26
2956,5,1608,9,1,3
2957,36,1609,9,1,1
2958,30,1610,9,0,6
2959,73,1611,9,1,4
2960,83,1612,9,1,2
2961,60,1612,9,1,5
2962,14,1613,9,1,0
2963,10,1613,9,1,-1
2964,56,1613,9,0,17
2965,75,1614,9,0,22
2966,13,1614,9,1,0
2967,31,1615,9,0,7
2968,99,1616,9,1,-2
2969,45,1617,9,1,-2
2970,13,1618,9,1,2
2971,48,1619,9,0,8
2972,72,1619,9,1,-1
2973,52,1620,9,1,-2
2974,66,1621,9,0,20
2975,2,1621,9,1,-2
2976,97,1622,9,1,0
2977,53,1622,9,1,-1
2978,41,1622,9,0,19
2979,64,1623,9,1,-2
2980,54,1624,9,0,21
2981,17,1624,9,0,18
2982,62,1624,9,0,18
2983,71,1624,9,1,-1
2984,98,1625,9,1,5
2985,7,1625,9,1,-2
2986,68,1626,9,1,-2
2987,22,1627,9,1,4
2988,77,1627,9,1,-1
2989,88,1628,9,0,10
2990,75,1629,9,0,10
2991,74,1630,9,1,5
2992,37,1630,9,1,3
2993,81,1630,9,1,-1
2994,70,1630,9,1,4
2995,21,1631,9,0,18
2996,44,1631,9,0,10
2997,28,1632,9,1,1
2998,92,1632,9,1,3
2999,62,1633,9,1,2
3000,19,1633,9,1,-2
3001,78,1634,9,0,10
3002,51,1634,9,1,-1
3003,5,1635,9,1,-1
3004,2,1636,9,0,14
3005,91,1636,9,0,16
3006,13,1636,9,0,12
3007,87,1636,9,1,-1
3008,56,1637,9,1,4
3009,93,1638,9,1,3
3010,13,1638,9,1,5
3011,56,1638,9,0,20
3012,22,1639,9,1,4
3013,37,1639,9,0,10
3014,47,1640,9,0,13
3015,86,1641,9,1,0
3016,76,1641,9,0,17
3017,84,1642,9,0,13
3018,25,1643,9,0,13
3019,13,1644,9,0,12
3020,22,1645,9,0,18
3021,44,1646,9,1,-2
3022,80,1647,9,0,14
3023,75,1647,9,1,-1
3024,14,1647,9,1,7
3025,24,1648,9,1,-1
3026,17,1649,9,1,5
3027,62,1650,9,0,14
3028,21,1650,9,0,6
3029,100,1651,9,1,0
3030,9,1651,9,1,0
3031,48,1652,9,1,6
3032,98,1652,9,0,16
3033,28,1653,9,1,-1
3034,33,1654,9,1,5
3035,15,1654,9,1,-1
3036,74,1655,9,1,1
3037,82,1656,9,0,19
3038,51,1656,9,1,-1
3039,94,1657,9,1,-2
3040,61,1658,9,1,1
3041,45,1659,9,1,5
3042,41,1660,9,1,-1
3043,49,1661,9,1,5
3044,23,1661,9,1,3
3045,45,1661,9,1,6
3046,11,1662,9,1,-2
3047,26,1663,9,1,7
3048,41,1663,9,1,7
3049,97,1663,9,1,0
3050,68,1664,9,1,3
3051,61,1665,9,1,2
3052,31,1666,9,1,1
3053,80,1666,9,1,7
3054,35,1666,9,0,26
3055,95,1666,9,1,4
3056,16,1667,9,1,-1
3057,17,1667,9,0,15
3058,64,1667,9,1,0
3059,12,1668,9,1,1
3060,46,1669,9,1,5
3061,26,1669,9,0,23
3062,32,1669,9,0,11
3063,73,1669,9,0,13
3064,70,1670,9,1,-1
3065,28,1670,9,0,20
3066,70,1671,9,1,7
3067,21,1671,9,1,3
3068,35,1672,9,0,6
3069,8,1673,9,1,3
3070,77,1674,9,1,-1
3071,55,1674,9,1,0
3072,56,1675,9,1,-1
3073,65,1675,9,1,5
3074,31,1676,9,0,14
3075,22,1677,9,1,0
3076,60,1678,9,1,2
3077,12,1679,9,1,2
3078,30,1680,9,1,3
3079,50,1681,9,1,2
3080,25,1682,9,1,3
3081,86,1682,9,1,2
3082,72,1683,9,0,11
3083,95,1684,9,0,20
3084,14,1685,9,1,-1
3085,2,1686,9,1,-1
3086,21,1686,9,1,7
3087,84,1686,9,1,4
3088,9,1687,9,1,-1
3089,67,1687,9,0,15
3090,16,1688,9,1,-1
3091,37,1688,9,0,15
3092,93,1689,9,1,-1
3093,87,1689,9,1,6
3094,40,1689,9,0,30
3095,54,1690,9,1,3
3096,94,1691,9,1,1
3097,2,1691,9,0,19
3098,64,1692,9,0,22
3099,28,1692,9,0,14
3100,94,1693,9,1,5
3101,93,1694,9,1,4
3102,73,1694,9,1,-1
3103,15,1695,9,1,7
3104,1,1695,9,1,-1
3105,85,1696,9,1,4
3106,18,1696,9,1,2
3107,19,1696,9,0,14
3108,25,1696,9,0,25
3109,32,1697,9,0,9
3110,16,1697,9,1,3
3111,71,1698,9,0,10
3112,18,1699,9,0,11
3113,45,1700,9,1,1
3114,66,1701,9,1,3
3115,6,1701,9,0,17
3116,88,1702,9,1,-3
3117,22,1703,9,1,7
3118,96,1703,9,1,4
3119,42,1704,9,0,3
3120,41,1705,9,1,-1
3121,29,1705,9,1,-2
3122,91,1706,9,1,-1
3123,84,1707,9,1,5
3124,30,1707,9,1,-1
3125,86,1708,9,1,3
3126,33,1708,9,1,4
3127,75,1709,9,1,2
3128,34,1709,9,0,20
3129,52,1709,9,1,5
3130,51,1709,9,0,11
3131,43,1710,9,0,10
3132,94,1710,9,0,14
3133,85,1711,9,1,2
3134,30,1712,9,1,1
3135,4,1713,9,1,2
3136,50,1714,9,1,1
3137,85,1715,9,1,3
3138,3,1715,9,0,30
3139,20,1716,9,0,11
3140,21,1716,9,1,0
3141,2,1717,9,1,7
3142,1,1717,9,1,-1
3143,6,1717,9,0,12
3144,20,1718,9,1,-1
3145,37,1719,9,1,3
3146,85,1720,9,1,0
3147,57,1721,9,1,-1
3148,46,1721,9,1,7
3149,40,1722,9,0,6
3150,18,1722,9,0,10
3151,2,1723,9,1,-2
3152,57,1723,9,0,11
3153,77,1724,9,1,2
3154,19,1724,9,1,4
3155,65,1725,9,1,4
3156,50,1725,9,1,5
3157,35,1725,9,0,21
3158,19,1725,9,0,19
3159,4,1726,9,0,20
3160,36,1726,9,1,-1
3161,58,1727,9,0,14
3162,100,1727,9,1,3
3163,93,1728,9,1,1
3164,42,1729,9,1,-1
3165,91,1730,9,1,5
3166,96,1730,9,1,0
3167,13,1730,9,0,26
3168,98,1730,9,0,29
3169,1,1731,9,1,2
3170,15,1732,9,0,11
3171,72,1733,9,1,0
3172,17,1733,9,0,24
3173,76,1734,9,1,4
3174,78,1734,9,1,2
3175,71,1734,9,1,5
3176,44,1735,9,1,-2
3177,85,1736,9,1,0
3178,87,1736,9,0,18
3179,45,1737,9,1,-3
3180,30,1738,9,1,5
3181,64,1739,9,0,6
3182,83,1739,9,1,4
3183,82,1740,9,0,14
3184,84,1740,9,0,23
3185,38,1741,9,1,7
3186,16,1741,9,1,5
3187,32,1742,9,1,0
3188,50,1742,9,1,4
3189,93,1743,9,0,21
3190,99,1743,9,0,23
3191,5,1743,9,0,23
3192,41,1744,9,1,7
3193,1,1744,9,1,-1
3194,91,1745,9,1,2
3195,13,1746,9,1,2
3196,75,1747,9,0,28
3197,20,1747,9,0,23
3198,26,1747,9,1,5
3199,52,1747,9,1,1
3200,18,1748,9,1,1
3201,91,1748,9,1,2
3202,25,1749,9,1,3
3203,17,1749,9,1,2
3204,63,1749,9,1,3
3205,57,1750,9,1,0
3206,25,1750,9,1,7
3207,21,1750,9,1,-1
3208,56,1750,9,1,-1
3209,80,1751,9,1,-2
3210,44,1751,9,1,2
3211,9,1752,9,1,0
3212,46,1752,9,0,13
3213,100,1752,9,1,5
3214,64,1752,9,0,12
3215,98,1753,9,1,2
3216,26,1753,9,0,20
3217,19,1753,9,1,4
3218,56,1753,9,1,7
3219,7,1754,9,0,6
3220,14,1754,9,1,3
3221,13,1755,9,0,16
3222,100,1756,9,1,0
3223,63,1757,9,0,25
3224,31,1757,9,0,25
3225,27,1757,9,1,2
3226,15,1758,9,1,5
3227,79,1758,9,1,7
3228,28,1758,9,0,15
3229,65,1759,9,1,2
3230,56,1759,9,1,6
3231,95,1760,9,0,20
3232,85,1760,9,1,5
3233,24,1761,9,1,2
3234,18,1761,9,1,3
3235,2,1761,9,0,24
3236,62,1762,9,0,20
3237,96,1762,9,1,4
3238,35,1763,9,1,3
3239,68,1764,9,0,16
3240,74,1764,9,1,2
3241,57,1765,9,1,3
3242,11,1766,9,1,6
3243,51,1766,9,1,3
3244,56,1766,9,0,18
3245,69,1766,9,1,2
3246,71,1767,9,1,-1
3247,32,1768,9,0,13
3248,67,1768,9,0,29
3249,80,1768,9,0,14
3250,24,1769,9,1,2
3251,86,1770,9,1,3
3252,53,1771,9,0,14
3253,12,1771,9,1,1
3254,82,1772,9,1,4
3255,31,1772,9,1,2
3256,68,1772,9,0,17
3257,17,1772,9,0,11
3258,57,1773,9,0,11
3259,15,1774,9,1,0
3260,3,1775,9,1,-3
3261,75,1776,9,1,2
3262,64,1777,9,0,18
3263,86,1777,9,1,0
3264,90,1777,9,1,5
3265,2,1778,9,0,11
3266,33,1779,9,0,9
3267,46,1779,9,1,2
3268,40,1780,9,1,2
3269,41,1781,9,1,6
3270,27,1781,9,1,5
3271,96,1782,9,0,13
3272,45,1783,9,1,1
3273,9,1784,9,1,4
3274,89,1785,9,0,4
3275,19,1786,9,1,1
3276,40,1787,9,1,0
3277,75,1787,9,1,1
3278,21,1787,9,1,6
3279,91,1788,9,1,0
3280,93,1789,9,1,2
3281,68,1790,9,0,3
3282,39,1791,9,1,0
3283,48,1791,9,1,4
3284,57,1792,9,1,5
3285,44,1792,9,1,3
3286,33,1793,9,1,-1
3287,72,1793,9,0,12
3288,58,1794,9,1,1
3289,35,1794,9,1,0
3290,23,1794,9,1,5
3291,42,1795,9,0,11
3292,51,1796,9,1,5
3293,9,1796,9,0,18
3294,88,1796,9,1,4
3295,37,1797,9,1,4
3296,63,1797,9,1,3
3297,35,1797,9,1,2
3298,85,1798,9,0,5
3299,45,1799,9,1,1
3300,99,1799,9,1,0
3301,98,1800,9,1,2
3302,14,1801,10,1,-1
3303,80,1801,10,1,1
3304,25,1802,10,0,11
3305,89,1803,10,0,28
3306,97,1803,10,1,4
3307,70,1803,10,0,22
3308,85,1804,10,1,0
3309,100,1804,10,1,1
3310,15,1805,10,1,4
3311,64,1806,10,0,10
3312,97,1807,10,0,12
3313,26,1808,10,0,12
3314,72,1808,10,1,1
3315,66,1808,10,1,6
3316,66,1809,10,1,5
3317,78,1809,10,1,5
3318,77,1810,10,1,5
3319,19,1810,10,0,25
3320,55,1811,10,1,-1
3321,55,1812,10,0,19
3322,88,1812,10,1,0
3323,44,1813,10,0,16
3324,35,1813,10,1,4
3325,25,1814,10,1,3
3326,63,1814,10,0,9
3327,25,1815,10,0,6
3328,25,1816,10,1,-2
3329,56,1817,10,0,20
3330,27,1817,10,1,4
3331,99,1818,10,1,2
3332,3,1818,10,0,12
3333,3,1819,10,1,-1
3334,18,1820,10,0,6
3335,84,1821,10,0,13
3336,98,1821,10,1,-1
3337,3,1822,10,1,2
3338,70,1823,10,1,5
3339,86,1823,10,1,0
3340,100,1824,10,1,7
3341,6,1824,10,1,2
3342,8,1825,10,1,-1
3343,70,1826,10,0,20
3344,67,1826,10,1,3
3345,93,1827,10,0,12
3346,23,1827,10,1,7
3347,79,1827,10,1,3
3348,16,1828,10,1,-1
3349,13,1829,10,0,19
3350,64,1829,10,1,-2
3351,85,1830,10,1,5
3352,14,1831,10,1,-1
3353,85,1831,10,0,8
3354,25,1832,10,1,0
3355,91,1832,10,1,1
3356,100,1833,10,1,2
3357,47,1834,10,0,19
3358,13,1834,10,1,0
3359,58,1835,10,1,4
3360,45,1835,10,1,2
3361,6,1836,10,1,-1
3362,22,1837,10,1,4
3363,20,1837,10,1,7
3364,24,1838,10,0,22
3365,64,1838,10,1,2
3366,10,1838,10,0,23
3367,7,1839,10,0,7
3368,16,1840,10,0,18
3369,77,1840,10,1,2
3370,99,1841,10,1,-1
3371,95,1842,10,1,5
3372,72,1842,10,0,11
3373,70,1842,10,1,0
3374,63,1843,10,1,0
3375,1,1843,10,1,4
3376,66,1843,10,1,6
3377,34,1844,10,0,15
3378,66,1844,10,1,4
3379,74,1845,10,1,6
3380,33,1845,10,1,3
3381,28,1845,10,1,2
3382,71,1846,10,0,11
3383,19,1847,10,1,-1
3384,88,1848,10,1,7
3385,10,1848,10,1,1
3386,7,1848,10,1,4
3387,83,1848,10,0,11
3388,3,1849,10,0,13
3389,63,1849,10,1,5
3390,34,1850,10,1,2
3391,25,1851,10,1,4
3392,56,1852,10,1,4
3393,39,1852,10,1,1
3394,99,1853,10,1,1
3395,63,1854,10,1,-1
3396,81,1854,10,1,3
3397,1,1855,10,0,19
3398,75,1855,10,1,4
3399,2,1856,10,0,10
3400,70,1856,10,1,1
3401,32,1856,10,1,4
3402,43,1857,10,1,5
3403,28,1857,10,0,30
3404,2,1858,10,1,2
3405,15,1859,10,1,4
3406,54,1860,10,1,2
3407,18,1861,10,1,0
3408,95,1861,10,1,-1
3409,72,1862,10,1,2
3410,59,1863,10,0,9
3411,3,1864,10,1,4
3412,69,1864,10,1,-2
3413,100,1865,10,1,0
3414,14,1866,10,1,6
3415,94,1866,10,1,6
3416,51,1866,10,0,27
3417,19,1867,10,1,4
3418,25,1867,10,0,7
3419,71,1868,10,1,2
3420,64,1869,10,0,13
3421,99,1870,10,1,-1
3422,11,1870,10,0,21
3423,75,1870,10,1,4
3424,73,1871,10,1,5
3425,29,1871,10,1,4
3426,17,1871,10,1,-1
3427,56,1872,10,0,9
3428,3,1872,10,1,-1
3429,30,1873,10,1,0
3430,16,1874,10,1,7
3431,97,1874,10,1,-1
3432,65,1874,10,1,4
3433,43,1875,10,0,18
3434,77,1876,10,1,2
3435,95,1876,10,1,-2
3436,71,1877,10,1,-1
3437,21,1878,10,1,2
3438,52,1878,10,0,15
3439,32,1879,10,0,6
3440,11,1880,10,1,3
3441,19,1880,10,0,15
3442,49,1880,10,1,-1
3443,75,1881,10,1,4
3444,11,1881,10,1,4
3445,41,1882,10,0,16
3446,72,1882,10,1,1
3447,64,1883,10,1,2
3448,56,1884,10,1,3
3449,38,1884,10,1,5
3450,84,1885,10,1,-1
3451,71,1886,10,1,5
3452,16,1887,10,1,-1
3453,10,1887,10,0,28
3454,27,1888,10,1,1
3455,13,1888,10,1,3
3456,48,1889,10,0,13
3457,10,1890,10,1,3
3458,27,1890,10,0,12
3459,10,1891,10,1,7
3460,93,1891,10,1,0
3461,13,1891,10,1,2
3462,1,1891,10,0,16
3463,18,1892,10,0,22
3464,40,1892,10,1,4
3465,38,1892,10,1,5
3466,58,1892,10,0,18
3467,26,1893,10,0,30
3468,75,1893,10,0,20
3469,2,1894,10,1,5
3470,43,1894,10,1,5
3471,63,1895,10,1,-2
3472,52,1896,10,1,5
3473,74,1896,10,1,5
3474,24,1896,10,0,23
3475,25,1897,10,1,-2
3476,95,1898,10,0,15
3477,79,1899,10,1,0
3478,5,1899,10,0,13
3479,37,1900,10,0,3
3480,50,1901,10,0,9
3481,85,1902,10,1,2
3482,82,1902,10,1,2
3483,4,1902,10,1,3
3484,18,1903,10,1,5
3485,85,1904,10,1,-2
3486,43,1905,10,1,1
3487,78,1906,10,0,20
3488,82,1906,10,1,5
3489,19,1907,10,1,4
3490,62,1907,10,0,13
3491,71,1908,10,1,0
3492,81,1909,10,0,10
3493,34,1909,10,0,11
3494,57,1909,10,1,5
3495,42,1909,10,0,11
3496,20,1910,10,0,16
3497,42,1911,10,1,2
3498,49,1912,10,1,3
3499,40,1913,10,1,2
3500,94,1913,10,1,2
3501,39,1914,10,1,2
3502,73,1915,10,1,1
3503,7,1916,10,1,5
3504,54,1916,10,0,15
3505,61,1917,10,1,-2
3506,60,1918,10,1,4
3507,43,1918,10,1,3
3508,72,1919,10,1,5
3509,47,1919,10,0,8
3510,14,1920,10,1,4
3511,22,1920,10,1,1
3512,10,1921,10,0,18
3513,21,1921,10,1,7
3514,99,1922,10,1,4
3515,64,1922,10,0,28
3516,95,1922,10,0,20
3517,79,1923,10,1,0
3518,63,1924,10,1,4
3519,74,1924,10,1,-1
3520,3,1925,10,1,2
3521,26,1926,10,1,5
3522,21,1926,10,1,-2
3523,84,1927,10,1,1
3524,75,1927,10,1,3
3525,32,1928,10,1,-1
3526,75,1928,10,0,10
3527,80,1929,10,0,18
3528,30,1929,10,1,1
3529,14,1930,10,0,5
3530,61,1931,10,1,5
3531,13,1931,10,1,2
3532,13,1932,10,1,1
3533,41,1932,10,1,-1
3534,64,1932,10,1,2
3535,40,1933,10,0,11
3536,24,1933,10,1,0
3537,34,1933,10,1,0
3538,70,1934,10,0,10
3539,35,1935,10,1,-1
3540,84,1935,10,1,0
3541,20,1936,10,0,10
3542,27,1937,10,1,5
3543,46,1937,10,0,25
3544,93,1937,10,0,20
3545,70,1937,10,1,7
3546,47,1938,10,0,20
3547,95,1938,10,1,7
3548,95,1939,10,0,8
3549,19,1939,10,1,3
3550,31,1940,10,1,4
3551,29,1940,10,0,7
3552,70,1941,10,0,17
3553,100,1941,10,1,7
3554,80,1941,10,1,7
3555,24,1941,10,1,3
3556,9,1942,10,1,1
3557,63,1942,10,1,1
3558,22,1942,10,1,7
3559,7,1942,10,0,30
3560,54,1943,10,1,2
3561,84,1944,10,1,2
3562,63,1945,10,1,4
3563,45,1945,10,1,5
3564,85,1946,10,0,3
3565,36,1947,10,1,0
3566,56,1948,10,0,10
3567,72,1949,10,1,2
3568,9,1950,10,0,10
3569,39,1950,10,1,5
3570,85,1951,10,1,7
3571,27,1951,10,1,3
3572,44,1952,10,1,5
3573,17,1953,10,0,18
3574,89,1953,10,1,5
3575,97,1954,10,1,-1
3576,89,1954,10,1,3
3577,86,1955,10,0,13
3578,60,1955,10,1,-1
3579,52,1956,10,1,0
3580,75,1957,10,0,15
3581,20,1957,10,1,-1
3582,52,1958,10,1,2
3583,50,1959,10,0,8
3584,13,1959,10,1,-1
3585,66,1960,10,0,11
3586,71,1960,10,0,13
3587,44,1961,10,1,3
3588,69,1961,10,1,2
3589,61,1962,10,1,-1
3590,47,1963,10,1,3
3591,11,1964,10,1,3
3592,86,1965,10,0,26
3593,5,1965,10,1,4
3594,76,1966,10,1,7
3595,89,1966,10,0,13
3596,100,1966,10,0,26
3597,30,1966,10,0,12
3598,89,1967,10,1,2
3599,70,1968,10,1,2
3600,72,1968,10,1,0
3601,16,1969,10,1,5
3602,31,1969,10,0,22
3603,71,1969,10,1,-1
3604,95,1970,10,1,-3
3605,94,1971,10,1,1
3606,37,1972,10,0,9
3607,79,1972,10,0,15
3608,88,1973,10,1,3
3609,67,1973,10,1,-1
3610,51,1973,10,0,11
3611,6,1973,10,1,7
3612,19,1974,10,0,16
3613,79,1974,10,1,1
3614,17,1975,10,0,9
3615,2,1976,10,0,10
3616,67,1976,10,1,2
3617,87,1976,10,1,6
3618,22,1976,10,1,2
3619,30,1977,10,0,7
3620,96,1978,10,1,1
3621,58,1979,10,1,3
3622,85,1980,10,1,4
3623,48,1980,10,1,2
3624,67,1981,10,1,-1
3625,8,1981,10,1,5
3626,95,1981,10,1,0
3627,27,1981,10,1,3
3628,21,1982,10,1,-1
3629,75,1982,10,0,16
3630,77,1983,10,1,4
3631,97,1983,10,1,2
3632,89,1983,10,0,15
3633,96,1984,10,1,-1
3634,5,1984,10,1,2
3635,67,1984,10,0,19
3636,16,1985,10,1,7
3637,72,1985,10,0,15
3638,91,1986,10,0,6
3639,47,1987,10,1,2
3640,10,1988,10,1,5
3641,11,1988,10,1,0
3642,11,1989,10,1,-1
3643,88,1989,10,1,2
3644,25,1989,10,0,12
3645,8,1989,10,1,0
3646,33,1990,10,0,27
3647,99,1990,10,0,29
3648,1,1991,10,1,7
3649,28,1991,10,1,0
3650,86,1991,10,0,28
3651,95,1991,10,1,2
3652,46,1992,10,0,22
3653,22,1992,10,1,0
3654,9,1992,10,1,3
3655,32,1993,10,0,28
3656,69,1993,10,1,3
3657,1,1994,10,0,15
3658,35,1994,10,0,19
3659,89,1995,10,1,-2
3660,43,1996,10,1,-3
3661,30,1997,10,1,3
3662,79,1998,10,1,5
3663,74,1999,10,1,2
3664,92,2000,10,1,6
3665,88,2000,10,1,3
3666,98,2000,10,0,26
3667,99,2000,10,1,4
3668,98,2001,11,1,-1
3669,58,2002,11,1,1
3670,17,2003,11,1,4
3671,73,2003,11,0,23
3672,52,2003,11,0,27
3673,49,2004,11,1,7
3674,99,2004,11,1,1
3675,79,2005,11,1,0
3676,82,2006,11,0,11
3677,78,2007,11,0,14
3678,55,2008,11,1,4
3679,31,2008,11,0,14
3680,2,2009,11,0,14
3681,10,2009,11,1,0
3682,15,2010,11,1,2
3683,25,2010,11,0,14
3684,88,2011,11,1,-2
3685,65,2011,11,0,12
3686,73,2012,11,0,20
3687,48,2013,11,1,7
3688,26,2013,11,0,16
3689,45,2013,11,1,0
3690,83,2014,11,1,0
3691,79,2015,11,1,0
3692,95,2015,11,0,12
3693,33,2016,11,1,2
3694,56,2016,11,1,4
3695,21,2017,11,0,5
3696,44,2018,11,1,-1
3697,1,2019,11,1,-1
3698,21,2019,11,1,5
3699,36,2020,11,0,14
3700,70,2021,11,0,20
3701,6,2021,11,0,11
3702,96,2021,11,1,3
3703,32,2022,11,0,20
3704,74,2023,11,1,-1
3705,100,2023,11,1,3
3706,83,2024,11,1,4
3707,59,2025,11,0,10
3708,28,2026,11,0,18
3709,73,2026,11,0,12
3710,95,2026,11,1,6
3711,48,2026,11,1,6
3712,86,2027,11,1,5
3713,55,2028,11,1,4
3714,58,2028,11,1,-1
3715,55,2029,11,1,-1
3716,89,2029,11,0,9
3717,35,2030,11,0,12
3718,45,2031,11,0,13
3719,11,2031,11,0,15
3720,11,2032,11,1,-1
3721,90,2032,11,1,1
3722,62,2032,11,1,4
3723,51,2032,11,1,5
3724,57,2033,11,1,3
3725,56,2034,11,1,1
3726,13,2034,11,1,-2
3727,63,2035,11,0,18
3728,80,2036,11,0,11
3729,64,2036,11,0,18
3730,80,2037,11,1,4
3731,83,2037,11,1,7
3732,68,2038,11,1,0
3733,49,2038,11,1,4
3734,65,2038,11,1,1
3735,52,2039,11,1,3
3736,70,2040,11,0,18
3737,58,2040,11,1,0
3738,14,2041,11,1,2
3739,41,2042,11,1,5
3740,22,2042,11,0,14
3741,63,2042,11,0,27
3742,81,2042,11,1,1
3743,21,2043,11,1,0
3744,91,2043,11,1,2
3745,62,2043,11,1,-1
3746,76,2043,11,1,1
3747,16,2044,11,0,17
3748,42,2044,11,0,24
3749,82,2044,11,0,16
3750,19,2045,11,0,19
3751,20,2046,11,0,9
3752,99,2047,11,1,4
3753,25,2047,11,1,4
3754,64,2048,11,1,4
3755,97,2048,11,1,2
3756,75,2048,11,1,4
3757,14,2049,11,1,1
3758,89,2050,11,1,7
3759,15,2050,11,1,2
3760,81,2050,11,0,30
3761,97,2050,11,0,17
3762,39,2051,11,0,23
3763,18,2051,11,1,1
3764,46,2051,11,1,6
3765,5,2052,11,1,0
3766,56,2052,11,1,3
3767,6,2053,11,1,1
3768,83,2054,11,0,23
3769,2,2054,11,1,1
3770,31,2055,11,1,7
3771,72,2055,11,0,14
3772,82,2055,11,1,4
3773,13,2055,11,1,-1
3774,56,2056,11,0,15
3775,21,2056,11,1,4
3776,47,2057,11,0,15
3777,56,2057,11,1,-1
3778,24,2057,11,0,25
3779,69,2058,11,1,4
3780,13,2058,11,1,4
3781,34,2059,11,1,3
3782,78,2059,11,1,4
3783,76,2060,11,1,1
3784,25,2060,11,1,-1
3785,48,2061,11,1,-1
3786,100,2061,11,1,-1
3787,62,2062,11,1,4
3788,9,2062,11,1,-1
3789,99,2062,11,0,28
3790,61,2063,11,1,5
3791,90,2063,11,1,1
3792,15,2064,11,1,6
3793,13,2064,11,1,1
3794,24,2064,11,1,6
3795,60,2064,11,1,-1
3796,69,2065,11,0,13
3797,42,2065,11,1,1
3798,21,2065,11,1,1
3799,84,2065,11,0,25
3800,38,2066,11,1,6
3801,26,2066,11,0,27
3802,40,2067,11,1,-1
3803,87,2067,11,1,3
3804,90,2068,11,0,11
3805,76,2068,11,1,6
3806,87,2069,11,0,7
3807,55,2069,11,0,7
3808,48,2070,11,0,22
3809,80,2070,11,1,2
3810,89,2070,11,1,1
3811,27,2071,11,1,0
3812,87,2071,11,1,6
3813,66,2071,11,1,7
3814,21,2072,11,1,-1
3815,36,2072,11,1,-1
3816,74,2072,11,1,0
3817,89,2073,11,1,0
3818,100,2074,11,1,1
3819,2,2075,11,0,9
3820,91,2076,11,0,23
3821,11,2076,11,1,7
3822,3,2077,11,1,1
3823,37,2077,11,0,20
3824,11,2077,11,1,2
3825,49,2077,11,1,-1
3826,86,2078,11,1,3
3827,80,2078,11,1,2
3828,82,2079,11,1,4
3829,69,2079,11,1,3
3830,64,2080,11,1,5
3831,23,2080,11,0,30
3832,93,2080,11,1,3
3833,100,2080,11,0,10
3834,83,2081,11,1,-1
3835,25,2082,11,1,-2
3836,40,2082,11,0,12
3837,53,2083,11,1,1
3838,19,2084,11,1,5
3839,6,2085,11,1,-2
3840,4,2086,11,0,12
3841,61,2086,11,1,2
3842,85,2087,11,1,-1
3843,75,2088,11,1,6
3844,41,2088,11,0,16
3845,21,2089,11,0,10
3846,21,2090,11,1,4
3847,71,2091,11,0,9
3848,58,2092,11,0,26
3849,30,2092,11,0,16
3850,70,2092,11,0,20
3851,10,2093,11,1,-2
3852,88,2094,11,0,11
3853,80,2095,11,1,4
3854,19,2096,11,1,2
3855,36,2096,11,1,6
3856,97,2097,11,1,2
3857,2,2098,11,1,-1
3858,97,2098,11,1,-2
3859,24,2099,11,1,0
3860,84,2099,11,0,16
3861,58,2100,11,1,0
3862,85,2100,11,0,30
3863,82,2101,11,0,25
3864,2,2101,11,0,30
3865,34,2102,11,1,1
3866,53,2103,11,1,-1
3867,46,2104,11,0,13
3868,26,2104,11,0,11
3869,9,2105,11,0,22
3870,67,2105,11,0,15
3871,2,2106,11,1,0
3872,83,2107,11,1,1
3873,96,2108,11,1,4
3874,59,2108,11,1,4
3875,70,2109,11,1,5
3876,19,2110,11,1,0
3877,7,2111,11,0,28
3878,56,2111,11,1,4
3879,49,2112,11,1,1
3880,73,2112,11,1,7
3881,32,2112,11,1,3
3882,60,2112,11,1,5
3883,18,2113,11,1,1
3884,8,2114,11,1,5
3885,86,2114,11,1,1
3886,10,2115,11,1,0
3887,15,2116,11,1,3
3888,57,2116,11,1,0
3889,97,2117,11,0,14
3890,22,2117,11,0,20
3891,13,2118,11,1,-1
3892,11,2118,11,1,0
3893,73,2119,11,1,0
3894,47,2120,11,0,24
3895,6,2120,11,1,1
3896,100,2120,11,1,0
3897,52,2120,11,1,1
3898,68,2121,11,1,7
3899,17,2121,11,0,18
3900,35,2121,11,0,17
3901,46,2121,11,0,14
3902,81,2122,11,1,-3
3903,11,2123,11,1,-1
3904,12,2123,11,1,4
3905,89,2124,11,0,28
3906,25,2124,11,1,4
3907,71,2124,11,0,21
3908,94,2124,11,1,1
3909,36,2125,11,0,16
3910,82,2125,11,0,20
3911,21,2125,11,1,0
3912,97,2126,11,1,4
3913,9,2127,11,1,-2
3914,95,2127,11,1,0
3915,13,2128,11,0,23
3916,21,2128,11,1,3
3917,49,2129,11,1,1
3918,90,2129,11,0,29
3919,12,2129,11,1,-1
3920,8,2130,11,1,4
3921,10,2131,11,0,11
3922,31,2132,11,0,20
3923,100,2132,11,1,4
3924,36,2133,11,1,5
3925,28,2133,11,0,7
3926,81,2134,11,1,0
3927,72,2134,11,1,1
3928,77,2134,11,1,1
3929,10,2134,11,1,2
3930,74,2135,11,0,29
3931,4,2135,11,1,6
3932,10,2135,11,1,4
3933,62,2135,11,0,13
3934,5,2136,11,0,15
3935,23,2136,11,1,0
3936,81,2136,11,1,2
3937,69,2137,11,1,1
3938,43,2138,11,0,15
3939,17,2139,11,1,2
3940,62,2140,11,1,-2
3941,6,2140,11,1,1
3942,67,2141,11,0,9
3943,36,2142,11,1,3
3944,12,2142,11,1,1
3945,100,2143,11,0,15
3946,29,2144,11,1,2
3947,44,2144,11,1,3
3948,57,2144,11,1,1
3949,11,2145,11,1,-2
3950,78,2146,11,0,17
3951,31,2146,11,1,-1
3952,66,2147,11,0,8
3953,50,2148,11,1,3
3954,95,2148,11,1,5
3955,19,2149,11,1,1
3956,72,2150,11,1,6
3957,55,2150,11,1,5
3958,71,2151,11,0,23
3959,70,2151,11,0,14
3960,22,2151,11,0,22
3961,24,2152,11,1,0
3962,79,2152,11,1,0
3963,1,2153,11,1,2
3964,28,2153,11,1,5
3965,73,2154,11,1,2
3966,76,2154,11,0,25
3967,94,2155,11,1,-2
3968,9,2156,11,0,25
3969,54,2156,11,0,14
3970,19,2156,11,1,6
3971,65,2157,11,1,0
3972,1,2157,11,1,2
3973,35,2158,11,1,4
3974,81,2158,11,1,1
3975,2,2158,11,1,6
3976,90,2159,11,1,1
3977,93,2160,11,1,3
3978,46,2161,11,1,4
3979,86,2161,11,1,1
3980,25,2161,11,0,20
3981,97,2161,11,0,28
3982,32,2162,11,1,6
3983,91,2162,11,1,4
3984,33,2162,11,1,0
3985,51,2162,11,1,1
3986,20,2163,11,0,15
3987,30,2163,11,0,17
3988,57,2164,11,1,3
3989,72,2165,11,1,-1
3990,64,2165,11,0,17
3991,55,2166,11,1,3
3992,85,2167,11,0,13
3993,42,2167,11,0,15
3994,80,2168,11,1,-1
3995,70,2168,11,1,-2
3996,80,2169,11,1,4
3997,69,2169,11,1,-2
3998,27,2170,11,1,-2
3999,71,2171,11,0,14
4000,31,2171,11,1,5
4001,33,2171,11,0,29
4002,66,2172,11,1,6
4003,87,2172,11,1,1
4004,92,2172,11,1,-1
4005,78,2173,11,1,4
4006,36,2173,11,0,22
4007,95,2174,11,1,-1
4008,4,2174,11,0,20
4009,60,2174,11,1,-1
4010,5,2175,11,1,-1
4011,20,2175,11,0,8
4012,79,2176,11,0,9
4013,73,2177,11,1,4
4014,70,2177,11,1,6
4015,46,2178,11,1,7
4016,35,2178,11,0,16
4017,77,2178,11,0,13
4018,85,2179,11,1,2
4019,11,2179,11,1,-1
4020,46,2179,11,1,2
4021,65,2179,11,0,14
4022,48,2180,11,1,3
4023,35,2180,11,0,23
4024,10,2180,11,1,-1
4025,2,2181,11,1,5
4026,41,2182,11,0,11
4027,66,2183,11,1,-2
4028,88,2183,11,1,2
4029,20,2184,11,1,1
4030,39,2185,11,0,24
4031,27,2185,11,1,7
4032,73,2185,11,0,16
4033,64,2185,11,1,-1
4034,47,2186,11,1,3
4035,92,2186,11,0,16
4036,50,2187,11,1,1
4037,56,2187,11,1,2
4038,29,2188,11,1,0
4039,73,2189,11,1,2
4040,52,2190,11,1,1
4041,97,2190,11,0,25
4042,17,2191,11,0,9
4043,99,2191,11,1,-1
4044,59,2192,11,0,10
4045,93,2192,11,0,10
4046,26,2193,11,0,7
4047,84,2194,11,1,4
4048,58,2195,11,1,2
4049,41,2195,11,1,-1
4050,5,2196,11,0,16
4051,92,2196,11,1,-1
4052,68,2197,11,0,5
4053,55,2198,11,1,2
4054,41,2199,11,1,0
4055,6,2200,11,1,-2
4056,65,2201,12,1,5
4057,25,2202,12,0,12
4058,77,2202,12,0,18
4059,1,2202,12,1,6
4060,57,2203,12,1,1
4061,32,2204,12,1,-3
4062,99,2205,12,1,1
4063,53,2206,12,1,2
4064,32,2207,12,1,4
4065,59,2207,12,1,6
4066,5,2207,12,0,21
4067,58,2208,12,1,3
4068,82,2208,12,1,4
4069,95,2209,12,0,8
4070,59,2210,12,1,0
4071,15,2211,12,1,2
4072,93,2211,12,0,11
4073,26,2212,12,0,20
4074,90,2212,12,1,1
4075,4,2212,12,0,27
4076,34,2212,12,0,15
4077,52,2213,12,1,5
4078,98,2213,12,0,26
4079,76,2213,12,0,26
4080,80,2213,12,1,-1
4081,49,2214,12,1,4
4082,93,2214,12,1,4
4083,67,2215,12,0,22
4084,35,2215,12,1,4
4085,12,2215,12,0,13
4086,29,2216,12,0,16
4087,38,2216,12,1,7
4088,78,2217,12,1,-3
4089,63,2218,12,1,0
4090,49,2218,12,0,16
4091,66,2218,12,1,-1
4092,9,2219,12,0,16
4093,6,2220,12,1,-3
4094,9,2221,12,1,2
4095,7,2222,12,1,-1
4096,22,2223,12,1,-2
4097,96,2224,12,1,6
4098,76,2224,12,1,5
4099,54,2224,12,1,0
4100,20,2225,12,0,10
4101,76,2225,12,1,6
4102,89,2225,12,0,12
4103,9,2226,12,0,13
4104,16,2226,12,1,4
4105,47,2226,12,1,6
4106,67,2227,12,1,2
4107,55,2227,12,0,13
4108,21,2228,12,0,26
4109,62,2228,12,1,7
4110,56,2229,12,0,18
4111,8,2230,12,1,6
4112,5,2230,12,1,1
4113,89,2230,12,1,4
4114,17,2230,12,1,1
4115,19,2231,12,1,4
4116,29,2231,12,0,18
4117,25,2232,12,1,1
4118,60,2232,12,1,5
4119,84,2233,12,1,2
4120,21,2234,12,1,-2
4121,37,2234,12,1,3
4122,43,2235,12,1,2
4123,14,2236,12,1,5
4124,95,2236,12,1,4
4125,13,2237,12,1,-3
4126,67,2238,12,0,13
4127,88,2239,12,1,1
4128,83,2239,12,1,1
4129,78,2239,12,0,24
4130,41,2240,12,1,0
4131,44,2240,12,0,7
4132,32,2241,12,1,4
4133,22,2241,12,1,-2
4134,1,2242,12,1,-2
4135,80,2242,12,1,0
4136,44,2243,12,1,1
4137,43,2244,12,1,0
4138,24,2245,12,1,-1
4139,34,2246,12,1,1
4140,52,2247,12,0,12
4141,100,2247,12,1,2
4142,65,2248,12,0,19
4143,95,2248,12,1,-2
4144,18,2249,12,1,1
4145,6,2249,12,1,3
4146,93,2250,12,0,17
4147,74,2251,12,1,4
4148,88,2251,12,0,18
4149,100,2252,12,1,1
4150,64,2253,12,1,-2
4151,15,2254,12,0,18
4152,29,2255,12,1,6
4153,78,2255,12,1,4
4154,63,2256,12,1,-1
4155,82,2257,12,0,10
4156,86,2258,12,1,1
4157,75,2258,12,0,12
4158,37,2258,12,0,20
4159,44,2259,12,0,19
4160,19,2259,12,0,17
4161,47,2259,12,1,4
4162,81,2260,12,1,-1
4163,27,2261,12,0,10
4164,54,2261,12,1,4
4165,25,2262,12,0,18
4166,95,2262,12,0,10
4167,34,2263,12,1,2
4168,39,2263,12,0,28
4169,46,2264,12,1,2
4170,100,2265,12,1,6
4171,27,2265,12,1,5
4172,43,2265,12,1,3
4173,55,2265,12,0,24
4174,22,2266,12,1,4
4175,93,2266,12,0,12
4176,9,2267,12,1,-1
4177,91,2268,12,1,1
4178,41,2269,12,1,5
4179,89,2269,12,0,25
4180,27,2269,12,0,25
4181,67,2270,12,1,-1
4182,44,2271,12,0,18
4183,5,2271,12,1,7
4184,40,2272,12,0,16
4185,11,2273,12,1,-2
4186,1,2274,12,1,1
4187,45,2275,12,0,18
4188,33,2275,12,0,21
4189,31,2275,12,0,14
4190,89,2276,12,1,5
4191,36,2276,12,1,-1
4192,89,2277,12,1,2
4193,98,2278,12,1,1
4194,78,2278,12,0,9
4195,93,2279,12,0,18
4196,71,2279,12,1,2
4197,86,2280,12,0,13
4198,71,2280,12,1,-1
4199,90,2281,12,1,4
4200,97,2281,12,1,4
4201,2,2282,12,1,-2
4202,43,2283,12,1,3
4203,77,2283,12,1,4
4204,93,2284,12,0,22
4205,56,2284,12,1,5
4206,18,2284,12,1,4
4207,91,2284,12,1,3
4208,98,2285,12,1,5
4209,91,2286,12,0,12
4210,35,2287,12,0,22
4211,90,2287,12,1,4
4212,76,2288,12,1,0
4213,26,2288,12,0,21
4214,43,2289,12,1,-1
4215,97,2290,12,1,3
4216,89,2291,12,1,1
4217,57,2292,12,1,1
4218,96,2292,12,1,7
4219,56,2292,12,1,0
4220,35,2292,12,1,3
4221,18,2293,12,0,10
4222,25,2294,12,0,29
4223,65,2294,12,1,1
4224,23,2294,12,1,6
4225,6,2294,12,0,15
4226,56,2295,12,1,-2
4227,55,2296,12,1,0
4228,74,2296,12,1,5
4229,19,2297,12,1,-1
4230,68,2297,12,1,1
4231,43,2297,12,0,26
4232,44,2298,12,0,14
4233,89,2298,12,1,4
4234,30,2298,12,0,18
4235,4,2298,12,0,24
4236,19,2299,12,0,11
4237,39,2299,12,1,5
4238,45,2300,12,1,5
4239,79,2301,12,1,7
4240,6,2301,12,1,5
4241,83,2301,12,1,7
4242,38,2302,12,1,-2
4243,73,2302,12,1,3
4244,21,2303,12,1,6
4245,80,2303,12,1,-1
4246,77,2303,12,1,1
4247,63,2303,12,1,1
4248,19,2304,12,1,1
4249,13,2304,12,0,10
4250,40,2305,12,0,23
4251,39,2305,12,0,17
4252,88,2305,12,0,30
4253,98,2306,12,1,4
4254,18,2306,12,0,19
4255,66,2307,12,0,8
4256,82,2308,12,1,4
4257,3,2308,12,1,7
4258,97,2308,12,1,0
4259,57,2308,12,1,7
4260,2,2309,12,0,10
4261,32,2309,12,1,4
4262,72,2310,12,1,-2
4263,95,2310,12,0,15
4264,66,2311,12,1,-2
4265,49,2312,12,1,0
4266,72,2312,12,0,12
4267,18,2313,12,0,16
4268,2,2314,12,1,5
4269,91,2314,12,1,2
4270,47,2315,12,1,2
4271,88,2315,12,1,1
4272,27,2316,12,1,-2
4273,1,2317,12,1,3
4274,45,2318,12,1,1
4275,25,2319,12,0,10
4276,63,2320,12,1,4
4277,79,2320,12,0,18
4278,15,2321,12,1,3
4279,95,2322,12,0,28
4280,48,2322,12,0,18
4281,23,2322,12,1,2
4282,43,2323,12,1,0
4283,97,2324,12,0,7
4284,26,2325,12,1,3
4285,64,2325,12,1,1
4286,88,2325,12,0,17
4287,53,2326,12,1,3
4288,80,2326,12,1,4
4289,52,2327,12,1,0
4290,58,2328,12,0,4
4291,83,2329,12,1,4
4292,5,2329,12,1,5
4293,96,2330,12,1,-1
4294,52,2331,12,1,0
4295,88,2332,12,1,1
4296,44,2332,12,1,4
4297,97,2332,12,1,0
4298,56,2332,12,1,0
4299,1,2333,12,1,-1
4300,82,2333,12,1,0
4301,98,2334,12,1,-2
4302,60,2335,12,1,3
4303,29,2336,12,1,-2
4304,52,2337,12,0,6
4305,3,2337,12,0,19
4306,81,2338,12,0,9
4307,41,2339,12,1,3
4308,15,2339,12,1,6
4309,18,2339,12,0,18
4310,82,2339,12,1,7
4311,13,2340,12,1,2
4312,60,2341,12,1,0
4313,46,2342,12,0,10
4314,56,2342,12,0,19
4315,69,2343,12,1,4
4316,85,2343,12,1,6
4317,99,2343,12,1,1
4318,2,2344,12,1,-3
4319,99,2345,12,1,-1
4320,45,2346,12,1,-1
4321,57,2347,12,1,2
4322,21,2347,12,0,9
4323,8,2348,12,1,3
4324,56,2348,12,1,-2
4325,60,2349,12,0,20
4326,86,2349,12,1,4
4327,64,2349,12,0,23
4328,99,2349,12,1,1
4329,40,2350,12,1,6
4330,88,2350,12,0,20
4331,23,2351,12,0,6
4332,2,2352,12,1,0
4333,61,2352,12,1,-2
4334,18,2353,12,1,6
4335,44,2353,12,0,26
4336,58,2353,12,1,1
4337,8,2354,12,1,2
4338,80,2355,12,0,12
4339,57,2356,12,1,0
4340,28,2357,12,0,15
4341,3,2357,12,0,14
4342,98,2358,12,1,-1
4343,32,2359,12,0,18
4344,73,2360,12,0,29
4345,15,2360,12,0,20
4346,98,2361,12,1,3
4347,8,2361,12,1,-1
4348,87,2361,12,1,-1
4349,82,2361,12,1,6
4350,3,2362,12,1,-1
4351,56,2363,12,1,4
4352,59,2363,12,1,2
4353,33,2364,12,0,13
4354,1,2364,12,1,5
4355,19,2364,12,1,4
4356,7,2364,12,1,2
4357,66,2365,12,1,6
4358,52,2365,12,1,1
4359,84,2366,12,0,5
4360,32,2367,12,0,9
4361,94,2368,12,1,3
4362,48,2368,12,1,7
4363,25,2369,12,1,-1
4364,12,2369,12,1,0
4365,37,2369,12,1,3
4366,19,2370,12,0,24
4367,72,2370,12,0,25
4368,22,2370,12,0,18
4369,38,2370,12,0,21
4370,58,2371,12,1,0
4371,82,2372,12,1,-1
4372,33,2372,12,0,8
4373,38,2373,12,1,1
4374,84,2374,12,0,23
4375,23,2374,12,1,7
4376,5,2374,12,1,5
4377,25,2375,12,0,18
4378,55,2376,12,0,25
4379,96,2376,12,0,24
4380,60,2376,12,1,4
4381,41,2377,12,1,0
4382,18,2378,12,1,3
4383,26,2379,12,1,3
4384,48,2380,12,1,0
4385,74,2380,12,1,7
4386,54,2381,12,0,13
4387,39,2381,12,1,-1
4388,49,2381,12,0,30
4389,48,2381,12,1,3
4390,94,2382,12,1,1
4391,11,2382,12,1,5
4392,30,2382,12,0,18
4393,33,2383,12,1,0
4394,55,2383,12,1,3
4395,26,2384,12,1,0
4396,79,2385,12,0,21
4397,89,2385,12,1,3
4398,41,2385,12,0,20
4399,77,2386,12,0,9
4400,84,2386,12,1,2
4401,80,2387,12,1,1
4402,16,2388,12,1,2
4403,45,2388,12,0,16
4404,71,2389,12,1,5
4405,30,2389,12,1,4
4406,41,2390,12,1,-3
4407,87,2391,12,0,11
4408,4,2391,12,1,4
4409,47,2392,12,1,1
4410,24,2393,12,1,0
4411,8,2393,12,1,-1
4412,45,2394,12,1,1
4413,3,2395,12,1,1
4414,2,2395,12,1,1
4415,41,2396,12,1,1
4416,60,2397,12,1,3
4417,30,2397,12,1,0
4418,94,2397,12,0,18
4419,86,2397,12,0,25
4420,19,2398,12,0,14
4421,91,2398,12,0,30
4422,96,2399,12,1,2
4423,3,2399,12,0,12
4424,64,2399,12,0,14
4425,93,2400,12,1,-3
4426,61,2401,13,0,6
4427,69,2401,13,1,3
4428,2,2402,13,0,18
4429,78,2403,13,1,4
4430,32,2404,13,1,0
4431,86,2404,13,1,3
4432,50,2405,13,0,9
4433,87,2406,13,1,1
4434,94,2406,13,1,-1
4435,56,2406,13,1,7
4436,15,2407,13,1,3
4437,81,2407,13,1,-1
4438,53,2408,13,1,5
4439,29,2409,13,1,2
4440,97,2410,13,1,2
4441,15,2410,13,1,5
4442,40,2410,13,1,7
4443,36,2410,13,1,1
4444,20,2411,13,0,18
4445,79,2411,13,1,7
4446,44,2412,13,0,3
4447,91,2413,13,1,2
4448,39,2414,13,1,2
4449,73,2415,13,0,20
4450,18,2415,13,1,5
4451,3,2416,13,1,4
4452,91,2416,13,1,2
4453,69,2416,13,1,3
4454,35,2416,13,1,5
4455,78,2417,13,0,29
4456,52,2417,13,0,21
4457,92,2418,13,1,1
4458,61,2419,13,1,1
4459,99,2420,13,1,0
4460,83,2420,13,1,1
4461,15,2420,13,1,-1
4462,65,2421,13,0,7
4463,96,2422,13,1,0
4464,31,2423,13,1,-2
4465,81,2424,13,0,30
4466,64,2424,13,0,24
4467,20,2425,13,1,-1
4468,88,2425,13,1,1
4469,13,2426,13,1,-2
4470,29,2427,13,1,7
4471,100,2427,13,1,3
4472,66,2427,13,1,4
4473,81,2427,13,0,24
4474,38,2428,13,1,-2
4475,50,2428,13,0,9
4476,5,2429,13,1,2
4477,5,2430,13,1,3
4478,22,2431,13,1,2
4479,72,2431,13,0,11
4480,78,2432,13,0,19
4481,27,2432,13,0,23
4482,11,2433,13,0,13
4483,24,2434,13,1,5
4484,3,2434,13,1,1
4485,54,2435,13,1,1
4486,16,2436,13,1,2
4487,37,2437,13,0,28
4488,53,2437,13,0,24
4489,92,2437,13,1,7
4490,84,2438,13,1,6
4491,24,2438,13,1,3
4492,72,2438,13,1,-1
4493,18,2439,13,0,12
4494,74,2439,13,0,13
4495,30,2440,13,1,7
4496,14,2440,13,1,1
4497,50,2440,13,1,1
4498,9,2440,13,0,17
4499,56,2441,13,1,7
4500,11,2441,13,1,4
4501,74,2441,13,0,12
4502,13,2441,13,1,4
4503,51,2442,13,1,1
4504,3,2442,13,1,1
4505,17,2443,13,1,7
4506,38,2443,13,1,4
4507,99,2443,13,1,3
4508,52,2444,13,1,-2
4509,3,2444,13,0,17
4510,79,2445,13,1,3
4511,71,2446,13,1,-1
4512,25,2447,13,1,7
4513,88,2447,13,1,-1
4514,61,2448,13,0,17
4515,42,2448,13,1,3
4516,3,2449,13,0,11
4517,73,2450,13,0,29
4518,15,2450,13,0,27
4519,50,2450,13,1,6
4520,72,2451,13,1,-1
4521,54,2451,13,1,6
4522,79,2451,13,1,5
4523,5,2452,13,0,22
4524,6,2452,13,1,4
4525,10,2452,13,1,7
4526,54,2453,13,1,-1
4527,68,2454,13,1,1
4528,26,2455,13,1,0
4529,46,2455,13,0,18
4530,28,2456,13,1,5
4531,82,2456,13,1,5
4532,3,2456,13,0,29
4533,82,2457,13,1,7
4534,95,2457,13,1,0
4535,43,2457,13,0,11
4536,2,2457,13,1,-1
4537,78,2458,13,1,-2
4538,95,2458,13,0,10
4539,4,2459,13,1,5
4540,83,2459,13,1,1
4541,27,2460,13,0,14
4542,73,2460,13,1,4
4543,38,2461,13,1,4
4544,47,2462,13,0,15
4545,24,2462,13,0,16
4546,28,2463,13,1,-2
4547,67,2464,13,0,8
4548,70,2465,13,0,9
4549,90,2466,13,0,11
4550,39,2466,13,1,3
4551,95,2467,13,1,-1
4552,23,2467,13,1,2
4553,87,2467,13,0,21
4554,58,2467,13,1,1
4555,96,2468,13,0,6
4556,99,2469,13,1,7
4557,63,2469,13,1,7
4558,60,2469,13,1,-1
4559,70,2470,13,0,14
4560,28,2470,13,1,2
4561,94,2471,13,1,-2
4562,54,2472,13,0,19
4563,45,2472,13,1,1
4564,90,2473,13,1,3
4565,40,2474,13,1,2
4566,2,2474,13,0,13
4567,18,2474,13,1,6
4568,75,2474,13,0,13
4569,24,2475,13,0,16
4570,43,2475,13,1,5
4571,90,2476,13,1,5
4572,67,2476,13,1,0
4573,82,2477,13,1,3
4574,24,2477,13,0,7
4575,2,2478,13,1,-2
4576,77,2479,13,0,10
4577,71,2479,13,0,20
4578,19,2480,13,1,5
4579,22,2480,13,1,6
4580,93,2480,13,1,3
4581,83,2480,13,1,0
4582,81,2481,13,1,4
4583,82,2481,13,1,-1
4584,74,2481,13,1,0
4585,33,2481,13,0,26
4586,89,2482,13,1,7
4587,19,2482,13,1,-1
4588,47,2482,13,1,5
4589,49,2483,13,1,7
4590,23,2483,13,1,2
4591,23,2484,13,1,-1
4592,11,2485,13,0,19
4593,51,2485,13,1,7
4594,50,2486,13,0,16
4595,75,2487,13,1,4
4596,92,2488,13,1,-1
4597,21,2489,13,1,3
4598,90,2490,13,0,19
4599,91,2490,13,0,14
4600,68,2491,13,1,0
4601,62,2492,13,1,4
4602,87,2492,13,0,16
4603,26,2492,13,1,1
4604,7,2492,13,0,18
4605,71,2493,13,1,3
4606,82,2494,13,1,-1
4607,82,2495,13,1,0
4608,26,2496,13,0,7
4609,95,2497,13,1,7
4610,47,2497,13,1,7
4611,55,2498,13,0,26
4612,71,2498,13,1,-1
4613,49,2498,13,1,4
4614,74,2498,13,0,13
4615,63,2499,13,1,-1
4616,37,2499,13,1,0
4617,9,2500,13,1,5
4618,68,2500,13,1,0
4619,54,2501,13,0,29
4620,51,2501,13,0,22
4621,93,2501,13,0,19
4622,25,2502,13,0,16
4623,49,2502,13,0,19
4624,69,2503,13,1,5
4625,45,2503,13,1,2
4626,80,2503,13,1,0
4627,51,2504,13,1,2
4628,76,2504,13,0,16
4629,68,2505,13,1,1
4630,60,2505,13,1,5
4631,85,2506,13,0,27
4632,86,2506,13,1,5
4633,64,2506,13,0,24
4634,36,2507,13,0,3
4635,25,2508,13,1,-2
4636,93,2509,13,0,14
4637,5,2510,13,0,26
4638,50,2510,13,1,7
4639,87,2510,13,0,19
4640,71,2511,13,1,-1
4641,90,2511,13,1,4
4642,12,2512,13,1,0
4643,36,2513,13,0,12
4644,80,2513,13,0,22
4645,22,2513,13,1,4
4646,64,2514,13,1,3
4647,85,2515,13,1,1
4648,49,2515,13,0,26
4649,52,2516,13,1,2
4650,83,2516,13,0,22
4651,85,2517,13,1,-1
4652,67,2517,13,0,15
4653,4,2517,13,1,2
4654,64,2518,13,1,4
4655,31,2519,13,1,2
4656,100,2519,13,1,2
4657,96,2519,13,1,4
4658,97,2519,13,0,10
4659,55,2520,13,1,2
4660,7,2521,13,1,-3
4661,66,2522,13,1,1
4662,92,2522,13,1,5
4663,100,2523,13,0,3
4664,84,2524,13,1,5
4665,98,2524,13,1,2
4666,5,2525,13,0,20
4667,88,2526,13,1,1
4668,74,2526,13,1,7
4669,30,2527,13,1,5
4670,76,2527,13,1,-2
4671,15,2528,13,1,2
4672,84,2528,13,1,2
4673,14,2529,13,1,-2
4674,42,2530,13,1,1
4675,54,2530,13,1,5
4676,92,2530,13,1,7
4677,72,2531,13,0,12
4678,27,2531,13,1,-1
4679,99,2531,13,1,2
4680,73,2531,13,0,17
4681,95,2532,13,0,22
4682,66,2532,13,1,2
4683,92,2532,13,1,7
4684,7,2532,13,1,3
4685,17,2533,13,0,5
4686,48,2534,13,1,-2
4687,22,2534,13,0,7
4688,45,2535,13,1,0
4689,5,2535,13,1,7
4690,72,2535,13,1,1
4691,47,2536,13,0,20
4692,99,2536,13,1,-2
4693,47,2537,13,0,13
4694,81,2537,13,1,3
4695,83,2537,13,1,5
4696,39,2537,13,1,7
4697,73,2538,13,0,24
4698,65,2538,13,1,5
4699,86,2539,13,1,3
4700,67,2540,13,1,3
4701,57,2540,13,1,3
4702,51,2541,13,0,6
4703,63,2542,13,0,13
4704,41,2542,13,0,11
4705,56,2542,13,1,6
4706,64,2543,13,1,-1
4707,40,2543,13,1,-1
4708,11,2544,13,1,2
4709,25,2545,13,1,0
4710,100,2545,13,1,4
4711,32,2546,13,0,13
4712,4,2546,13,1,5
4713,71,2546,13,1,0
4714,74,2547,13,1,5
4715,5,2547,13,0,29
4716,99,2547,13,0,27
4717,54,2548,13,1,2
4718,57,2548,13,1,-2
4719,21,2549,13,1,2
4720,82,2549,13,1,7
4721,67,2549,13,1,3
4722,55,2549,13,1,3
4723,63,2550,13,0,29
4724,25,2550,13,0,30
4725,72,2550,13,1,0
4726,70,2551,13,1,5
4727,91,2552,13,0,3
4728,86,2553,13,0,22
4729,70,2553,13,0,25
4730,37,2553,13,1,1
4731,25,2554,13,1,-1
4732,6,2555,13,1,5
4733,100,2555,13,1,5
4734,21,2556,13,1,1
4735,94,2557,13,1,1
4736,3,2557,13,1,2
4737,72,2557,13,0,11
4738,42,2558,13,1,2
4739,7,2559,13,1,-2
4740,77,2560,13,0,20
4741,26,2560,13,1,3
4742,88,2561,13,1,5
4743,47,2561,13,0,6
4744,31,2562,13,1,1
4745,5,2563,13,1,3
4746,95,2564,13,0,12
4747,72,2565,13,1,-2
4748,64,2566,13,1,1
4749,30,2567,13,1,5
4750,9,2567,13,0,17
4751,20,2567,13,0,16
4752,78,2568,13,1,3
4753,9,2568,13,1,4
4754,14,2568,13,1,4
4755,89,2569,13,0,12
4756,77,2569,13,1,0
4757,53,2570,13,1,1
4758,56,2571,13,0,7
4759,98,2572,13,0,14
4760,58,2573,13,0,14
4761,2,2573,13,1,4
4762,13,2574,13,1,3
4763,4,2574,13,1,2
4764,69,2574,13,1,0
4765,2,2574,13,0,26
4766,19,2575,13,1,5
4767,74,2575,13,1,1
4768,17,2576,13,1,4
4769,89,2576,13,1,3
4770,39,2576,13,1,3
4771,22,2577,13,0,15
4772,23,2577,13,1,2
4773,75,2577,13,1,6
4774,92,2578,13,0,24
4775,27,2578,13,0,11
4776,67,2578,13,1,3
4777,23,2579,13,0,12
4778,62,2579,13,1,4
4779,44,2579,13,1,5
4780,45,2579,13,0,13
4781,39,2580,13,1,0
4782,45,2580,13,0,6
4783,30,2581,13,1,4
4784,70,2581,13,1,1
4785,93,2582,13,1,3
4786,33,2583,13,0,15
4787,95,2583,13,0,18
4788,9,2584,13,0,8
4789,61,2584,13,1,3
4790,97,2585,13,1,3
4791,69,2585,13,0,12
4792,59,2586,13,1,1
4793,67,2586,13,1,0
4794,45,2586,13,0,23
4795,25,2586,13,0,10
4796,59,2587,13,1,3
4797,68,2587,13,1,2
4798,81,2588,13,1,-1
4799,19,2588,13,0,19
4800,41,2589,13,1,7
4801,69,2589,13,1,5
4802,25,2590,13,1,4
4803,15,2590,13,1,5
4804,97,2591,13,1,5
4805,64,2591,13,1,6
4806,60,2592,13,1,7
4807,83,2592,13,1,1
4808,49,2592,13,0,19
4809,91,2593,13,0,15
4810,6,2593,13,0,13
4811,25,2594,13,1,-1
4812,6,2594,13,1,0
4813,32,2594,13,1,-1
4814,45,2595,13,1,1
4815,33,2595,13,0,13
4816,40,2596,13,0,12
4817,20,2597,13,0,25
4818,25,2597,13,0,18
4819,66,2597,13,0,21
4820,95,2598,13,1,-2
4821,52,2598,13,1,-1
4822,74,2599,13,0,27
4823,62,2599,13,1,0
4824,37,2599,13,1,7
4825,39,2600,13,1,0
4826,91,2600,13,1,1
4827,42,2601,14,0,20
4828,89,2602,14,1,-2
4829,25,2602,14,1,0
4830,88,2603,14,0,9
4831,76,2604,14,1,3
4832,89,2604,14,1,-1
4833,56,2605,14,1,0
4834,13,2605,14,1,3
4835,85,2606,14,1,1
4836,40,2606,14,1,2
4837,21,2607,14,0,13
4838,75,2608,14,1,-1
4839,43,2608,14,1,3
4840,58,2608,14,0,28
4841,51,2609,14,1,6
4842,19,2609,14,1,1
4843,42,2609,14,1,1
4844,37,2609,14,1,2
4845,55,2610,14,0,16
4846,74,2610,14,0,20
4847,91,2610,14,1,7
4848,94,2611,14,1,-2
4849,77,2612,14,1,-1
4850,73,2613,14,1,-2
4851,40,2614,14,1,5
4852,77,2614,14,0,16
4853,79,2615,14,1,4
4854,76,2615,14,1,4
4855,89,2615,14,1,7
4856,52,2615,14,1,-1
4857,81,2616,14,1,3
4858,40,2616,14,1,5
4859,46,2616,14,0,30
4860,3,2616,14,1,4
4861,55,2617,14,0,8
4862,89,2618,14,0,12
4863,78,2619,14,0,28
4864,2,2619,14,1,-1
4865,72,2619,14,1,2
4866,41,2619,14,0,30
4867,84,2620,14,1,-3
4868,27,2621,14,1,5
4869,1,2621,14,1,5
4870,92,2622,14,1,-2
4871,59,2623,14,1,5
4872,27,2623,14,1,0
4873,5,2624,14,0,4
4874,77,2625,14,1,0
4875,93,2626,14,1,0
4876,26,2627,14,1,1
4877,84,2628,14,0,11
4878,27,2628,14,1,2
4879,95,2628,14,1,4
4880,28,2628,14,0,16
4881,9,2629,14,0,26
4882,70,2629,14,1,3
4883,67,2629,14,1,0
4884,58,2630,14,0,16
4885,91,2631,14,1,1
4886,83,2631,14,1,3
4887,45,2631,14,1,-1
4888,65,2632,14,1,2
4889,99,2633,14,0,12
4890,54,2633,14,1,-1
4891,46,2634,14,0,17
4892,3,2634,14,1,3
4893,66,2635,14,1,-2
4894,32,2636,14,1,7
4895,72,2636,14,0,20
4896,22,2636,14,1,5
4897,27,2636,14,1,1
4898,29,2637,14,0,14
4899,93,2637,14,1,6
4900,16,2638,14,1,-1
4901,9,2638,14,1,-1
4902,72,2638,14,0,24
4903,85,2638,14,1,0
4904,78,2639,14,1,1
4905,73,2640,14,0,13
4906,7,2640,14,1,3
4907,72,2641,14,1,3
4908,81,2641,14,0,11
4909,46,2641,14,1,0
4910,1,2641,14,1,4
4911,86,2642,14,0,9
4912,96,2643,14,1,3
4913,58,2644,14,1,-1
4914,71,2644,14,0,11
4915,31,2645,14,1,1
4916,98,2645,14,0,18
4917,73,2645,14,1,0
4918,46,2646,14,1,-2
4919,82,2647,14,0,26
4920,37,2647,14,1,2
4921,90,2648,14,1,0
4922,76,2648,14,1,3
4923,63,2649,14,0,4
4924,65,2650,14,1,4
4925,3,2650,14,1,1
4926,1,2650,14,0,28
4927,42,2651,14,0,17
4928,14,2652,14,1,1
4929,11,2653,14,1,-2
4930,18,2654,14,1,-2
4931,64,2655,14,1,1
4932,96,2656,14,0,10
4933,44,2657,14,1,1
4934,85,2658,14,1,3
4935,36,2659,14,0,16
4936,17,2659,14,1,-1
4937,97,2659,14,1,2
4938,54,2660,14,0,18
4939,77,2660,14,0,22
4940,93,2660,14,0,14
4941,16,2661,14,0,25
4942,100,2661,14,1,-1
4943,14,2662,14,1,3
4944,17,2662,14,1,-2
4945,77,2663,14,1,5
4946,46,2663,14,1,2
4947,71,2664,14,1,1
4948,93,2665,14,1,3
4949,31,2665,14,1,4
4950,65,2665,14,0,17
4951,50,2666,14,0,8
4952,65,2667,14,1,1
4953,3,2668,14,1,6
4954,91,2668,14,0,22
4955,8,2668,14,0,26
4956,100,2669,14,1,5
4957,4,2669,14,1,4
4958,7,2670,14,1,4
4959,81,2671,14,0,5
4960,17,2672,14,1,5
4961,13,2673,14,1,4
4962,81,2673,14,1,2
4963,87,2674,14,1,-2
4964,100,2674,14,1,2
4965,35,2675,14,0,16
4966,10,2676,14,1,5
4967,9,2677,14,1,-1
4968,40,2677,14,0,30
4969,17,2677,14,1,3
4970,14,2677,14,1,7
4971,44,2678,14,0,28
4972,32,2678,14,0,26
4973,12,2678,14,0,28
4974,34,2678,14,0,14
4975,7,2679,14,1,2
4976,70,2679,14,1,-2
4977,84,2680,14,0,20
4978,97,2680,14,1,0
4979,96,2681,14,1,7
4980,94,2681,14,0,17
4981,97,2682,14,1,-2
4982,5,2682,14,1,-2
4983,57,2683,14,1,5
4984,11,2683,14,1,0
4985,30,2684,14,0,7
4986,50,2684,14,1,-1
4987,5,2685,14,1,5
4988,2,2685,14,0,26
4989,65,2685,14,1,5
4990,57,2685,14,1,6
4991,24,2686,14,1,3
4992,31,2686,14,1,0
4993,21,2686,14,0,23
4994,35,2687,14,1,1
4995,97,2688,14,0,27
4996,83,2688,14,1,5
4997,76,2689,14,0,30
4998,39,2689,14,1,3
4999,77,2690,14,1,5
5000,83,2690,14,1,2
5001,39,2690,14,1,5
5002,23,2691,14,1,-1
5003,3,2692,14,1,4
5004,30,2693,14,1,-1
5005,85,2694,14,0,10
5006,47,2694,14,0,8
5007,92,2695,14,0,18
5008,32,2696,14,1,1
5009,14,2697,14,1,-3
5010,30,2698,14,1,6
5011,56,2698,14,0,12
5012,99,2698,14,1,0
5013,96,2698,14,1,0
5014,31,2699,14,0,12
5015,98,2700,14,0,15
5016,56,2700,14,1,0
5017,79,2701,14,1,1
5018,56,2701,14,1,4
5019,69,2702,14,1,2
5020,95,2702,14,1,-1
5021,76,2703,14,1,0
5022,89,2704,14,0,18
5023,50,2704,14,1,0
5024,4,2705,14,1,5
5025,63,2705,14,1,0
5026,14,2705,14,0,25
5027,62,2706,14,1,2
5028,38,2707,14,0,15
5029,8,2708,14,0,3
5030,90,2709,14,1,7
5031,26,2709,14,1,3
5032,62,2709,14,1,3
5033,57,2710,14,1,1
5034,26,2711,14,0,29
5035,82,2711,14,1,2
5036,25,2711,14,0,28
5037,87,2711,14,1,7
5038,83,2712,14,0,12
5039,58,2712,14,1,3
5040,47,2712,14,0,11
5041,52,2713,14,0,11
5042,66,2713,14,0,25
5043,53,2714,14,1,-2
5044,85,2714,14,1,-1
5045,65,2715,14,1,1
5046,48,2716,14,1,1
5047,74,2716,14,1,1
5048,17,2717,14,1,2
5049,91,2718,14,1,-1
5050,58,2718,14,1,3
5051,47,2719,14,1,-2
5052,94,2719,14,1,4
5053,64,2720,14,0,29
5054,16,2720,14,0,25
5055,89,2720,14,1,4
5056,84,2720,14,0,18
5057,65,2721,14,0,11
5058,9,2722,14,0,11
5059,80,2723,14,1,0
5060,47,2724,14,0,10
5061,52,2724,14,1,2
5062,31,2724,14,0,21
5063,42,2724,14,1,5
5064,74,2725,14,1,4
5065,83,2725,14,1,2
5066,14,2726,14,1,-1
5067,25,2727,14,1,4
5068,93,2727,14,1,0
5069,23,2728,14,1,6
5070,27,2728,14,1,6
5071,74,2729,14,1,5
5072,60,2729,14,1,0
5073,37,2729,14,1,0
5074,87,2730,14,0,18
5075,75,2730,14,1,7
5076,100,2731,14,0,3
5077,95,2732,14,1,4
5078,4,2732,14,1,5
5079,100,2733,14,1,3
5080,89,2734,14,0,21
5081,68,2734,14,0,10
5082,56,2735,14,1,2
5083,30,2735,14,1,4
5084,59,2736,14,0,6
5085,56,2737,14,1,4
5086,48,2737,14,1,4
5087,35,2738,14,1,3
5088,11,2739,14,1,0
5089,15,2739,14,0,11
5090,88,2740,14,1,1
5091,37,2740,14,1,2
5092,34,2741,14,0,11
5093,88,2741,14,1,5
5094,53,2742,14,1,-1
5095,54,2743,14,0,9
5096,22,2743,14,1,-1
5097,96,2744,14,0,5
5098,95,2745,14,0,25
5099,61,2745,14,1,0
5100,9,2745,14,1,5
5101,53,2745,14,0,17
5102,57,2746,14,1,2
5103,61,2746,14,0,27
5104,68,2746,14,1,1
5105,88,2747,14,1,-2
5106,24,2747,14,0,7
5107,88,2748,14,1,2
5108,56,2748,14,1,2
5109,11,2748,14,1,7
5110,68,2749,14,0,19
5111,46,2749,14,1,0
5112,85,2749,14,1,5
5113,77,2750,14,1,-1
5114,71,2751,14,1,3
5115,40,2751,14,1,-1
5116,57,2751,14,1,2
5117,83,2751,14,0,27
5118,67,2752,14,0,10
5119,98,2753,14,1,4
5120,64,2753,14,1,0
5121,44,2753,14,1,6
5122,38,2754,14,0,12
5123,4,2754,14,1,4
5124,79,2755,14,1,-2
5125,40,2755,14,1,3
5126,55,2756,14,0,24
5127,74,2756,14,0,18
5128,27,2756,14,1,-1
5129,58,2757,14,0,12
5130,95,2758,14,1,0
5131,64,2758,14,0,19
5132,11,2759,14,1,1
5133,38,2759,14,0,7
5134,27,2760,14,0,14
5135,76,2761,14,1,3
5136,76,2762,14,1,0
5137,77,2763,14,0,20
5138,5,2763,14,1,0
5139,70,2764,14,1,1
5140,1,2765,14,0,24
5141,7,2765,14,1,0
5142,29,2766,14,1,5
5143,57,2767,14,1,1
5144,7,2768,14,1,-1
5145,42,2769,14,1,7
5146,24,2769,14,1,4
5147,100,2770,14,1,-2
5148,7,2770,14,1,2
5149,34,2771,14,1,3
5150,22,2772,14,0,28
5151,52,2772,14,1,0
5152,65,2772,14,1,2
5153,99,2773,14,0,18
5154,70,2773,14,1,0
5155,70,2774,14,1,3
5156,92,2775,14,0,12
5157,66,2776,14,0,11
5158,69,2776,14,1,5
5159,42,2777,14,1,4
5160,98,2778,14,0,17
5161,20,2778,14,1,-1
5162,27,2778,14,1,7
5163,75,2778,14,1,5
5164,20,2779,14,0,12
5165,95,2780,14,1,-2
5166,56,2781,14,1,-2
5167,12,2782,14,0,28
5168,63,2782,14,1,5
5169,34,2782,14,1,6
5170,7,2783,14,1,-1
5171,9,2783,14,0,13
5172,12,2784,14,1,-1
5173,100,2784,14,1,5
5174,42,2784,14,0,15
5175,84,2785,14,0,10
5176,51,2785,14,0,17
5177,93,2786,14,0,21
5178,1,2786,14,1,7
5179,81,2787,14,1,-1
5180,6,2787,14,1,-2
5181,96,2788,14,0,21
5182,85,2788,14,1,4
5183,83,2788,14,0,13
5184,84,2788,14,0,24
5185,63,2789,14,1,2
5186,98,2790,14,1,0
5187,43,2790,14,1,7
5188,34,2791,14,1,2
5189,94,2792,14,1,0
5190,35,2792,14,0,13
5191,17,2793,14,1,2
5192,78,2794,14,1,3
5193,82,2794,14,0,11
5194,68,2795,14,1,1
5195,67,2795,14,1,4
5196,55,2795,14,0,10
5197,2,2796,14,1,4
5198,29,2796,14,1,-1
5199,7,2796,14,1,2
5200,41,2797,14,1,4
5201,62,2797,14,0,18
5202,98,2797,14,1,0
5203,77,2797,14,0,30
5204,49,2798,14,1,5
5205,25,2798,14,1,0
5206,6,2799,14,1,3
5207,86,2799,14,1,-1
5208,14,2800,14,1,1
5209,51,2801,15,1,-1
5210,14,2801,15,1,6
5211,30,2801,15,0,13
5212,32,2802,15,1,4
5213,67,2802,15,1,6
5214,94,2802,15,0,11
5215,52,2802,15,0,14
5216,2,2803,15,1,4
5217,20,2803,15,0,10
5218,57,2804,15,1,-1
5219,42,2804,15,0,15
5220,50,2805,15,1,7
5221,22,2805,15,1,7
5222,18,2805,15,0,23
5223,80,2805,15,1,3
5224,33,2806,15,1,-1
5225,77,2807,15,0,27
5226,44,2807,15,1,0
5227,1,2807,15,1,4
5228,39,2807,15,1,4
5229,50,2808,15,0,7
5230,14,2808,15,1,2
5231,86,2809,15,1,3
5232,74,2809,15,1,2
5233,81,2810,15,1,-2
5234,14,2811,15,1,1
5235,94,2812,15,0,9
5236,91,2813,15,1,3
5237,31,2813,15,0,26
5238,26,2813,15,1,3
5239,48,2814,15,1,3
5240,32,2814,15,1,1
5241,81,2814,15,0,27
5242,44,2814,15,1,4
5243,59,2815,15,0,22
5244,84,2815,15,1,4
5245,78,2816,15,1,1
5246,90,2816,15,1,-1
5247,80,2817,15,0,18
5248,52,2817,15,1,-2
5249,29,2818,15,0,3
5250,91,2819,15,1,0
5251,69,2819,15,1,7
5252,15,2819,15,0,13
5253,13,2820,15,1,6
5254,22,2820,15,1,-1
5255,46,2820,15,1,1
5256,29,2821,15,0,21
5257,69,2821,15,0,20
5258,64,2822,15,0,4
5259,99,2823,15,1,4
5260,69,2823,15,0,28
5261,8,2823,15,1,-1
5262,85,2824,15,0,17
5263,82,2825,15,1,-3
5264,78,2826,15,0,20
5265,86,2827,15,0,12
5266,100,2828,15,1,3
5267,93,2828,15,1,6
5268,97,2829,15,1,0
5269,43,2830,15,0,17
5270,11,2831,15,0,16
5271,100,2831,15,0,7
5272,10,2832,15,0,7
5273,23,2833,15,1,0
5274,93,2833,15,1,4
5275,51,2833,15,1,-1
5276,3,2833,15,0,23
5277,10,2834,15,1,3
5278,16,2835,15,1,0
5279,67,2835,15,1,4
5280,57,2836,15,0,11
5281,5,2836,15,0,9
5282,53,2837,15,1,4
5283,6,2837,15,1,-2
5284,28,2838,15,0,6
5285,22,2839,15,0,19
5286,28,2839,15,1,-1
5287,82,2840,15,1,0
5288,55,2841,15,0,13
5289,14,2842,15,1,2
5290,21,2842,15,0,19
5291,69,2842,15,1,4
5292,18,2843,15,1,0
5293,23,2843,15,1,-2
5294,100,2844,15,1,-1
5295,99,2845,15,1,0
5296,25,2846,15,1,0
5297,19,2846,15,1,0
5298,18,2847,15,1,1
5299,55,2847,15,1,-1
5300,46,2848,15,1,-2
5301,87,2849,15,1,1
5302,79,2849,15,1,4
5303,33,2850,15,0,7
5304,23,2850,15,1,5
5305,84,2851,15,1,-3
5306,60,2852,15,1,0
5307,75,2853,15,0,27
5308,13,2853,15,1,1
5309,22,2854,15,0,12
5310,88,2855,15,1,5
5311,49,2855,15,1,1
5312,77,2856,15,1,0
5313,34,2856,15,1,5
5314,99,2857,15,0,12
5315,52,2858,15,1,-3
5316,70,2859,15,1,-2
5317,94,2860,15,0,7
5318,24,2861,15,0,26
5319,33,2861,15,0,26
5320,14,2861,15,1,6
5321,13,2862,15,1,-1
5322,85,2862,15,1,1
5323,69,2863,15,1,3
5324,7,2863,15,1,5
5325,25,2864,15,1,-1
5326,56,2864,15,1,4
5327,20,2864,15,1,6
5328,62,2865,15,0,22
5329,23,2865,15,0,14
5330,44,2865,15,1,6
5331,80,2866,15,0,7
5332,76,2867,15,0,26
5333,73,2867,15,1,6
5334,24,2868,15,1,2
5335,80,2869,15,1,3
5336,30,2870,15,1,-1
5337,88,2870,15,1,5
5338,99,2871,15,0,5
5339,85,2872,15,1,3
5340,72,2872,15,0,17
5341,1,2873,15,1,-2
5342,59,2874,15,0,10
5343,14,2875,15,1,5
5344,31,2875,15,1,0
5345,19,2876,15,0,14
5346,58,2876,15,0,23
5347,27,2876,15,1,-1
5348,60,2877,15,1,2
5349,1,2877,15,0,24
5350,97,2877,15,0,21
5351,64,2878,15,1,1
5352,21,2879,15,1,0
5353,6,2879,15,1,0
5354,2,2879,15,1,5
5355,3,2880,15,0,14
5356,87,2880,15,1,-2
5357,57,2881,15,1,2
5358,41,2882,15,1,0
5359,95,2882,15,0,16
5360,60,2882,15,0,23
5361,2,2883,15,1,3
5362,26,2884,15,1,-2
5363,96,2884,15,1,4
5364,50,2885,15,1,3
5365,46,2885,15,1,3
5366,32,2885,15,1,-1
5367,28,2885,15,1,5
5368,80,2886,15,1,1
5369,20,2887,15,1,-1
5370,4,2888,15,1,5
5371,7,2889,15,0,9
5372,68,2890,15,1,2
5373,39,2891,15,1,3
5374,42,2891,15,0,14
5375,95,2892,15,1,-2
5376,68,2892,15,1,5
5377,18,2893,15,1,4
5378,34,2893,15,1,1
5379,81,2894,15,0,15
5380,42,2894,15,0,10
5381,51,2895,15,0,19
5382,79,2895,15,0,15
5383,10,2896,15,1,1
5384,56,2896,15,1,1
5385,2,2897,15,1,3
5386,55,2897,15,0,14
5387,76,2898,15,1,2
5388,74,2899,15,0,12
5389,44,2900,15,1,5
5390,5,2900,15,1,2
5391,69,2901,15,0,8
5392,56,2902,15,1,5
5393,33,2902,15,0,10
5394,92,2903,15,0,12
5395,48,2903,15,1,3
5396,68,2904,15,1,-1
5397,10,2904,15,0,29
5398,67,2905,15,1,4
5399,17,2905,15,1,3
5400,73,2906,15,1,2
5401,77,2906,15,1,3
5402,60,2906,15,1,4
5403,92,2906,15,1,0
5404,30,2907,15,1,3
5405,93,2907,15,0,28
5406,77,2908,15,1,4
5407,47,2909,15,1,-2
5408,52,2909,15,1,4
5409,64,2910,15,1,-2
5410,60,2911,15,1,7
5411,70,2911,15,1,1
5412,22,2912,15,1,-1
5413,90,2913,15,1,2
5414,82,2913,15,0,21
5415,8,2913,15,1,3
5416,37,2914,15,1,5
5417,76,2914,15,0,10
5418,36,2915,15,0,13
5419,77,2915,15,0,30
5420,92,2916,15,1,3
5421,62,2917,15,1,0
5422,25,2917,15,1,5
5423,72,2918,15,1,0
5424,69,2919,15,1,5
5425,41,2920,15,0,30
5426,6,2920,15,0,14
5427,89,2921,15,0,11
5428,19,2921,15,1,-2
5429,83,2922,15,1,1
5430,100,2922,15,1,1
5431,33,2923,15,0,7
5432,93,2924,15,1,-1
5433,84,2925,15,1,-1
5434,15,2925,15,1,0
5435,27,2926,15,1,3
5436,31,2926,15,1,4
5437,40,2927,15,1,1
5438,19,2928,15,0,13
5439,28,2928,15,0,11
5440,27,2929,15,1,1
5441,75,2930,15,1,-2
5442,72,2931,15,0,9
5443,28,2931,15,0,15
5444,1,2932,15,1,2
5445,58,2932,15,1,2
5446,76,2932,15,1,5
5447,31,2933,15,0,13
5448,80,2934,15,0,13
5449,5,2935,15,1,1
5450,96,2936,15,1,0
5451,79,2937,15,1,-3
5452,35,2938,15,1,-1
5453,57,2939,15,0,14
5454,92,2940,15,0,16
5455,17,2941,15,0,18
5456,92,2941,15,0,18
5457,76,2941,15,1,6
5458,43,2941,15,1,6
5459,34,2942,15,1,-2
5460,93,2943,15,0,8
5461,96,2943,15,0,20
5462,10,2944,15,1,1
5463,30,2944,15,1,1
5464,26,2944,15,0,30
5465,40,2945,15,1,4
5466,91,2945,15,1,-1
5467,90,2945,15,1,2
5468,86,2945,15,1,6
5469,56,2946,15,1,6
5470,73,2946,15,1,2
5471,21,2946,15,1,4
5472,14,2946,15,1,7
5473,37,2947,15,1,-2
5474,4,2947,15,0,7
5475,30,2948,15,1,-2
5476,45,2949,15,0,21
5477,64,2949,15,1,4
5478,89,2949,15,0,25
5479,66,2950,15,0,30
5480,15,2950,15,0,21
5481,93,2951,15,1,-1
5482,81,2952,15,1,0
5483,54,2952,15,1,5
5484,66,2952,15,1,2
5485,37,2953,15,1,-2
5486,43,2953,15,1,-2
5487,2,2954,15,1,6
5488,25,2954,15,1,0
5489,96,2954,15,1,0
5490,10,2954,15,0,28
5491,69,2955,15,0,24
5492,90,2955,15,0,30
5493,11,2956,15,1,5
5494,37,2957,15,1,0
5495,99,2957,15,1,1
5496,31,2958,15,1,4
5497,36,2958,15,0,26
5498,100,2959,15,1,1
5499,12,2959,15,0,16
5500,90,2960,15,1,-1
5501,65,2960,15,1,4
5502,43,2961,15,1,4
5503,89,2961,15,1,0
5504,2,2962,15,1,1
5505,6,2963,15,0,8
5506,58,2964,15,1,3
5507,98,2964,15,1,-1
5508,85,2964,15,1,5
5509,72,2965,15,1,4
5510,47,2965,15,1,2
5511,85,2966,15,0,12
5512,70,2967,15,1,-3
5513,16,2968,15,1,-1
5514,96,2969,15,0,10
5515,3,2970,15,1,-1
5516,65,2970,15,1,5
5517,56,2970,15,0,18
5518,18,2970,15,1,1
5519,70,2971,15,1,5
5520,19,2971,15,0,17
5521,100,2971,15,1,-1
5522,9,2971,15,0,28
5523,99,2972,15,1,-1
5524,70,2973,15,1,-2
5525,11,2974,15,1,1
5526,72,2975,15,0,20
5527,24,2975,15,1,3
5528,57,2976,15,1,-1
5529,94,2977,15,0,10
5530,94,2978,15,0,7
5531,50,2979,15,1,-1
5532,74,2980,15,0,7
5533,43,2981,15,1,1
5534,72,2982,15,0,18
5535,12,2982,15,1,3
5536,66,2982,15,1,3
5537,56,2983,15,1,0
5538,2,2983,15,1,-2
5539,49,2984,15,1,-2
5540,74,2985,15,0,27
5541,84,2985,15,0,26
5542,98,2985,15,0,18
5543,38,2986,15,0,20
5544,97,2987,15,1,6
5545,14,2987,15,1,7
5546,40,2987,15,1,3
5547,74,2987,15,0,23
5548,26,2988,15,0,14
5549,41,2988,15,1,-1
5550,61,2989,15,1,0
5551,97,2989,15,1,2
5552,71,2990,15,1,1
5553,68,2990,15,0,16
5554,60,2990,15,0,24
5555,13,2991,15,1,5
5556,8,2991,15,1,4
5557,55,2992,15,1,4
5558,92,2992,15,0,7
5559,56,2993,15,1,3
5560,94,2993,15,1,1
5561,52,2994,15,1,-1
5562,92,2995,15,1,2
5563,41,2995,15,1,1
5564,64,2996,15,0,11
5565,84,2996,15,0,16
5566,45,2997,15,1,1
5567,8,2998,15,1,-2
5568,50,2999,15,0,9
5569,14,3000,15,0,10
5570,44,3000,15,1,4
5571,60,3000,15,0,14
5572,8,3001,16,0,8
5573,70,3001,16,0,16
5574,13,3002,16,1,0
5575,36,3003,16,1,0
5576,98,3004,16,1,3
5577,84,3005,16,1,-1
5578,67,3005,16,1,7
5579,8,3006,16,0,15
5580,22,3006,16,1,1
5581,68,3006,16,1,1
5582,49,3007,16,1,0
5583,30,3007,16,1,-1
5584,34,3007,16,1,2
5585,27,3008,16,1,0
5586,14,3009,16,0,12
5587,9,3010,16,1,4
5588,70,3010,16,1,5
5589,71,3011,16,1,1
5590,64,3011,16,1,4
5591,56,3011,16,1,0
5592,24,3012,16,1,2
5593,33,3012,16,1,0
5594,10,3013,16,0,14
5595,68,3013,16,1,7
5596,6,3014,16,1,-1
5597,94,3014,16,1,1
5598,59,3015,16,0,6
5599,51,3015,16,0,6
5600,21,3016,16,0,9
5601,53,3017,16,1,-1
5602,75,3017,16,1,5
5603,34,3018,16,1,1
5604,66,3018,16,1,-1
5605,53,3018,16,1,7
5606,32,3019,16,1,0
5607,51,3020,16,0,11
5608,84,3021,16,1,4
5609,25,3021,16,1,7
5610,52,3021,16,1,3
5611,46,3022,16,0,16
5612,34,3022,16,1,0
5613,57,3022,16,1,0
5614,61,3022,16,0,14
5615,42,3023,16,1,-3
5616,92,3024,16,1,4
5617,11,3024,16,0,18
5618,88,3025,16,1,2
5619,93,3026,16,0,19
5620,16,3026,16,1,2
5621,59,3027,16,0,11
5622,84,3027,16,1,2
5623,6,3028,16,0,18
5624,22,3028,16,1,-1
5625,2,3029,16,1,4
5626,13,3030,16,1,-2
5627,50,3030,16,1,2
5628,21,3031,16,1,3
5629,57,3032,16,0,12
5630,76,3032,16,0,9
5631,48,3033,16,0,19
5632,4,3033,16,1,-1
5633,9,3033,16,1,7
5634,44,3033,16,1,4
5635,25,3034,16,1,4
5636,69,3034,16,1,5
5637,32,3035,16,1,6
5638,12,3035,16,0,25
5639,51,3035,16,1,1
5640,66,3035,16,1,2
5641,85,3036,16,0,23
5642,67,3036,16,1,1
5643,2,3037,16,1,0
5644,56,3038,16,0,23
5645,23,3038,16,1,5
5646,54,3039,16,1,3
5647,24,3040,16,0,3
5648,15,3041,16,1,0
5649,84,3041,16,1,5
5650,33,3041,16,0,16
5651,10,3042,16,1,-1
5652,52,3043,16,0,9
5653,85,3044,16,1,0
5654,40,3045,16,1,0
5655,27,3045,16,1,4
5656,33,3046,16,0,15
5657,48,3047,16,1,1
5658,35,3047,16,0,9
5659,71,3048,16,1,1
5660,18,3048,16,1,0
5661,14,3049,16,1,-2
5662,15,3050,16,0,18
5663,53,3050,16,1,2
5664,75,3051,16,1,0
5665,19,3051,16,0,19
5666,83,3052,16,1,4
5667,98,3053,16,1,3
5668,80,3054,16,0,22
5669,39,3054,16,1,3
5670,82,3054,16,0,10
5671,88,3055,16,1,6
5672,19,3055,16,0,26
5673,79,3056,16,0,30
5674,38,3056,16,0,22
5675,72,3056,16,1,0
5676,26,3057,16,1,1
5677,31,3057,16,0,23
5678,8,3057,16,1,1
5679,7,3058,16,1,-1
5680,11,3059,16,1,1
5681,40,3059,16,1,-1
5682,76,3060,16,1,0
5683,79,3060,16,1,6
5684,52,3061,16,0,15
5685,61,3062,16,1,0
5686,39,3062,16,0,10
5687,17,3062,16,1,5
5688,40,3062,16,1,-1
5689,61,3063,16,1,3
5690,55,3063,16,0,17
5691,23,3064,16,1,0
5692,49,3064,16,1,-1
5693,37,3065,16,1,1
5694,1,3066,16,0,20
5695,10,3066,16,1,0
5696,85,3067,16,1,4
5697,93,3067,16,1,4
5698,24,3068,16,0,10
5699,84,3069,16,1,1
5700,59,3069,16,1,4
5701,75,3070,16,1,0
5702,41,3070,16,0,26
5703,59,3070,16,1,0
5704,91,3071,16,1,6
5705,80,3071,16,0,13
5706,46,3071,16,1,7
5707,49,3071,16,1,0
5708,31,3072,16,0,8
5709,75,3073,16,1,0
5710,81,3073,16,1,1
5711,25,3074,16,0,17
5712,61,3075,16,1,-2
5713,79,3075,16,1,5
5714,42,3076,16,0,21
5715,24,3076,16,1,1
5716,72,3076,16,1,7
5717,61,3077,16,0,12
5718,46,3077,16,0,24
5719,33,3077,16,1,5
5720,90,3078,16,0,11
5721,94,3079,16,1,3
5722,85,3080,16,1,-1
5723,55,3080,16,0,14
5724,9,3080,16,1,5
5725,94,3081,16,1,4
5726,57,3082,16,1,0
5727,24,3082,16,1,1
5728,77,3083,16,0,20
5729,85,3083,16,1,3
5730,60,3084,16,1,-3
5731,71,3085,16,1,6
5732,88,3085,16,0,14
5733,52,3085,16,0,23
5734,55,3085,16,1,3
5735,86,3086,16,1,7
5736,23,3086,16,1,6
5737,63,3087,16,1,-1
5738,37,3088,16,0,12
5739,83,3089,16,1,-1
5740,3,3090,16,0,18
5741,47,3091,16,0,26
5742,65,3091,16,0,20
5743,33,3091,16,1,7
5744,19,3092,16,1,4
5745,60,3092,16,1,1
5746,40,3092,16,0,26
5747,80,3092,16,0,10
5748,5,3093,16,0,6
5749,38,3094,16,1,0
5750,64,3095,16,1,-2
5751,82,3096,16,1,4
5752,41,3096,16,1,2
5753,67,3097,16,1,1
5754,44,3098,16,1,1
5755,52,3098,16,1,5
5756,68,3099,16,0,23
5757,98,3099,16,0,17
5758,7,3100,16,1,0
5759,82,3101,16,1,3
5760,11,3101,16,1,4
5761,69,3102,16,0,11
5762,2,3103,16,1,7
5763,94,3103,16,1,2
5764,56,3103,16,0,27
5765,83,3104,16,1,-2
5766,98,3104,16,1,5
5767,78,3105,16,0,11
5768,4,3105,16,1,2
5769,79,3105,16,1,0
5770,23,3105,16,1,3
5771,47,3106,16,1,6
5772,94,3106,16,1,4
5773,21,3106,16,0,27
5774,93,3106,16,0,22
5775,58,3107,16,1,0
5776,47,3107,16,1,4
5777,3,3107,16,1,5
5778,23,3107,16,1,1
5779,67,3108,16,1,-2
5780,61,3109,16,0,7
5781,14,3110,16,0,24
5782,98,3110,16,1,3
5783,57,3110,16,0,25
5784,20,3111,16,1,5
5785,18,3111,16,1,0
5786,77,3111,16,0,17
5787,30,3111,16,0,20
5788,62,3112,16,1,4
5789,93,3112,16,1,1
5790,16,3113,16,1,1
5791,29,3114,16,1,0
5792,87,3115,16,0,4
5793,55,3116,16,0,8
5794,49,3116,16,1,5
5795,86,3117,16,1,1
5796,50,3118,16,1,1
5797,68,3118,16,0,19
5798,21,3118,16,1,4
5799,61,3119,16,1,7
5800,15,3119,16,1,4
5801,70,3120,16,1,-2
5802,5,3120,16,1,-1
5803,90,3121,16,1,4
5804,56,3121,16,1,4
5805,98,3122,16,0,19
5806,79,3122,16,1,6
5807,59,3122,16,1,3
5808,75,3122,16,0,28
5809,57,3123,16,1,2
5810,72,3123,16,0,27
5811,24,3123,16,1,2
5812,21,3124,16,1,-3
5813,63,3125,16,1,-2
5814,100,3126,16,0,15
5815,81,3126,16,1,-1
5816,77,3127,16,0,21
5817,69,3127,16,0,25
5818,46,3127,16,1,2
5819,51,3128,16,1,3
5820,66,3129,16,1,2
5821,21,3129,16,1,2
5822,36,3129,16,0,26
5823,31,3130,16,0,11
5824,94,3131,16,1,-1
5825,61,3132,16,1,-3
5826,46,3133,16,1,0
5827,53,3134,16,0,10
5828,31,3134,16,1,4
5829,43,3135,16,1,4
5830,27,3136,16,1,-1
5831,96,3136,16,0,13
5832,14,3136,16,1,7
5833,54,3137,16,1,-3
5834,8,3138,16,1,2
5835,4,3139,16,0,23
5836,67,3139,16,0,19
5837,48,3139,16,0,15
5838,4,3140,16,1,2
5839,73,3141,16,1,6
5840,10,3141,16,0,24
5841,69,3141,16,1,4
5842,88,3141,16,0,25
5843,56,3142,16,1,0
5844,72,3143,16,1,0
5845,84,3143,16,1,5
5846,24,3144,16,0,19
5847,79,3144,16,1,0
5848,9,3145,16,0,20
5849,71,3146,16,0,18
5850,72,3146,16,0,10
5851,15,3147,16,0,23
5852,23,3147,16,1,1
5853,75,3147,16,1,5
5854,17,3147,16,1,0
5855,58,3148,16,0,9
5856,15,3149,16,1,-1
5857,28,3149,16,0,15
5858,96,3150,16,1,1
5859,87,3151,16,1,-1
5860,52,3151,16,0,29
5861,62,3152,16,0,13
5862,55,3152,16,1,-1
5863,85,3152,16,1,1
5864,27,3153,16,1,4
5865,26,3153,16,1,4
5866,98,3153,16,1,7
5867,51,3154,16,0,18
5868,99,3154,16,1,3
5869,11,3155,16,1,0
5870,2,3155,16,0,28
5871,53,3156,16,1,6
5872,71,3156,16,1,4
5873,56,3157,16,1,7
5874,94,3157,16,1,7
5875,72,3158,16,0,19
5876,45,3158,16,1,6
5877,11,3158,16,1,0
5878,69,3158,16,1,7
5879,20,3159,16,1,4
5880,25,3159,16,1,5
5881,90,3159,16,0,16
5882,78,3160,16,1,-2
5883,48,3161,16,0,23
5884,98,3161,16,1,3
5885,97,3161,16,1,2
5886,14,3162,16,1,6
5887,22,3162,16,0,21
5888,85,3163,16,1,2
5889,90,3164,16,0,26
5890,93,3164,16,0,25
5891,100,3165,16,1,3
5892,91,3166,16,0,23
5893,99,3166,16,1,2
5894,79,3167,16,1,0
5895,58,3167,16,1,5
5896,16,3168,16,1,1
5897,32,3169,16,0,30
5898,94,3169,16,0,23
5899,55,3169,16,0,11
5900,81,3169,16,0,13
5901,60,3170,16,1,2
5902,41,3170,16,1,1
5903,80,3171,16,0,18
5904,52,3171,16,0,18
5905,78,3171,16,1,7
5906,52,3172,16,1,-1
5907,91,3173,16,1,-2
5908,45,3173,16,1,4
5909,71,3174,16,0,30
5910,90,3174,16,0,10
5911,40,3175,16,1,5
5912,9,3175,16,0,19
5913,90,3176,16,1,1
5914,37,3177,16,0,8
5915,80,3177,16,1,-1
5916,87,3178,16,0,27
5917,28,3178,16,0,13
5918,97,3178,16,1,3
5919,53,3179,16,0,26
5920,11,3179,16,1,7
5921,67,3179,16,1,7
5922,44,3179,16,1,4
5923,98,3180,16,1,3
5924,3,3180,16,1,-1
5925,26,3180,16,1,0
5926,72,3180,16,0,21
5927,51,3181,16,0,15
5928,67,3181,16,1,5
5929,56,3182,16,1,-2
5930,19,3183,16,0,9
5931,75,3183,16,0,15
5932,48,3184,16,1,0
5933,35,3185,16,1,6
5934,6,3185,16,0,18
5935,43,3186,16,0,17
5936,60,3186,16,1,0
5937,14,3187,16,1,1
5938,94,3188,16,0,8
5939,4,3189,16,0,17
5940,92,3189,16,1,0
5941,30,3190,16,1,3
5942,90,3191,16,1,1
5943,40,3191,16,1,-1
5944,86,3191,16,1,2
5945,96,3191,16,1,0
5946,79,3192,16,1,1
5947,45,3193,16,1,-1
5948,75,3193,16,1,1
5949,48,3194,16,1,2
5950,40,3195,16,1,-2
5951,3,3196,16,1,1
5952,54,3196,16,1,4
5953,44,3196,16,1,7
5954,64,3196,16,1,-1
5955,71,3197,16,1,-1
5956,13,3198,16,1,3
5957,88,3199,16,1,-3
5958,32,3200,16,1,-1
5959,53,3200,16,0,15
5960,14,3201,17,1,4
5961,47,3202,17,1,1
5962,92,3202,17,1,-1
5963,12,3202,17,1,3
5964,67,3203,17,1,3
5965,64,3204,17,0,28
5966,19,3204,17,1,0
5967,1,3205,17,1,1
5968,97,3205,17,1,3
5969,95,3205,17,1,1
5970,2,3206,17,1,4
5971,61,3206,17,1,3
5972,2,3207,17,0,19
5973,70,3207,17,1,6
5974,93,3207,17,0,25
5975,68,3207,17,0,22
5976,80,3208,17,1,3
5977,77,3208,17,1,1
5978,72,3209,17,1,2
5979,7,3209,17,1,-2
5980,31,3210,17,1,3
5981,56,3210,17,1,3
5982,14,3211,17,1,-3
5983,27,3212,17,0,4
5984,84,3213,17,0,15
5985,19,3213,17,0,27
5986,100,3214,17,0,18
5987,67,3214,17,1,4
5988,13,3215,17,0,20
5989,11,3216,17,1,-2
5990,21,3216,17,0,14
5991,66,3217,17,1,1
5992,53,3217,17,1,-1
5993,19,3218,17,1,5
5994,3,3218,17,1,-1
5995,48,3218,17,1,7
5996,59,3218,17,0,16
5997,90,3219,17,0,19
5998,27,3220,17,1,-2
5999,57,3221,17,1,5
6000,3,3222,17,1,4
6001,24,3222,17,1,4
6002,40,3223,17,1,-3
6003,100,3224,17,0,14
6004,81,3224,17,1,4
6005,1,3225,17,1,7
6006,31,3225,17,1,3
6007,33,3225,17,1,5
6008,6,3225,17,1,0
6009,1,3226,17,1,-1
6010,34,3226,17,1,-1
6011,1,3227,17,0,12
6012,89,3227,17,1,1
6013,61,3227,17,1,1
6014,41,3228,17,0,27
6015,92,3228,17,1,6
6016,64,3228,17,0,29
6017,7,3229,17,1,7
6018,75,3229,17,0,12
6019,62,3230,17,1,2
6020,82,3230,17,1,-2
6021,82,3231,17,0,26
6022,58,3231,17,1,2
6023,21,3232,17,1,1
6024,16,3233,17,1,3
6025,21,3233,17,1,3
6026,5,3234,17,0,15
6027,68,3234,17,0,10
6028,1,3235,17,1,-2
6029,27,3236,17,1,2
6030,5,3237,17,1,3
6031,69,3237,17,1,3
6032,88,3237,17,0,22
6033,54,3238,17,1,-1
6034,24,3238,17,1,7
6035,31,3238,17,0,12
6036,37,3239,17,1,-2
6037,61,3240,17,1,1
6038,9,3241,17,0,20
6039,7,3241,17,1,-2
6040,2,3242,17,1,1
6041,16,3242,17,0,24
6042,61,3242,17,1,4
6043,43,3243,17,1,1
6044,69,3243,17,0,11
6045,28,3244,17,0,14
6046,20,3244,17,0,20
6047,6,3244,17,1,0
6048,96,3244,17,0,12
6049,74,3245,17,1,-2
6050,97,3245,17,1,4
6051,81,3246,17,1,0
6052,11,3247,17,1,-2
6053,17,3247,17,1,1
6054,92,3248,17,1,1
6055,5,3248,17,1,1
6056,45,3248,17,0,28
6057,84,3249,17,1,3
6058,83,3249,17,1,4
6059,69,3249,17,0,10
6060,99,3250,17,1,3
6061,95,3251,17,0,17
6062,48,3252,17,1,1
6063,63,3252,17,0,24
6064,42,3252,17,1,2
6065,93,3252,17,0,19
6066,60,3253,17,0,4
6067,69,3254,17,1,1
6068,4,3254,17,0,10
6069,23,3255,17,0,25
6070,33,3255,17,0,27
6071,85,3255,17,1,4
6072,35,3256,17,1,-2
6073,50,3257,17,1,-2
6074,77,3257,17,0,19
6075,79,3258,17,1,4
6076,89,3259,17,0,7
6077,95,3260,17,0,12
6078,87,3261,17,1,2
6079,32,3261,17,1,2
6080,66,3262,17,0,15
6081,31,3263,17,1,4
6082,81,3264,17,1,1
6083,46,3264,17,1,4
6084,44,3264,17,0,16
6085,42,3264,17,1,3
6086,67,3265,17,0,14
6087,34,3265,17,1,5
6088,80,3265,17,0,29
6089,70,3266,17,1,5
6090,73,3266,17,1,3
6091,17,3266,17,0,30
6092,36,3267,17,1,7
6093,15,3267,17,1,1
6094,17,3267,17,1,-1
6095,76,3267,17,0,23
6096,1,3268,17,0,26
6097,61,3268,17,0,26
6098,66,3269,17,1,4
6099,39,3269,17,1,4
6100,84,3270,17,1,-1
6101,98,3271,17,1,3
6102,40,3271,17,1,1
6103,38,3271,17,1,-1
6104,75,3271,17,1,5
6105,43,3272,17,0,12
6106,87,3273,17,1,7
6107,1,3273,17,1,-1
6108,14,3274,17,1,-1
6109,49,3275,17,0,12
6110,55,3275,17,1,3
6111,57,3275,17,1,-1
6112,91,3276,17,1,0
6113,39,3276,17,0,25
6114,22,3277,17,1,0
6115,99,3277,17,1,5
6116,32,3277,17,0,14
6117,49,3278,17,0,12
6118,98,3279,17,1,6
6119,20,3279,17,0,20
6120,39,3279,17,0,10
6121,89,3279,17,1,0
6122,21,3280,17,1,0
6123,2,3281,17,0,24
6124,81,3281,17,0,10
6125,85,3281,17,0,24
6126,46,3282,17,1,4
6127,13,3282,17,1,-2
6128,5,3283,17,0,14
6129,55,3283,17,0,29
6130,99,3283,17,1,5
6131,15,3284,17,1,-3
6132,74,3285,17,0,27
6133,55,3285,17,1,-1
6134,3,3285,17,1,3
6135,35,3286,17,1,7
6136,45,3286,17,1,1
6137,78,3286,17,1,3
6138,53,3287,17,1,1
6139,44,3287,17,1,0
6140,18,3288,17,1,5
6141,100,3288,17,0,24
6142,10,3289,17,1,5
6143,17,3290,17,0,9
6144,28,3290,17,0,20
6145,35,3291,17,0,7
6146,87,3291,17,1,-1
6147,71,3292,17,1,-2
6148,50,3292,17,1,-2
6149,9,3293,17,0,19
6150,72,3294,17,1,0
6151,87,3294,17,0,17
6152,54,3294,17,1,3
6153,45,3295,17,1,0
6154,6,3295,17,0,29
6155,2,3295,17,0,12
6156,12,3296,17,1,3
6157,1,3296,17,0,12
6158,74,3297,17,1,3
6159,96,3298,17,1,1
6160,39,3298,17,1,3
6161,36,3299,17,1,0
6162,20,3299,17,1,3
6163,26,3300,17,0,23
6164,72,3300,17,0,13
6165,54,3300,17,1,2
6166,38,3300,17,0,20
6167,50,3301,17,0,4
6168,34,3302,17,1,0
6169,52,3303,17,1,3
6170,15,3303,17,0,13
6171,69,3304,17,0,11
6172,53,3304,17,1,6
6173,79,3304,17,1,5
6174,47,3305,17,1,3
6175,37,3306,17,1,0
6176,3,3307,17,0,11
6177,7,3307,17,0,24
6178,21,3307,17,1,5
6179,72,3308,17,0,11
6180,40,3308,17,1,6
6181,100,3308,17,1,2
6182,71,3308,17,0,15
6183,20,3309,17,1,3
6184,50,3309,17,1,0
6185,24,3310,17,1,2
6186,79,3311,17,1,7
6187,2,3311,17,0,11
6188,95,3311,17,0,23
6189,76,3311,17,1,-1
6190,79,3312,17,0,16
6191,36,3312,17,0,16
6192,34,3312,17,1,5
6193,35,3313,17,0,23
6194,70,3313,17,1,6
6195,21,3313,17,1,5
6196,54,3314,17,0,28
6197,67,3314,17,1,1
6198,31,3314,17,1,4
6199,90,3314,17,0,17
6200,71,3315,17,1,0
6201,52,3316,17,1,6
6202,71,3316,17,1,3
6203,95,3316,17,0,20
6204,32,3317,17,1,6
6205,67,3317,17,1,6
6206,23,3318,17,1,-1
6207,14,3318,17,1,7
6208,37,3318,17,1,1
6209,74,3319,17,1,2
6210,82,3320,17,1,-2
6211,56,3321,17,0,25
6212,77,3321,17,1,0
6213,62,3322,17,1,-1
6214,26,3322,17,0,7
6215,11,3323,17,1,0
6216,63,3323,17,1,7
6217,24,3323,17,1,7
6218,58,3324,17,1,4
6219,88,3325,17,1,1
6220,25,3326,17,1,7
6221,2,3326,17,1,3
6222,27,3326,17,1,5
6223,66,3326,17,1,0
6224,35,3327,17,0,13
6225,99,3328,17,1,-3
6226,81,3329,17,0,4
6227,80,3330,17,1,-2
6228,69,3331,17,0,3
6229,81,3332,17,1,1
6230,68,3332,17,1,3
6231,49,3333,17,1,5
6232,60,3334,17,1,1
6233,3,3335,17,1,4
6234,44,3335,17,1,3
6235,38,3336,17,1,7
6236,78,3336,17,1,2
6237,11,3337,17,1,5
6238,39,3337,17,1,-1
6239,23,3338,17,1,3
6240,71,3339,17,1,4
6241,6,3340,17,0,9
6242,90,3341,17,1,3
6243,40,3342,17,1,1
6244,17,3343,17,0,30
6245,98,3343,17,1,-1
6246,37,3343,17,1,-1
6247,3,3344,17,1,-1
6248,64,3345,17,1,0
6249,72,3346,17,1,-2
6250,83,3346,17,1,-1
6251,8,3347,17,0,5
6252,24,3348,17,0,19
6253,38,3348,17,0,17
6254,75,3348,17,0,18
6255,45,3349,17,1,1
6256,23,3350,17,1,1
6257,90,3350,17,1,1
6258,6,3351,17,1,3
6259,89,3352,17,0,8
6260,6,3353,17,0,11
6261,95,3353,17,1,-2
6262,90,3354,17,1,7
6263,5,3354,17,1,2
6264,35,3355,17,1,2
6265,33,3355,17,1,1
6266,67,3355,17,0,14
6267,80,3356,17,1,1
6268,53,3357,17,0,12
6269,40,3357,17,1,-1
6270,69,3358,17,1,3
6271,57,3359,17,1,6
6272,56,3359,17,1,0
6273,94,3359,17,1,3
6274,96,3359,17,1,3
6275,81,3360,17,0,18
6276,86,3360,17,1,2
6277,23,3361,17,1,0
6278,99,3361,17,0,13
6279,75,3361,17,1,2
6280,3,3361,17,0,14
6281,68,3362,17,0,22
6282,56,3362,17,1,0
6283,69,3362,17,0,14
6284,31,3362,17,0,29
6285,97,3363,17,1,1
6286,54,3363,17,0,27
6287,10,3363,17,1,4
6288,41,3364,17,1,4
6289,25,3364,17,1,4
6290,18,3364,17,1,2
6291,6,3364,17,1,1
6292,25,3365,17,1,-2
6293,22,3366,17,1,0
6294,88,3366,17,1,0
6295,69,3367,17,1,0
6296,84,3367,17,1,2
6297,57,3368,17,1,0
6298,60,3368,17,1,-1
6299,69,3368,17,1,7
6300,3,3369,17,1,2
6301,77,3369,17,0,15
6302,60,3369,17,1,7
6303,20,3370,17,1,-2
6304,72,3371,17,1,5
6305,82,3371,17,1,7
6306,99,3372,17,1,7
6307,54,3372,17,1,7
6308,37,3373,17,0,8
6309,55,3374,17,1,0
6310,77,3375,17,1,2
6311,21,3376,17,0,15
6312,91,3376,17,1,2
6313,100,3377,17,1,4
6314,48,3377,17,0,8
6315,24,3378,17,1,-1
6316,63,3378,17,1,3
6317,28,3379,17,0,9
6318,76,3380,17,1,0
6319,7,3381,17,0,12
6320,73,3381,17,1,1
6321,87,3381,17,0,17
6322,13,3382,17,1,-2
6323,15,3382,17,1,4
6324,66,3383,17,1,0
6325,3,3384,17,1,3
6326,11,3385,17,0,25
6327,17,3385,17,0,30
6328,86,3385,17,1,2
6329,40,3385,17,1,-1
6330,17,3386,17,1,1
6331,49,3386,17,1,3
6332,88,3386,17,0,24
6333,88,3387,17,0,11
6334,43,3387,17,1,-1
6335,34,3388,17,1,4
6336,1,3388,17,1,-1
6337,70,3389,17,1,4
6338,79,3389,17,0,19
6339,52,3390,17,1,2
6340,93,3391,17,1,1
6341,28,3391,17,0,13
6342,97,3392,17,1,4
6343,76,3393,17,1,1
6344,50,3393,17,0,18
6345,1,3394,17,0,15
6346,57,3395,17,1,0
6347,85,3396,17,0,12
6348,80,3397,17,0,16
6349,61,3397,17,1,6
6350,71,3398,17,1,-1
6351,79,3398,17,0,16
6352,72,3398,17,0,29
6353,26,3399,17,1,2
6354,79,3400,17,1,-1
6355,39,3400,17,0,25
6356,84,3400,17,0,28
6357,75,3400,17,1,3
6358,11,3401,18,1,5
6359,40,3401,18,1,2
6360,20,3402,18,1,-2
6361,66,3403,18,1,5
6362,52,3403,18,1,6
6363,98,3404,18,0,18
6364,38,3404,18,1,1
6365,36,3405,18,0,18
6366,65,3405,18,0,15
6367,66,3406,18,1,-1
6368,96,3407,18,0,20
6369,1,3407,18,1,4
6370,7,3407,18,0,18
6371,37,3408,18,1,-1
6372,40,3409,18,0,19
6373,48,3410,18,1,3
6374,98,3410,18,1,5
6375,41,3410,18,0,19
6376,6,3410,18,1,7
6377,100,3411,18,1,4
6378,56,3411,18,1,-1
6379,9,3412,18,1,2
6380,8,3413,18,0,19
6381,16,3413,18,1,4
6382,64,3414,18,1,3
6383,83,3414,18,0,12
6384,71,3414,18,0,26
6385,38,3414,18,0,28
6386,46,3415,18,0,15
6387,39,3415,18,1,0
6388,32,3416,18,0,30
6389,5,3416,18,0,27
6390,63,3417,18,1,5
6391,49,3417,18,1,-1
6392,56,3418,18,1,4
6393,33,3419,18,1,5
6394,2,3419,18,0,6
6395,99,3420,18,1,0
6396,59,3420,18,1,0
6397,65,3421,18,0,10
6398,47,3422,18,0,18
6399,65,3422,18,1,4
6400,2,3423,18,0,11
6401,69,3423,18,1,2
6402,80,3424,18,1,7
6403,53,3424,18,0,22
6404,72,3424,18,1,4
6405,28,3425,18,0,16
6406,72,3425,18,1,0
6407,81,3426,18,1,2
6408,85,3427,18,0,14
6409,37,3427,18,0,16
6410,29,3428,18,1,-2
6411,32,3428,18,1,4
6412,39,3429,18,0,6
6413,93,3429,18,1,0
6414,43,3430,18,1,1
6415,57,3430,18,1,7
6416,64,3430,18,1,4
6417,50,3430,18,0,16
6418,64,3431,18,1,-3
6419,90,3432,18,1,4
6420,63,3433,18,1,7
6421,53,3433,18,1,2
6422,83,3433,18,1,0
6423,60,3433,18,1,2
6424,63,3434,18,1,-2
6425,96,3434,18,1,3
6426,93,3435,18,1,4
6427,65,3435,18,0,24
6428,2,3435,18,1,4
6429,58,3435,18,1,7
6430,24,3436,18,0,6
6431,100,3437,18,1,1
6432,52,3437,18,1,0
6433,62,3438,18,1,-1
6434,78,3438,18,1,-2
6435,11,3439,18,0,13
6436,47,3439,18,1,7
6437,53,3440,18,0,3
6438,31,3441,18,0,14
6439,56,3441,18,1,7
6440,1,3442,18,1,-2
6441,19,3443,18,1,1
6442,90,3444,18,1,-2
6443,63,3444,18,1,-2
6444,71,3445,18,1,0
6445,90,3445,18,1,0
6446,25,3446,18,1,3
6447,68,3446,18,1,4
6448,85,3446,18,1,-1
6449,9,3447,18,1,3
6450,4,3447,18,0,8
6451,25,3448,18,1,-1
6452,34,3449,18,1,-1
6453,81,3450,18,1,5
6454,11,3450,18,1,0
6455,29,3451,18,1,0
6456,3,3451,18,1,1
6457,16,3452,18,1,5
6458,51,3452,18,0,15
6459,81,3452,18,0,20
6460,97,3452,18,0,25
6461,7,3453,18,1,0
6462,1,3453,18,1,3
6463,23,3454,18,0,14
6464,19,3454,18,0,24
6465,1,3455,18,1,2
6466,79,3456,18,1,5
6467,61,3456,18,1,6
6468,36,3456,18,1,3
6469,14,3457,18,1,3
6470,34,3458,18,1,7
6471,10,3458,18,1,7
6472,73,3458,18,1,4
6473,38,3458,18,1,3
6474,36,3459,18,0,6
6475,51,3460,18,1,0
6476,41,3460,18,1,5
6477,33,3461,18,0,17
6478,58,3461,18,1,0
6479,93,3462,18,0,29
6480,84,3462,18,0,23
6481,2,3462,18,1,0
6482,16,3462,18,1,3
6483,9,3463,18,1,3
6484,89,3464,18,1,2
6485,51,3464,18,1,4
6486,25,3465,18,0,9
6487,30,3466,18,0,28
6488,88,3466,18,1,1
6489,90,3466,18,1,4
6490,58,3467,18,1,1
6491,72,3468,18,1,1
6492,87,3468,18,0,9
6493,48,3469,18,1,0
6494,14,3470,18,0,13
6495,32,3470,18,0,11
6496,94,3471,18,1,3
6497,63,3471,18,1,2
6498,56,3471,18,1,2
6499,12,3471,18,0,16
6500,96,3472,18,1,-2
6501,32,3473,18,1,2
6502,29,3473,18,1,5
6503,30,3474,18,1,-1
6504,23,3474,18,0,10
6505,62,3475,18,0,28
6506,84,3475,18,1,3
6507,86,3475,18,1,2
6508,15,3476,18,0,19
6509,66,3476,18,1,0
6510,20,3477,18,1,3
6511,60,3478,18,1,0
6512,23,3478,18,1,-2
6513,93,3479,18,1,1
6514,26,3479,18,0,17
6515,32,3480,18,1,5
6516,66,3481,18,1,5
6517,86,3481,18,0,14
6518,15,3481,18,1,7
6519,87,3481,18,1,-1
6520,84,3482,18,0,10
6521,32,3482,18,1,4
6522,96,3482,18,1,-1
6523,15,3483,18,0,7
6524,86,3484,18,0,30
6525,69,3484,18,0,19
6526,99,3484,18,0,10
6527,51,3484,18,1,3
6528,30,3485,18,1,1
6529,92,3486,18,0,10
6530,66,3487,18,1,6
6531,83,3487,18,1,1
6532,3,3487,18,1,4
6533,6,3488,18,1,3
6534,59,3489,18,1,3
6535,96,3489,18,0,17
6536,18,3490,18,1,5
6537,12,3490,18,1,5
6538,47,3491,18,1,2
6539,3,3492,18,1,6
6540,75,3492,18,1,6
6541,97,3492,18,0,27
6542,44,3492,18,0,14
6543,51,3493,18,1,-3
6544,77,3494,18,1,0
6545,37,3494,18,0,30
6546,99,3494,18,1,7
6547,67,3494,18,1,4
6548,63,3495,18,1,7
6549,95,3495,18,1,0
6550,6,3496,18,0,9
6551,4,3497,18,1,4
6552,52,3497,18,1,4
6553,60,3498,18,0,17
6554,15,3499,18,1,2
6555,71,3499,18,0,15
6556,78,3500,18,1,5
6557,24,3500,18,1,6
6558,1,3501,18,0,19
6559,47,3501,18,1,3
6560,91,3501,18,1,3
6561,71,3501,18,0,17
6562,66,3502,18,1,-2
6563,35,3502,18,0,15
6564,53,3503,18,0,17
6565,44,3504,18,1,4
6566,77,3504,18,1,2
6567,14,3505,18,1,-2
6568,2,3505,18,1,3
6569,41,3506,18,0,19
6570,17,3506,18,1,2
6571,20,3507,18,0,29
6572,54,3507,18,0,19
6573,65,3507,18,1,-1
6574,27,3507,18,0,26
6575,74,3508,18,0,27
6576,83,3508,18,0,11
6577,41,3508,18,0,11
6578,44,3508,18,0,13
6579,93,3509,18,1,2
6580,80,3509,18,0,7
6581,42,3510,18,1,-2
6582,58,3511,18,0,20
6583,15,3511,18,1,5
6584,82,3511,18,1,0
6585,85,3511,18,1,5
6586,2,3512,18,1,3
6587,98,3513,18,0,25
6588,22,3513,18,0,25
6589,48,3513,18,1,3
6590,60,3514,18,1,-2
6591,78,3515,18,1,2
6592,37,3516,18,1,-2
6593,48,3517,18,0,29
6594,60,3517,18,1,2
6595,16,3518,18,0,12
6596,67,3518,18,1,4
6597,5,3519,18,0,12
6598,73,3520,18,1,3
6599,94,3520,18,1,4
6600,30,3520,18,1,7
6601,79,3520,18,1,-1
6602,43,3521,18,1,0
6603,11,3522,18,1,-3
6604,3,3523,18,1,4
6605,86,3524,18,1,-1
6606,30,3524,18,1,4
6607,3,3525,18,1,-1
6608,31,3526,18,1,1
6609,3,3526,18,1,2
6610,22,3527,18,1,3
6611,23,3527,18,1,1
6612,24,3528,18,1,0
6613,10,3528,18,0,15
6614,26,3528,18,0,11
6615,43,3528,18,1,7
6616,30,3529,18,1,3
6617,87,3530,18,1,1
6618,83,3530,18,1,3
6619,4,3530,18,0,29
6620,39,3530,18,1,3
6621,43,3531,18,1,-1
6622,13,3531,18,1,4
6623,70,3532,18,1,2
6624,64,3533,18,0,15
6625,65,3533,18,0,11
6626,99,3534,18,1,3
6627,30,3535,18,1,-1
6628,12,3535,18,1,0
6629,16,3536,18,1,2
6630,60,3537,18,1,1
6631,73,3537,18,1,0
6632,89,3537,18,0,21
6633,10,3538,18,1,6
6634,86,3538,18,1,0
6635,44,3538,18,0,23
6636,15,3539,18,1,3
6637,45,3540,18,1,2
6638,19,3540,18,0,17
6639,68,3540,18,1,3
6640,41,3541,18,0,10
6641,47,3542,18,1,-3
6642,12,3543,18,1,0
6643,21,3544,18,1,-1
6644,39,3544,18,0,18
6645,33,3545,18,0,19
6646,39,3545,18,1,5
6647,13,3545,18,1,5
6648,69,3546,18,1,1
6649,76,3547,18,1,7
6650,42,3547,18,0,24
6651,31,3548,18,0,8
6652,46,3549,18,1,6
6653,8,3549,18,0,12
6654,15,3549,18,0,17
6655,69,3550,18,1,-2
6656,27,3550,18,1,4
6657,43,3551,18,0,8
6658,24,3552,18,0,8
6659,100,3552,18,1,4
6660,3,3553,18,0,20
6661,22,3554,18,1,-2
6662,84,3555,18,0,15
6663,69,3555,18,1,6
6664,70,3555,18,1,2
6665,93,3555,18,1,1
6666,47,3556,18,1,1
6667,24,3556,18,1,1
6668,75,3557,18,1,5
6669,66,3557,18,1,2
6670,63,3558,18,1,-1
6671,31,3559,18,1,-1
6672,79,3560,18,1,5
6673,69,3560,18,1,3
6674,13,3561,18,0,11
6675,5,3561,18,0,24
6676,16,3561,18,1,0
6677,88,3561,18,1,2
6678,3,3562,18,1,2
6679,64,3562,18,1,1
6680,72,3563,18,0,16
6681,23,3564,18,1,2
6682,21,3564,18,0,23
6683,72,3564,18,0,26
6684,10,3565,18,0,17
6685,79,3565,18,1,5
6686,82,3566,18,1,-1
6687,5,3566,18,1,4
6688,3,3567,18,0,12
6689,63,3567,18,1,-1
6690,42,3568,18,1,5
6691,47,3568,18,1,4
6692,35,3569,18,1,4
6693,68,3570,18,1,-2
6694,66,3571,18,1,7
6695,23,3571,18,0,21
6696,57,3571,18,0,22
6697,39,3571,18,1,3
6698,66,3572,18,1,3
6699,8,3572,18,0,16
6700,19,3573,18,0,17
6701,83,3573,18,0,16
6702,89,3574,18,1,2
6703,55,3575,18,1,-3
6704,82,3576,18,1,4
6705,3,3576,18,0,10
6706,18,3577,18,1,4
6707,57,3577,18,0,12
6708,96,3578,18,1,2
6709,21,3579,18,0,27
6710,17,3579,18,1,0
6711,47,3579,18,0,13
6712,22,3579,18,1,3
6713,54,3580,18,1,6
6714,33,3580,18,0,15
6715,1,3580,18,1,2
6716,94,3581,18,1,1
6717,35,3581,18,1,6
6718,63,3581,18,1,6
6719,99,3581,18,1,7
6720,39,3582,18,1,6
6721,89,3582,18,1,7
6722,51,3582,18,0,19
6723,30,3582,18,1,7
6724,16,3583,18,0,9
6725,16,3584,18,1,2
6726,47,3585,18,0,15
6727,91,3586,18,0,7
6728,72,3587,18,1,6
6729,21,3587,18,0,28
6730,86,3588,18,1,6
6731,77,3588,18,1,5
6732,9,3588,18,0,11
6733,93,3588,18,0,11
6734,22,3589,18,1,5
6735,7,3589,18,1,4
6736,65,3589,18,0,26
6737,41,3590,18,1,4
6738,34,3591,18,1,5
6739,71,3592,18,1,-2
6740,66,3593,18,1,-2
6741,30,3594,18,1,1
6742,33,3595,18,1,-2
6743,47,3595,18,1,4
6744,57,3596,18,1,0
6745,85,3597,18,0,15
6746,14,3597,18,1,2
6747,76,3598,18,1,5
6748,80,3598,18,0,23
6749,74,3599,18,0,19
6750,3,3600,18,1,-2
6751,79,3601,19,1,2
6752,10,3601,19,1,5
6753,24,3601,19,1,-1
6754,59,3601,19,0,20
6755,9,3602,19,0,18
6756,48,3602,19,0,16
6757,49,3602,19,1,-1
6758,86,3603,19,1,5
6759,11,3603,19,1,5
6760,61,3604,19,1,2
6761,56,3605,19,0,19
6762,93,3605,19,1,-1
6763,70,3606,19,1,5
6764,47,3607,19,1,-3
6765,99,3608,19,1,2
6766,26,3608,19,0,20
6767,51,3609,19,1,-2
6768,97,3610,19,0,18
6769,1,3610,19,1,-1
6770,78,3611,19,0,8
6771,91,3612,19,0,10
6772,36,3612,19,0,19
6773,52,3612,19,1,2
6774,41,3612,19,1,6
6775,50,3613,19,1,1
6776,56,3614,19,1,-1
6777,6,3615,19,1,0
6778,73,3615,19,1,0
6779,66,3616,19,1,2
6780,26,3616,19,1,4
6781,26,3617,19,0,23
6782,43,3617,19,1,4
6783,58,3618,19,1,5
6784,95,3618,19,1,5
6785,44,3619,19,0,16
6786,75,3619,19,1,5
6787,82,3620,19,0,12
6788,98,3620,19,1,7
6789,96,3620,19,0,12
6790,2,3621,19,1,0
6791,86,3622,19,0,8
6792,33,3623,19,0,14
6793,49,3623,19,1,6
6794,83,3623,19,0,17
6795,21,3624,19,1,1
6796,95,3624,19,1,2
6797,87,3624,19,1,-1
6798,70,3625,19,0,18
6799,62,3625,19,0,27
6800,97,3626,19,1,5
6801,36,3626,19,0,15
6802,66,3627,19,1,2
6803,94,3628,19,1,-1
6804,67,3628,19,1,-2
6805,71,3629,19,1,-1
6806,38,3629,19,1,-2
6807,63,3630,19,1,4
6808,6,3630,19,1,1
6809,12,3631,19,1,-2
6810,97,3631,19,0,6
6811,37,3632,19,1,-2
6812,2,3633,19,1,-3
6813,93,3634,19,0,30
6814,76,3634,19,0,12
6815,62,3635,19,0,16
6816,17,3635,19,1,4
6817,76,3636,19,1,-2
6818,75,3636,19,0,13
6819,14,3637,19,0,29
6820,57,3637,19,1,0
6821,54,3638,19,0,28
6822,11,3638,19,0,22
6823,83,3639,19,0,23
6824,84,3639,19,0,29
6825,86,3639,19,0,11
6826,3,3640,19,1,0
6827,42,3641,19,1,1
6828,25,3642,19,1,2
6829,100,3643,19,1,5
6830,7,3643,19,1,5
6831,46,3644,19,0,19
6832,79,3645,19,1,4
6833,44,3645,19,1,-1
6834,69,3645,19,1,0
6835,78,3645,19,1,2
6836,45,3646,19,0,7
6837,21,3647,19,0,14
6838,44,3648,19,0,7
6839,11,3649,19,1,-3
6840,16,3650,19,0,16
6841,34,3650,19,1,-2
6842,27,3651,19,1,0
6843,95,3652,19,1,-1
6844,89,3653,19,0,27
6845,66,3653,19,1,1
6846,67,3653,19,1,3
6847,95,3654,19,0,28
6848,54,3654,19,1,-1
6849,77,3654,19,1,2
6850,39,3654,19,0,23
6851,86,3655,19,0,14
6852,60,3655,19,1,6
6853,5,3655,19,1,6
6854,80,3656,19,1,5
6855,52,3656,19,1,0
6856,23,3657,19,0,5
6857,44,3658,19,1,2
6858,100,3658,19,1,1
6859,91,3658,19,0,12
6860,28,3659,19,1,1
6861,68,3659,19,0,17
6862,1,3660,19,1,0
6863,67,3661,19,1,2
6864,31,3661,19,1,4
6865,43,3662,19,1,0
6866,19,3663,19,0,17
6867,78,3663,19,1,0
6868,70,3664,19,1,0
6869,25,3664,19,0,25
6870,73,3664,19,1,0
6871,36,3665,19,1,0
6872,71,3666,19,1,2
6873,8,3667,19,0,19
6874,12,3667,19,1,0
6875,12,3668,19,0,7
6876,60,3669,19,1,2
6877,69,3669,19,1,1
6878,62,3670,19,0,8
6879,61,3670,19,1,0
6880,63,3671,19,1,1
6881,29,3671,19,0,6
6882,83,3672,19,1,5
6883,68,3672,19,0,15
6884,69,3672,19,1,2
6885,85,3672,19,1,6
6886,23,3673,19,0,12
6887,86,3673,19,1,4
6888,94,3673,19,1,2
6889,62,3674,19,1,1
6890,83,3674,19,1,2
6891,91,3675,19,1,1
6892,26,3676,19,0,11
6893,65,3677,19,1,-2
6894,71,3678,19,1,3
6895,20,3678,19,1,5
6896,63,3679,19,1,4
6897,26,3679,19,1,3
6898,67,3680,19,0,9
6899,34,3681,19,1,6
6900,62,3681,19,0,22
6901,64,3681,19,1,4
6902,21,3681,19,1,5
6903,100,3682,19,0,24
6904,54,3682,19,1,3
6905,36,3682,19,0,19
6906,95,3682,19,0,10
6907,84,3683,19,0,19
6908,4,3684,19,1,3
6909,43,3684,19,1,1
6910,55,3685,19,0,22
6911,57,3685,19,1,1
6912,63,3685,19,1,7
6913,37,3685,19,1,-1
6914,35,3686,19,1,4
6915,90,3686,19,1,0
6916,11,3687,19,1,1
6917,23,3688,19,0,26
6918,15,3688,19,1,4
6919,45,3688,19,1,1
6920,42,3688,19,0,10
6921,16,3689,19,0,30
6922,60,3689,19,1,0
6923,11,3690,19,1,0
6924,2,3690,19,0,27
6925,77,3690,19,1,2
6926,7,3691,19,1,-3
6927,87,3692,19,1,7
6928,53,3692,19,1,0
6929,2,3693,19,1,5
6930,44,3693,19,1,4
6931,22,3694,19,1,5
6932,20,3694,19,0,12
6933,4,3695,19,0,16
6934,1,3695,19,1,0
6935,62,3695,19,1,3
6936,40,3696,19,1,-3
6937,14,3697,19,1,4
6938,44,3697,19,1,4
6939,43,3697,19,1,-1
6940,87,3698,19,1,-1
6941,68,3698,19,1,0
6942,64,3699,19,1,3
6943,3,3699,19,1,1
6944,97,3700,19,1,1
6945,29,3701,19,1,1
6946,22,3701,19,1,-1
6947,85,3702,19,1,0
6948,96,3702,19,1,4
6949,10,3703,19,1,-1
6950,91,3703,19,0,13
6951,57,3704,19,1,1
6952,67,3704,19,1,7
6953,44,3704,19,1,0
6954,17,3704,19,1,1
6955,91,3705,19,1,4
6956,52,3706,19,0,22
6957,31,3706,19,1,3
6958,25,3706,19,0,23
6959,40,3707,19,1,1
6960,22,3707,19,1,-2
6961,69,3708,19,1,-1
6962,34,3709,19,0,25
6963,100,3709,19,1,2
6964,41,3710,19,1,2
6965,68,3711,19,0,9
6966,34,3711,19,1,-1
6967,25,3712,19,1,4
6968,6,3713,19,0,18
6969,75,3713,19,1,5
6970,73,3714,19,1,-2
6971,44,3714,19,0,15
6972,65,3715,19,1,3
6973,19,3715,19,1,4
6974,63,3716,19,0,20
6975,54,3716,19,1,2
6976,79,3717,19,1,3
6977,42,3717,19,0,9
6978,36,3718,19,1,3
6979,35,3718,19,1,0
6980,67,3719,19,0,17
6981,77,3720,19,1,-1
6982,84,3720,19,1,-1
6983,72,3721,19,0,16
6984,65,3722,19,0,20
6985,27,3722,19,1,3
6986,100,3722,19,0,20
6987,66,3723,19,1,-1
6988,11,3723,19,1,0
6989,72,3724,19,1,-1
6990,56,3725,19,1,5
6991,32,3725,19,1,7
6992,87,3725,19,0,30
6993,99,3726,19,1,-2
6994,31,3727,19,1,-1
6995,21,3727,19,0,13
6996,5,3727,19,1,5
6997,95,3728,19,1,3
6998,88,3728,19,0,28
6999,7,3728,19,1,1
7000,86,3728,19,0,19
7001,27,3729,19,0,18
7002,31,3730,19,1,0
7003,22,3730,19,0,19
7004,60,3731,19,1,2
7005,17,3731,19,1,6
7006,52,3731,19,1,3
7007,13,3732,19,1,0
7008,39,3732,19,0,13
7009,25,3733,19,0,17
7010,99,3734,19,1,-1
7011,27,3734,19,1,7
7012,32,3735,19,1,1
7013,19,3736,19,1,0
7014,71,3737,19,1,-2
7015,38,3738,19,0,28
7016,33,3738,19,1,0
7017,32,3739,19,1,5
7018,94,3739,19,1,2
7019,92,3740,19,1,3
7020,18,3741,19,0,18
7021,39,3741,19,1,-1
7022,71,3742,19,1,-1
7023,97,3742,19,0,10
7024,62,3743,19,1,0
7025,33,3743,19,0,11
7026,98,3743,19,0,30
7027,54,3743,19,0,15
7028,18,3744,19,1,0
7029,41,3744,19,0,27
7030,80,3744,19,0,12
7031,26,3744,19,1,-1
7032,33,3745,19,1,3
7033,95,3746,19,1,2
7034,83,3746,19,0,20
7035,6,3747,19,1,-1
7036,66,3748,19,1,-1
7037,86,3749,19,0,9
7038,92,3750,19,1,-3
7039,66,3751,19,1,3
7040,7,3752,19,1,0
7041,77,3752,19,1,3
7042,31,3752,19,0,10
7043,19,3753,19,0,8
7044,39,3753,19,0,14
7045,32,3754,19,1,5
7046,63,3754,19,1,2
7047,75,3755,19,1,2
7048,84,3755,19,0,25
7049,58,3756,19,0,9
7050,60,3756,19,1,1
7051,93,3757,19,0,10
7052,2,3757,19,1,-1
7053,11,3758,19,0,8
7054,65,3758,19,1,0
7055,18,3759,19,0,12
7056,36,3759,19,1,2
7057,83,3760,19,1,0
7058,77,3761,19,1,-1
7059,71,3762,19,1,0
7060,98,3762,19,1,4
7061,40,3762,19,1,0
7062,33,3762,19,0,24
7063,23,3763,19,0,21
7064,25,3763,19,0,29
7065,5,3763,19,1,2
7066,3,3764,19,1,3
7067,21,3764,19,1,3
7068,82,3765,19,0,15
7069,41,3765,19,1,0
7070,73,3765,19,1,5
7071,100,3765,19,1,4
7072,2,3766,19,1,-1
7073,60,3766,19,1,3
7074,1,3766,19,1,2
7075,70,3767,19,1,4
7076,53,3768,19,1,-1
7077,55,3768,19,1,5
7078,100,3768,19,1,-1
7079,52,3768,19,1,0
7080,80,3769,19,1,0
7081,1,3769,19,1,1
7082,64,3769,19,1,1
7083,40,3770,19,0,10
7084,8,3770,19,1,2
7085,71,3771,19,1,3
7086,53,3772,19,0,27
7087,18,3772,19,1,0
7088,28,3772,19,1,0
7089,96,3772,19,0,13
7090,85,3773,19,1,-3
7091,94,3774,19,1,5
7092,20,3774,19,0,20
7093,63,3775,19,0,8
7094,1,3776,19,1,3
7095,83,3776,19,0,14
7096,42,3777,19,0,12
7097,24,3777,19,1,3
7098,85,3777,19,1,3
7099,52,3777,19,0,20
7100,50,3778,19,1,7
7101,25,3778,19,0,13
7102,57,3779,19,1,1
7103,100,3779,19,1,1
7104,90,3779,19,1,7
7105,99,3779,19,1,2
7106,2,3780,19,1,-1
7107,90,3781,19,1,2
7108,59,3781,19,1,0
7109,97,3781,19,0,13
7110,9,3782,19,1,3
7111,26,3782,19,0,17
7112,64,3783,19,1,3
7113,89,3783,19,1,3
7114,54,3784,19,1,3
7115,17,3784,19,1,-1
7116,63,3784,19,1,5
7117,50,3784,19,0,28
7118,13,3785,19,1,4
7119,56,3785,19,1,-1
7120,60,3786,19,0,9
7121,66,3786,19,1,2
7122,86,3787,19,1,-3
7123,22,3788,19,0,12
7124,12,3789,19,1,7
7125,64,3789,19,1,4
7126,31,3790,19,0,3
7127,27,3791,19,1,5
7128,26,3791,19,1,3
7129,95,3791,19,0,24
7130,2,3792,19,1,-2
7131,81,3792,19,0,16
7132,40,3793,19,1,-1
7133,47,3794,19,1,-2
7134,39,3795,19,1,4
7135,81,3795,19,0,20
7136,86,3796,19,0,11
7137,48,3797,19,0,20
7138,41,3797,19,1,0
7139,85,3798,19,0,17
7140,58,3798,19,0,16
7141,23,3798,19,1,1
7142,24,3798,19,0,20
7143,60,3799,19,1,7
7144,37,3799,19,1,1
7145,44,3799,19,0,17
7146,10,3800,19,1,3
7147,21,3801,20,0,29
7148,77,3801,20,0,24
7149,72,3802,20,1,-2
7150,62,3803,20,1,5
7151,5,3803,20,1,0
7152,56,3804,20,1,6
7153,33,3804,20,1,-1
7154,24,3804,20,1,1
7155,66,3804,20,1,-1
7156,94,3805,20,1,-2
7157,2,3806,20,0,19
7158,63,3806,20,1,0
7159,34,3807,20,1,2
7160,63,3807,20,1,2
7161,1,3808,20,1,-1
7162,1,3809,20,1,3
7163,4,3809,20,1,4
7164,55,3810,20,1,2
7165,11,3811,20,0,11
7166,47,3811,20,0,10
7167,70,3812,20,1,1
7168,99,3812,20,1,3
7169,71,3813,20,1,5
7170,62,3813,20,0,24
7171,44,3813,20,1,7
7172,50,3813,20,0,19
7173,63,3814,20,1,6
7174,48,3814,20,1,0
7175,93,3815,20,1,-1
7176,16,3815,20,0,16
7177,97,3816,20,1,0
7178,71,3817,20,1,5
7179,78,3817,20,1,-1
7180,35,3817,20,0,28
7181,62,3818,20,1,3
7182,24,3819,20,1,1
7183,60,3819,20,0,14
7184,76,3819,20,1,0
7185,55,3820,20,1,5
7186,61,3820,20,0,30
7187,51,3821,20,1,-2
7188,22,3822,20,1,5
7189,56,3823,20,0,14
7190,23,3823,20,1,7
7191,4,3824,20,0,12
7192,56,3824,20,1,1
7193,31,3824,20,1,2
7194,10,3825,20,1,2
7195,73,3826,20,0,18
7196,38,3827,20,0,8
7197,34,3827,20,1,-1
7198,15,3828,20,1,4
7199,31,3829,20,0,18
7200,18,3830,20,0,9
7201,15,3830,20,1,5
7202,18,3831,20,1,7
7203,76,3831,20,1,0
7204,69,3831,20,1,3
7205,5,3832,20,1,4
7206,79,3832,20,1,0
7207,78,3833,20,1,1
7208,81,3833,20,0,25
7209,76,3833,20,1,3
7210,70,3834,20,1,1
7211,35,3835,20,0,8
7212,48,3836,20,0,18
7213,35,3836,20,1,7
7214,93,3836,20,1,5
7215,41,3837,20,1,2
7216,62,3838,20,1,0
7217,5,3838,20,0,11
7218,90,3839,20,1,4
7219,66,3840,20,1,-1
7220,30,3841,20,0,19
7221,31,3841,20,1,0
7222,67,3842,20,1,1
7223,17,3842,20,0,17
7224,2,3843,20,1,1
7225,39,3844,20,1,3
7226,52,3845,20,0,23
7227,27,3845,20,1,4
7228,43,3846,20,1,-1
7229,59,3846,20,0,19
7230,63,3846,20,1,6
7231,3,3846,20,0,24
7232,34,3847,20,1,-2
7233,21,3847,20,1,1
7234,56,3848,20,1,2
7235,12,3849,20,0,8
7236,81,3850,20,1,-2
7237,58,3850,20,0,17
7238,67,3851,20,1,4
7239,46,3851,20,1,5
7240,28,3852,20,1,2
7241,51,3853,20,0,19
7242,46,3854,20,1,1
7243,65,3854,20,1,-1
7244,1,3854,20,0,26
7245,7,3854,20,1,3
7246,21,3855,20,0,11
7247,98,3856,20,0,28
7248,44,3856,20,1,7
7249,94,3857,20,0,30
7250,2,3857,20,1,2
7251,72,3858,20,0,10
7252,60,3859,20,1,7
7253,90,3859,20,1,5
7254,82,3859,20,1,-1
7255,81,3860,20,1,0
7256,8,3860,20,0,16
7257,78,3861,20,0,12
7258,96,3861,20,1,4
7259,21,3862,20,0,30
7260,78,3862,20,1,-1
7261,79,3863,20,0,16
7262,48,3864,20,0,6
7263,61,3864,20,1,2
7264,16,3865,20,1,3
7265,19,3866,20,1,-1
7266,46,3867,20,1,2
7267,27,3867,20,1,6
7268,4,3868,20,1,-2
7269,100,3869,20,1,4
7270,32,3870,20,1,-1
7271,97,3871,20,0,14
7272,15,3872,20,0,6
7273,92,3873,20,1,7
7274,81,3873,20,0,30
7275,16,3874,20,1,-3
7276,14,3875,20,1,4
7277,44,3876,20,0,7
7278,85,3877,20,1,4
7279,51,3877,20,1,7
7280,27,3878,20,1,5
7281,69,3879,20,1,1
7282,86,3879,20,1,2
7283,80,3880,20,1,4
7284,42,3881,20,1,2
7285,9,3881,20,0,28
7286,74,3882,20,1,1
7287,43,3882,20,1,6
7288,16,3882,20,1,-1
7289,22,3883,20,0,19
7290,94,3884,20,1,1
7291,1,3885,20,0,6
7292,42,3886,20,1,0
7293,73,3887,20,1,0
7294,66,3888,20,0,10
7295,85,3888,20,1,3
7296,38,3889,20,1,3
7297,33,3889,20,0,12
7298,2,3890,20,1,2
7299,76,3890,20,0,10
7300,51,3891,20,0,19
7301,40,3891,20,1,5
7302,43,3892,20,1,6
7303,72,3892,20,1,0
7304,65,3892,20,1,7
7305,89,3892,20,1,4
7306,47,3893,20,0,20
7307,1,3894,20,1,0
7308,93,3894,20,1,-1
7309,18,3895,20,0,11
7310,41,3895,20,1,6
7311,25,3895,20,0,24
7312,12,3895,20,0,13
7313,68,3896,20,0,20
7314,55,3896,20,1,5
7315,56,3897,20,1,5
7316,93,3897,20,0,24
7317,10,3898,20,1,4
7318,32,3899,20,1,-2
7319,47,3899,20,0,11
7320,93,3900,20,0,22
7321,81,3900,20,1,4
7322,72,3901,20,0,14
7323,27,3901,20,1,0
7324,35,3902,20,1,1
7325,99,3903,20,1,1
7326,78,3903,20,1,-1
7327,42,3904,20,1,4
7328,89,3904,20,1,0
7329,13,3905,20,0,8
7330,3,3906,20,1,4
7331,39,3907,20,1,6
7332,80,3907,20,1,6
7333,82,3908,20,0,21
7334,43,3908,20,1,0
7335,69,3908,20,1,0
7336,6,3908,20,1,5
7337,15,3909,20,1,7
7338,39,3909,20,1,5
7339,41,3909,20,0,17
7340,2,3910,20,1,5
7341,31,3910,20,1,1
7342,87,3910,20,1,1
7343,88,3910,20,1,7
7344,61,3911,20,0,15
7345,98,3912,20,1,-2
7346,76,3912,20,1,-2
7347,54,3913,20,0,5
7348,2,3914,20,1,-3
7349,10,3915,20,1,0
7350,58,3915,20,0,28
7351,29,3916,20,1,-1
7352,31,3917,20,1,-3
7353,23,3918,20,0,6
7354,86,3919,20,1,5
7355,62,3919,20,0,16
7356,81,3919,20,1,2
7357,17,3920,20,1,2
7358,14,3920,20,1,6
7359,47,3920,20,0,26
7360,23,3920,20,1,-1
7361,48,3921,20,1,0
7362,51,3921,20,0,14
7363,87,3922,20,1,7
7364,69,3922,20,1,1
7365,89,3922,20,0,29
7366,23,3923,20,1,6
7367,43,3923,20,1,0
7368,84,3923,20,0,17
7369,60,3924,20,1,1
7370,80,3924,20,0,30
7371,4,3924,20,1,0
7372,77,3924,20,1,3
7373,76,3925,20,1,2
7374,95,3925,20,0,12
7375,49,3925,20,0,12
7376,64,3925,20,1,4
7377,93,3926,20,1,5
7378,59,3926,20,1,2
7379,67,3926,20,0,29
7380,96,3927,20,0,7
7381,15,3927,20,1,0
7382,93,3928,20,1,-1
7383,72,3928,20,0,13
7384,60,3928,20,1,6
7385,13,3929,20,1,5
7386,74,3930,20,1,-2
7387,80,3931,20,1,7
7388,90,3931,20,1,4
7389,64,3931,20,0,10
7390,58,3932,20,0,18
7391,72,3933,20,0,8
7392,60,3933,20,1,4
7393,53,3934,20,0,24
7394,77,3934,20,0,12
7395,85,3934,20,0,20
7396,6,3935,20,1,7
7397,26,3935,20,0,10
7398,89,3936,20,0,14
7399,33,3936,20,1,6
7400,48,3936,20,1,1
7401,94,3937,20,1,3
7402,63,3938,20,1,1
7403,10,3939,20,1,-2
7404,60,3939,20,1,2
7405,86,3940,20,0,20
7406,76,3940,20,0,28
7407,43,3941,20,1,3
7408,91,3942,20,0,21
7409,73,3942,20,0,27
7410,7,3943,20,0,14
7411,21,3943,20,1,-2
7412,25,3944,20,1,1
7413,29,3944,20,1,6
7414,69,3944,20,0,25
7415,8,3944,20,1,6
7416,45,3945,20,1,0
7417,47,3945,20,0,14
7418,65,3945,20,1,-1
7419,39,3945,20,1,7
7420,27,3946,20,1,-1
7421,1,3946,20,0,30
7422,55,3947,20,1,-2
7423,83,3948,20,1,0
7424,32,3948,20,1,-1
7425,68,3949,20,1,5
7426,2,3950,20,1,5
7427,23,3950,20,1,5
7428,45,3950,20,1,6
7429,99,3951,20,1,-1
7430,59,3951,20,0,20
7431,55,3952,20,1,2
7432,93,3953,20,0,11
7433,51,3954,20,1,4
7434,86,3954,20,0,13
7435,66,3955,20,1,-1
7436,73,3956,20,1,-1
7437,32,3957,20,0,23
7438,79,3957,20,1,7
7439,47,3958,20,1,1
7440,66,3959,20,1,3
7441,87,3960,20,1,5
7442,70,3960,20,1,5
7443,73,3961,20,1,0
7444,6,3962,20,1,5
7445,56,3962,20,1,5
7446,3,3963,20,0,9
7447,68,3964,20,0,27
7448,64,3964,20,1,3
7449,72,3965,20,0,15
7450,71,3966,20,0,19
7451,5,3966,20,1,-1
7452,10,3966,20,1,-1
7453,34,3967,20,1,-2
7454,13,3967,20,1,1
7455,91,3968,20,0,18
7456,40,3969,20,1,0
7457,82,3970,20,1,0
7458,41,3971,20,0,10
7459,95,3971,20,1,-1
7460,67,3971,20,1,1
7461,8,3971,20,1,4
7462,3,3972,20,1,-1
7463,22,3972,20,1,4
7464,2,3973,20,1,1
7465,42,3974,20,1,-2
7466,34,3975,20,1,2
7467,100,3975,20,1,6
7468,61,3975,20,0,29
7469,41,3975,20,0,20
7470,75,3976,20,1,1
7471,65,3976,20,1,4
7472,15,3977,20,1,3
7473,27,3978,20,0,14
7474,88,3978,20,0,22
7475,76,3979,20,0,26
7476,15,3979,20,1,4
7477,62,3979,20,1,4
7478,38,3979,20,0,18
7479,94,3980,20,1,-1
7480,11,3980,20,1,3
7481,97,3981,20,1,4
7482,80,3981,20,1,2
7483,41,3982,20,1,5
7484,83,3982,20,1,-1
7485,33,3983,20,1,0
7486,15,3984,20,0,12
7487,57,3984,20,0,25
7488,58,3985,20,1,2
7489,47,3986,20,1,-1
7490,50,3986,20,1,4
7491,57,3987,20,0,30
7492,21,3987,20,1,1
7493,1,3988,20,0,3
7494,85,3989,20,1,4
7495,58,3990,20,0,20
7496,49,3990,20,0,23
7497,93,3991,20,1,3
7498,11,3991,20,0,19
7499,22,3992,20,1,4
7500,50,3992,20,1,-1
7501,88,3993,20,0,19
7502,31,3993,20,0,20
7503,91,3994,20,1,-1
7504,67,3994,20,1,0
7505,10,3995,20,1,4
7506,70,3995,20,1,1
7507,40,3996,20,1,0
7508,33,3996,20,1,3
7509,86,3997,20,1,1
7510,27,3998,20,1,2
7511,7,3998,20,0,9
7512,46,3999,20,0,9
7513,68,3999,20,1,3
7514,43,4000,20,0,16
7515,48,4001,21,1,1
7516,21,4002,21,1,0
7517,4,4002,21,1,6
7518,52,4002,21,1,5
7519,91,4003,21,0,9
7520,60,4003,21,1,-1
7521,30,4004,21,1,5
7522,22,4004,21,1,0
7523,54,4005,21,1,-2
7524,22,4006,21,0,8
7525,65,4007,21,0,21
7526,35,4007,21,1,7
7527,42,4007,21,0,25
7528,3,4008,21,0,8
7529,29,4009,21,1,3
7530,55,4009,21,1,-1
7531,7,4009,21,1,1
7532,62,4009,21,1,5
7533,79,4010,21,1,-2
7534,85,4010,21,0,17
7535,47,4011,21,1,5
7536,81,4011,21,1,-1
7537,72,4011,21,1,2
7538,4,4011,21,1,6
7539,47,4012,21,1,0
7540,6,4012,21,1,4
7541,17,4013,21,0,27
7542,16,4013,21,1,6
7543,57,4013,21,1,-1
7544,87,4014,21,0,8
7545,62,4015,21,1,0
7546,82,4016,21,1,2
7547,23,4016,21,0,27
7548,37,4017,21,1,1
7549,57,4017,21,0,7
7550,63,4018,21,1,-1
7551,44,4018,21,1,0
7552,69,4018,21,0,25
7553,58,4018,21,0,22
7554,39,4019,21,0,23
7555,44,4019,21,0,11
7556,67,4019,21,1,4
7557,96,4020,21,1,2
7558,18,4021,21,1,-2
7559,94,4022,21,1,3
7560,2,4023,21,1,3
7561,8,4023,21,1,1
7562,7,4024,21,0,12
7563,16,4024,21,1,3
7564,30,4024,21,1,4
7565,33,4025,21,1,0
7566,53,4025,21,0,24
7567,15,4025,21,1,0
7568,56,4026,21,1,2
7569,62,4027,21,0,17
7570,60,4027,21,1,5
7571,35,4027,21,1,5
7572,71,4027,21,0,22
7573,81,4028,21,1,-2
7574,86,4029,21,1,1
7575,3,4029,21,0,19
7576,71,4030,21,1,0
7577,81,4030,21,1,2
7578,96,4031,21,0,20
7579,20,4031,21,1,5
7580,45,4032,21,1,6
7581,3,4032,21,1,0
7582,89,4032,21,0,15
7583,27,4033,21,1,-1
7584,80,4033,21,0,14
7585,80,4034,21,1,-2
7586,88,4034,21,0,12
7587,4,4035,21,1,6
7588,9,4035,21,0,16
7589,50,4036,21,1,3
7590,95,4036,21,0,25
7591,81,4037,21,0,12
7592,32,4037,21,1,1
7593,26,4037,21,0,14
7594,40,4038,21,1,1
7595,29,4039,21,1,-2
7596,18,4040,21,1,3
7597,60,4040,21,1,1
7598,19,4041,21,1,0
7599,38,4042,21,1,-1
7600,2,4043,21,1,4
7601,80,4043,21,1,5
7602,70,4044,21,1,2
7603,100,4045,21,1,-2
7604,61,4045,21,1,0
7605,21,4046,21,0,10
7606,33,4047,21,1,-1
7607,22,4047,21,1,-1
7608,69,4048,21,0,7
7609,1,4048,21,1,3
7610,32,4049,21,1,0
7611,15,4050,21,0,15
7612,88,4051,21,0,13
7613,61,4052,21,1,3
7614,90,4053,21,1,7
7615,63,4053,21,1,0
7616,94,4053,21,1,2
7617,37,4054,21,0,15
7618,20,4054,21,0,6
7619,96,4055,21,1,2
7620,24,4055,21,0,10
7621,35,4056,21,1,1
7622,66,4057,21,1,0
7623,96,4057,21,0,17
7624,12,4057,21,1,7
7625,99,4057,21,1,-1
7626,24,4058,21,1,4
7627,63,4058,21,0,21
7628,80,4058,21,1,4
7629,4,4058,21,0,20
7630,80,4059,21,1,7
7631,59,4059,21,0,13
7632,44,4059,21,1,3
7633,10,4060,21,1,3
7634,59,4060,21,0,20
7635,66,4061,21,1,0
7636,87,4062,21,0,18
7637,55,4062,21,1,5
7638,80,4063,21,1,-1
7639,21,4063,21,1,7
7640,41,4063,21,1,3
7641,43,4063,21,1,0
7642,46,4064,21,1,-1
7643,12,4064,21,1,1
7644,93,4065,21,0,18
7645,1,4065,21,0,15
7646,64,4066,21,0,8
7647,23,4067,21,1,2
7648,27,4067,21,1,5
7649,16,4068,21,0,14
7650,57,4069,21,1,2
7651,85,4069,21,1,0
7652,66,4069,21,1,7
7653,37,4069,21,1,2
7654,26,4070,21,1,4
7655,74,4071,21,1,3
7656,22,4071,21,0,10
7657,76,4071,21,0,15
7658,48,4072,21,0,18
7659,47,4072,21,1,7
7660,74,4073,21,0,15
7661,84,4073,21,0,23
7662,69,4073,21,1,-1
7663,16,4073,21,1,7
7664,59,4074,21,1,7
7665,63,4074,21,1,3
7666,97,4075,21,1,2
7667,55,4076,21,1,2
7668,8,4077,21,0,7
7669,48,4078,21,1,4
7670,94,4078,21,1,3
7671,69,4079,21,1,2
7672,80,4080,21,1,-1
7673,72,4081,21,0,8
7674,48,4081,21,1,3
7675,12,4082,21,1,0
7676,95,4082,21,1,-1
7677,61,4083,21,0,20
7678,12,4083,21,1,3
7679,26,4083,21,1,1
7680,3,4084,21,0,5
7681,30,4085,21,1,4
7682,51,4086,21,1,0
7683,9,4086,21,0,28
7684,44,4086,21,1,0
7685,80,4087,21,1,2
7686,35,4087,21,0,19
7687,93,4087,21,1,1
7688,20,4088,21,1,2
7689,60,4088,21,0,18
7690,41,4089,21,1,2
7691,66,4089,21,1,6
7692,2,4089,21,0,21
7693,90,4090,21,1,4
7694,57,4091,21,1,1
7695,11,4091,21,0,19
7696,97,4091,21,1,7
7697,64,4091,21,1,1
7698,70,4092,21,0,9
7699,92,4092,21,1,-2
7700,25,4093,21,0,16
7701,98,4093,21,0,14
7702,96,4094,21,1,-1
7703,24,4094,21,1,5
7704,75,4094,21,1,5
7705,82,4094,21,1,2
7706,20,4095,21,1,4
7707,53,4096,21,1,2
7708,21,4096,21,0,10
7709,91,4097,21,1,7
7710,89,4097,21,1,6
7711,61,4098,21,0,10
7712,48,4099,21,1,0
7713,50,4100,21,1,0
7714,94,4101,21,0,12
7715,39,4102,21,1,-1
7716,23,4102,21,1,-2
7717,74,4103,21,0,29
7718,94,4103,21,1,0
7719,11,4103,21,1,2
7720,70,4103,21,0,26
7721,88,4104,21,0,13
7722,18,4104,21,1,6
7723,34,4105,21,0,26
7724,70,4105,21,1,-1
7725,9,4105,21,1,5
7726,25,4105,21,0,19
7727,69,4106,21,1,2
7728,12,4106,21,0,21
7729,93,4107,21,0,9
7730,69,4108,21,1,-1
7731,75,4108,21,0,23
7732,96,4108,21,0,28
7733,32,4109,21,1,3
7734,54,4109,21,1,7
7735,5,4109,21,1,6
7736,53,4109,21,1,7
7737,53,4110,21,1,3
7738,22,4111,21,1,-3
7739,5,4112,21,0,9
7740,96,4112,21,1,5
7741,94,4113,21,1,0
7742,10,4114,21,1,4
7743,100,4114,21,0,9
7744,79,4115,21,1,-2
7745,64,4116,21,1,4
7746,85,4116,21,1,0
7747,5,4116,21,1,0
7748,60,4116,21,0,14
7749,89,4117,21,1,-1
7750,92,4118,21,1,-2
7751,60,4119,21,1,1
7752,82,4119,21,0,25
7753,99,4120,21,1,3
7754,74,4121,21,1,0
7755,30,4122,21,0,17
7756,57,4123,21,1,1
7757,39,4124,21,1,1
7758,79,4124,21,1,-1
7759,51,4125,21,0,5
7760,10,4126,21,1,-1
7761,53,4126,21,1,2
7762,68,4127,21,0,10
7763,62,4128,21,1,4
7764,33,4129,21,1,1
7765,86,4130,21,0,10
7766,63,4131,21,0,29
7767,37,4131,21,0,25
7768,88,4131,21,1,6
7769,85,4132,21,0,26
7770,56,4132,21,0,14
7771,65,4132,21,0,16
7772,60,4132,21,0,24
7773,54,4133,21,0,3
7774,95,4134,21,0,10
7775,65,4135,21,1,-2
7776,33,4136,21,0,24
7777,91,4136,21,1,3
7778,24,4137,21,1,5
7779,18,4137,21,0,16
7780,46,4138,21,1,-2
7781,54,4138,21,1,2
7782,43,4139,21,1,0
7783,58,4139,21,1,2
7784,54,4140,21,1,5
7785,80,4140,21,1,4
7786,90,4140,21,0,16
7787,21,4141,21,0,16
7788,65,4141,21,0,20
7789,3,4142,21,1,0
7790,91,4142,21,1,2
7791,56,4142,21,1,4
7792,71,4143,21,1,1
7793,42,4144,21,0,19
7794,37,4144,21,1,-1
7795,20,4145,21,1,-1
7796,48,4146,21,1,0
7797,90,4146,21,1,3
7798,85,4146,21,0,23
7799,77,4147,21,1,5
7800,37,4147,21,0,10
7801,45,4148,21,1,4
7802,79,4148,21,1,0
7803,42,4149,21,1,-1
7804,58,4150,21,1,7
7805,52,4150,21,1,0
7806,93,4150,21,1,1
7807,16,4151,21,0,3
7808,89,4152,21,1,2
7809,25,4152,21,0,11
7810,28,4153,21,0,15
7811,85,4153,21,1,0
7812,16,4154,21,1,-1
7813,86,4155,21,1,2
7814,67,4155,21,1,0
7815,63,4155,21,1,7
7816,6,4156,21,1,-1
7817,62,4157,21,1,2
7818,3,4157,21,1,-2
7819,69,4158,21,1,2
7820,59,4158,21,1,0
7821,90,4158,21,0,23
7822,98,4158,21,1,6
7823,26,4159,21,1,-3
7824,94,4160,21,0,4
7825,77,4161,21,1,-2
7826,58,4162,21,0,23
7827,39,4162,21,1,7
7828,16,4163,21,0,18
7829,94,4163,21,0,16
7830,38,4164,21,1,1
7831,54,4165,21,1,2
7832,95,4165,21,0,16
7833,12,4166,21,1,7
7834,40,4166,21,1,0
7835,98,4166,21,1,4
7836,94,4166,21,0,15
7837,27,4167,21,1,3
7838,61,4167,21,0,28
7839,15,4168,21,1,3
7840,14,4169,21,1,-1
7841,85,4170,21,1,0
7842,7,4170,21,1,0
7843,47,4171,21,1,-1
7844,50,4172,21,0,6
7845,56,4172,21,1,-1
7846,5,4173,21,1,1
7847,96,4174,21,0,16
7848,63,4174,21,1,4
7849,70,4175,21,1,2
7850,40,4175,21,1,3
7851,11,4175,21,1,6
7852,12,4175,21,1,0
7853,17,4176,21,0,17
7854,11,4176,21,1,2
7855,3,4177,21,1,4
7856,24,4177,21,1,2
7857,68,4178,21,1,0
7858,14,4179,21,1,2
7859,83,4179,21,0,11
7860,83,4180,21,1,0
7861,34,4180,21,1,0
7862,48,4181,21,0,12
7863,95,4181,21,0,7
7864,88,4182,21,0,26
7865,87,4182,21,0,15
7866,22,4183,21,1,7
7867,30,4183,21,0,14
7868,64,4183,21,1,6
7869,47,4184,21,0,29
7870,72,4184,21,1,5
7871,3,4185,21,1,-1
7872,27,4185,21,1,-2
7873,44,4186,21,1,3
7874,35,4187,21,1,5
7875,27,4188,21,1,6
7876,22,4188,21,0,18
7877,52,4189,21,1,1
7878,67,4189,21,1,-1
7879,16,4190,21,1,0
7880,49,4191,21,0,20
7881,52,4191,21,1,-2
7882,23,4192,21,1,-2
7883,100,4192,21,1,-2
7884,2,4193,21,1,0
7885,90,4194,21,1,2
7886,77,4195,21,0,7
7887,90,4196,21,1,2
7888,93,4197,21,1,2
7889,18,4197,21,0,19
7890,44,4198,21,0,14
7891,52,4199,21,1,2
7892,3,4200,21,1,4
7893,73,4200,21,0,14
7894,85,4201,22,0,24
7895,79,4201,22,0,22
7896,14,4202,22,0,15
7897,12,4203,22,1,-2
7898,9,4203,22,1,0
7899,77,4204,22,1,1
7900,7,4205,22,1,1
7901,28,4206,22,1,6
7902,18,4206,22,0,12
7903,82,4206,22,0,29
7904,77,4207,22,1,-1
7905,69,4208,22,1,3
7906,84,4208,22,0,14
7907,57,4209,22,1,-1
7908,51,4210,22,0,17
7909,57,4210,22,1,3
7910,86,4211,22,1,0
7911,9,4211,22,0,23
7912,74,4212,22,1,3
7913,45,4213,22,1,5
7914,21,4213,22,1,2
7915,52,4214,22,1,4
7916,88,4214,22,1,1
7917,27,4214,22,0,15
7918,51,4214,22,1,7
7919,63,4215,22,1,-2
7920,23,4215,22,0,7
7921,38,4216,22,1,7
7922,86,4216,22,1,7
7923,11,4216,22,1,5
7924,64,4217,22,1,-2
7925,79,4218,22,1,5
7926,66,4218,22,1,2
7927,53,4219,22,1,1
7928,74,4219,22,1,1
7929,74,4220,22,0,20
7930,71,4221,22,1,-1
7931,4,4222,22,1,6
7932,43,4222,22,0,18
7933,59,4222,22,1,0
7934,45,4223,22,0,15
7935,80,4223,22,0,20
7936,14,4223,22,0,30
7937,53,4224,22,1,2
7938,35,4224,22,1,5
7939,78,4225,22,1,3
7940,29,4226,22,1,-1
7941,97,4227,22,1,-1
7942,24,4227,22,0,16
7943,49,4227,22,1,7
7944,11,4228,22,1,-2
7945,21,4228,22,1,3
7946,19,4229,22,0,5
7947,97,4230,22,1,7
7948,52,4230,22,0,16
7949,67,4231,22,1,-2
7950,90,4232,22,1,2
7951,14,4233,22,0,18
7952,77,4234,22,1,1
7953,3,4234,22,1,2
7954,16,4235,22,1,5
7955,73,4235,22,1,3
7956,79,4236,22,0,21
7957,60,4236,22,1,3
7958,35,4236,22,1,-1
7959,15,4236,22,0,21
7960,56,4237,22,1,0
7961,89,4238,22,1,2
7962,65,4239,22,0,17
7963,88,4239,22,1,0
7964,52,4240,22,1,2
7965,95,4241,22,0,4
7966,62,4242,22,0,19
7967,97,4243,22,1,2
7968,64,4244,22,1,0
7969,78,4244,22,0,21
7970,25,4244,22,0,30
7971,11,4245,22,1,5
7972,15,4245,22,1,3
7973,17,4246,22,1,4
7974,40,4246,22,1,7
7975,44,4246,22,1,5
7976,3,4247,22,1,3
7977,62,4248,22,0,28
7978,61,4248,22,0,13
7979,12,4248,22,1,0
7980,51,4248,22,0,21
7981,23,4249,22,1,0
7982,12,4249,22,0,29
7983,23,4250,22,1,2
7984,63,4250,22,1,0
7985,51,4251,22,0,11
7986,85,4251,22,1,5
7987,38,4252,22,0,28
7988,25,4252,22,0,25
7989,52,4253,22,1,2
7990,26,4254,22,0,7
7991,32,4255,22,0,11
7992,76,4256,22,1,4
7993,24,4257,22,1,2
7994,22,4257,22,1,-2
7995,88,4258,22,1,2
7996,34,4258,22,1,6
7997,60,4258,22,1,-1
7998,19,4259,22,0,13
7999,88,4259,22,1,1
8000,25,4260,22,0,27
8001,57,4260,22,1,1
8002,35,4260,22,1,4
8003,65,4260,22,0,26
8004,6,4261,22,1,-2
8005,48,4262,22,1,0
8006,59,4262,22,1,4
8007,20,4263,22,0,27
8008,98,4263,22,1,4
8009,60,4263,22,1,-1
8010,54,4263,22,1,4
8011,91,4264,22,1,5
8012,53,4264,22,1,1
8013,56,4264,22,0,26
8014,57,4265,22,1,3
8015,29,4265,22,1,3
8016,55,4265,22,1,0
8017,90,4265,22,1,6
8018,13,4266,22,1,2
8019,46,4266,22,0,13
8020,99,4266,22,1,4
8021,98,4267,22,0,21
8022,100,4267,22,1,5
8023,41,4267,22,1,6
8024,24,4268,22,1,-2
8025,25,4269,22,0,16
8026,35,4270,22,1,4
8027,66,4270,22,1,2
8028,97,4271,22,0,14
8029,86,4271,22,1,-1
8030,64,4272,22,0,4
8031,26,4273,22,1,4
8032,79,4273,22,1,1
8033,16,4274,22,1,0
8034,76,4275,22,1,2
8035,59,4276,22,0,11
8036,18,4277,22,1,-3
8037,30,4278,22,1,2
8038,12,4278,22,0,17
8039,61,4278,22,1,0
8040,25,4279,22,0,19
8041,16,4279,22,1,3
8042,43,4279,22,0,17
8043,26,4279,22,1,2
8044,68,4280,22,0,12
8045,70,4281,22,1,-3
8046,56,4282,22,1,-2
8047,91,4282,22,0,20
8048,42,4283,22,1,4
8049,58,4283,22,0,14
8050,51,4283,22,1,-1
8051,97,4284,22,0,16
8052,15,4284,22,1,5
8053,91,4285,22,1,7
8054,55,4285,22,1,0
8055,67,4285,22,1,1
8056,68,4285,22,1,2
8057,38,4286,22,1,5
8058,61,4286,22,1,0
8059,35,4286,22,0,28
8060,71,4286,22,1,7
8061,95,4287,22,0,19
8062,68,4287,22,1,3
8063,39,4288,22,1,2
8064,100,4288,22,1,4
8065,58,4288,22,0,18
8066,16,4289,22,1,3
8067,86,4290,22,1,-1
8068,99,4290,22,0,20
8069,30,4291,22,1,3
8070,9,4292,22,1,4
8071,39,4292,22,0,14
8072,15,4293,22,1,6
8073,40,4293,22,0,18
8074,51,4294,22,1,7
8075,18,4294,22,1,2
8076,52,4295,22,0,4
8077,90,4296,22,1,4
8078,1,4297,22,0,19
8079,76,4297,22,0,25
8080,85,4298,22,0,25
8081,98,4298,22,0,27
8082,99,4299,22,1,3
8083,16,4300,22,1,-1
8084,7,4301,22,1,2
8085,75,4301,22,1,4
8086,28,4302,22,1,-1
8087,14,4302,22,1,1
8088,79,4302,22,1,3
8089,8,4303,22,1,-1
8090,39,4304,22,1,4
8091,96,4304,22,1,1
8092,2,4305,22,0,10
8093,66,4305,22,0,15
8094,15,4306,22,1,-1
8095,45,4306,22,1,1
8096,49,4307,22,1,5
8097,53,4308,22,1,-3
8098,20,4309,22,0,27
8099,46,4309,22,1,5
8100,81,4309,22,1,-1
8101,24,4310,22,1,2
8102,90,4310,22,0,30
8103,78,4310,22,0,14
8104,7,4311,22,1,-1
8105,72,4311,22,1,7
8106,67,4311,22,1,3
8107,68,4311,22,1,1
8108,83,4312,22,0,18
8109,32,4312,22,0,14
8110,43,4313,22,0,29
8111,18,4313,22,0,10
8112,23,4314,22,1,3
8113,82,4314,22,1,3
8114,4,4314,22,1,2
8115,42,4315,22,0,17
8116,30,4315,22,1,-2
8117,53,4316,22,1,1
8118,34,4316,22,1,3
8119,89,4317,22,0,28
8120,15,4317,22,1,2
8121,71,4318,22,0,7
8122,1,4319,22,1,4
8123,73,4319,22,0,24
8124,39,4319,22,0,28
8125,30,4320,22,1,-1
8126,81,4320,22,1,5
8127,62,4321,22,0,16
8128,7,4322,22,1,-2
8129,13,4323,22,0,22
8130,21,4323,22,1,5
8131,18,4323,22,0,10
8132,1,4324,22,0,28
8133,14,4324,22,0,24
8134,50,4325,22,0,17
8135,85,4325,22,1,2
8136,20,4325,22,1,5
8137,42,4326,22,0,13
8138,90,4326,22,0,10
8139,15,4327,22,1,2
8140,73,4327,22,0,19
8141,47,4328,22,1,5
8142,26,4329,22,1,-3
8143,98,4330,22,0,15
8144,60,4330,22,0,24
8145,59,4330,22,0,28
8146,56,4331,22,1,0
8147,89,4331,22,1,-1
8148,71,4331,22,1,6
8149,44,4331,22,1,6
8150,78,4332,22,1,-1
8151,72,4333,22,1,5
8152,79,4333,22,1,2
8153,43,4333,22,1,4
8154,98,4334,22,1,-1
8155,2,4334,22,0,18
8156,30,4335,22,0,28
8157,84,4335,22,0,15
8158,70,4335,22,0,30
8159,28,4335,22,0,23
8160,6,4336,22,0,18
8161,6,4337,22,1,3
8162,75,4338,22,1,2
8163,76,4338,22,1,5
8164,86,4338,22,1,2
8165,73,4338,22,1,1
8166,58,4339,22,1,6
8167,84,4339,22,0,21
8168,12,4339,22,1,7
8169,52,4339,22,1,1
8170,55,4340,22,0,30
8171,79,4340,22,0,19
8172,32,4341,22,1,1
8173,30,4342,22,1,3
8174,23,4342,22,1,-1
8175,58,4343,22,0,3
8176,88,4344,22,0,10
8177,58,4344,22,0,16
8178,64,4345,22,1,3
8179,54,4345,22,1,4
8180,2,4346,22,1,0
8181,33,4347,22,1,4
8182,20,4347,22,0,10
8183,68,4348,22,1,6
8184,82,4348,22,0,20
8185,21,4349,22,1,7
8186,20,4349,22,0,18
8187,38,4350,22,1,-1
8188,86,4351,22,1,-3
8189,98,4352,22,0,14
8190,32,4352,22,1,-1
8191,83,4353,22,0,14
8192,80,4354,22,0,11
8193,12,4355,22,0,14
8194,3,4355,22,1,2
8195,82,4356,22,0,3
8196,15,4357,22,1,4
8197,94,4357,22,0,20
8198,31,4358,22,1,1
8199,9,4359,22,1,0
8200,38,4360,22,0,5
8201,81,4361,22,1,-2
8202,41,4362,22,1,5
8203,56,4362,22,1,0
8204,38,4362,22,1,5
8205,69,4362,22,1,0
8206,49,4363,22,1,6
8207,53,4363,22,1,4
8208,12,4363,22,1,-1
8209,28,4364,22,1,-1
8210,6,4364,22,1,1
8211,8,4365,22,1,5
8212,1,4365,22,1,3
8213,6,4366,22,1,0
8214,45,4366,22,1,3
8215,77,4366,22,0,14
8216,22,4366,22,0,20
8217,5,4367,22,1,5
8218,14,4367,22,1,0
8219,32,4368,22,0,19
8220,26,4368,22,0,16
8221,5,4368,22,1,4
8222,82,4368,22,1,6
8223,34,4369,22,1,1
8224,47,4370,22,0,12
8225,60,4370,22,0,20
8226,91,4371,22,1,4
8227,76,4372,22,1,2
8228,8,4373,22,1,-3
8229,72,4374,22,1,5
8230,15,4374,22,0,25
8231,3,4374,22,1,-1
8232,71,4375,22,1,1
8233,19,4375,22,0,21
8234,11,4375,22,1,2
8235,67,4376,22,0,10
8236,53,4377,22,0,26
8237,85,4377,22,1,0
8238,59,4377,22,1,4
8239,34,4377,22,0,13
8240,50,4378,22,1,3
8241,90,4379,22,1,-2
8242,56,4379,22,1,5
8243,85,4380,22,0,19
8244,63,4380,22,1,3
8245,39,4381,22,1,4
8246,12,4381,22,1,7
8247,33,4381,22,0,17
8248,6,4382,22,0,18
8249,61,4382,22,0,17
8250,35,4383,22,1,1
8251,100,4383,22,1,3
8252,17,4383,22,1,3
8253,86,4384,22,0,15
8254,6,4385,22,0,12
8255,38,4385,22,1,-1
8256,90,4386,22,1,2
8257,100,4387,22,1,1
8258,32,4387,22,1,-1
8259,50,4388,22,1,1
8260,31,4389,22,0,5
8261,60,4390,22,1,0
8262,27,4391,22,1,-2
8263,46,4391,22,0,12
8264,28,4392,22,1,0
8265,26,4392,22,1,0
8266,52,4393,22,1,-2
8267,81,4394,22,1,3
8268,23,4395,22,1,3
8269,92,4396,22,0,16
8270,81,4397,22,1,1
8271,35,4397,22,1,-1
8272,6,4398,22,1,-1
8273,7,4398,22,1,3
8274,97,4399,22,1,3
8275,28,4399,22,1,2
8276,29,4399,22,1,4
8277,25,4400,22,0,7
8278,67,4401,23,1,1
8279,92,4402,23,1,4
8280,100,4402,23,0,20
8281,42,4403,23,1,-1
8282,44,4403,23,0,15
8283,7,4403,23,1,1
8284,72,4404,23,1,-2
8285,40,4404,23,1,1
8286,51,4405,23,0,30
8287,53,4405,23,1,3
8288,55,4406,23,1,3
8289,48,4407,23,1,1
8290,22,4407,23,1,3
8291,63,4408,23,0,15
8292,36,4408,23,1,0
8293,76,4409,23,1,5
8294,22,4409,23,1,4
8295,18,4409,23,0,18
8296,1,4410,23,1,-1
8297,81,4410,23,1,2
8298,95,4410,23,1,1
8299,62,4410,23,0,21
8300,72,4411,23,1,2
8301,16,4411,23,1,7
8302,84,4412,23,1,3
8303,2,4412,23,1,2
8304,36,4413,23,1,0
8305,75,4414,23,1,3
8306,68,4414,23,1,7
8307,58,4415,23,0,10
8308,56,4416,23,1,0
8309,78,4416,23,1,1
8310,51,4417,23,1,0
8311,42,4417,23,1,4
8312,85,4418,23,0,18
8313,36,4418,23,1,-1
8314,54,4419,23,1,2
8315,13,4420,23,0,8
8316,19,4420,23,1,3
8317,1,4421,23,0,26
8318,12,4421,23,1,0
8319,78,4421,23,0,21
8320,29,4421,23,1,4
8321,49,4422,23,1,2
8322,39,4422,23,0,7
8323,86,4423,23,1,3
8324,96,4423,23,1,-1
8325,60,4424,23,1,3
8326,44,4424,23,1,-1
8327,24,4424,23,0,23
8328,79,4424,23,1,5
8329,84,4425,23,0,21
8330,62,4425,23,0,23
8331,52,4426,23,0,6
8332,72,4427,23,0,8
8333,3,4428,23,0,22
8334,21,4428,23,1,4
8335,10,4429,23,1,0
8336,7,4430,23,0,10
8337,27,4430,23,0,26
8338,33,4430,23,1,-1
8339,7,4431,23,1,4
8340,67,4432,23,1,5
8341,45,4432,23,0,14
8342,15,4433,23,0,22
8343,91,4433,23,0,22
8344,3,4433,23,0,27
8345,64,4434,23,0,17
8346,79,4434,23,1,3
8347,85,4435,23,1,-2
8348,10,4435,23,1,4
8349,6,4436,23,1,1
8350,23,4437,23,0,6
8351,76,4437,23,1,0
8352,23,4438,23,1,3
8353,1,4438,23,1,2
8354,4,4438,23,1,4
8355,10,4439,23,1,-2
8356,43,4440,23,1,4
8357,51,4440,23,1,3
8358,19,4440,23,1,3
8359,89,4440,23,1,2
8360,77,4441,23,0,23
8361,57,4441,23,1,7
8362,100,4441,23,1,6
8363,84,4442,23,1,5
8364,87,4443,23,1,-1
8365,11,4444,23,1,5
8366,35,4444,23,1,3
8367,61,4445,23,0,30
8368,30,4445,23,1,1
8369,5,4446,23,1,3
8370,66,4447,23,0,6
8371,56,4448,23,1,0
8372,56,4449,23,1,-1
8373,54,4450,23,1,0
8374,83,4451,23,1,-1
8375,51,4452,23,1,-1
8376,1,4452,23,1,4
8377,52,4452,23,0,19
8378,2,4453,23,1,3
8379,100,4454,23,0,17
8380,9,4455,23,1,6
8381,89,4455,23,1,6
8382,80,4455,23,1,7
8383,97,4456,23,1,-3
8384,1,4457,23,1,2
8385,44,4457,23,1,-1
8386,40,4458,23,1,3
8387,98,4458,23,1,2
8388,96,4459,23,1,2
8389,21,4460,23,0,16
8390,96,4461,23,1,4
8391,95,4462,23,1,7
8392,16,4462,23,0,22
8393,23,4463,23,1,0
8394,24,4464,23,1,1
8395,11,4464,23,1,1
8396,97,4465,23,0,13
8397,12,4465,23,1,0
8398,61,4465,23,0,26
8399,24,4465,23,1,-1
8400,14,4466,23,0,10
8401,1,4466,23,1,5
8402,25,4466,23,1,-1
8403,52,4466,23,0,13
8404,10,4467,23,1,2
8405,96,4467,23,1,5
8406,26,4468,23,1,4
8407,52,4468,23,1,0
8408,25,4469,23,0,18
8409,73,4470,23,0,18
8410,63,4470,23,1,1
8411,38,4470,23,1,7
8412,34,4470,23,1,2
8413,33,4471,23,1,-1
8414,72,4471,23,1,0
8415,74,4471,23,0,13
8416,91,4472,23,1,-2
8417,30,4473,23,1,-1
8418,77,4474,23,1,0
8419,55,4474,23,1,6
8420,14,4474,23,0,12
8421,52,4474,23,0,28
8422,21,4475,23,1,4
8423,15,4475,23,0,22
8424,91,4475,23,0,29
8425,46,4475,23,1,3
8426,47,4476,23,1,1
8427,9,4477,23,1,2
8428,46,4477,23,1,-1
8429,27,4478,23,1,-3
8430,73,4479,23,0,16
8431,47,4480,23,1,-1
8432,81,4481,23,0,6
8433,100,4482,23,1,-2
8434,97,4483,23,1,4
8435,28,4484,23,0,3
8436,80,4485,23,1,2
8437,97,4485,23,1,2
8438,63,4485,23,1,4
8439,64,4485,23,0,22
8440,100,4486,23,1,4
8441,87,4486,23,0,25
8442,91,4487,23,1,0
8443,29,4488,23,0,13
8444,12,4488,23,1,5
8445,87,4489,23,1,2
8446,56,4489,23,1,3
8447,77,4490,23,1,-1
8448,23,4490,23,0,10
8449,66,4491,23,0,11
8450,11,4492,23,1,6
8451,27,4492,23,0,22
8452,53,4493,23,1,-2
8453,23,4494,23,1,2
8454,29,4494,23,1,5
8455,63,4494,23,1,-1
8456,59,4494,23,1,6
8457,6,4495,23,1,2
8458,75,4496,23,1,2
8459,100,4497,23,0,12
8460,95,4498,23,1,2
8461,19,4498,23,1,0
8462,11,4499,23,1,5
8463,6,4500,23,1,1
8464,67,4501,23,1,-1
8465,81,4501,23,0,24
8466,23,4501,23,0,13
8467,89,4502,23,1,-3
8468,71,4503,23,0,10
8469,79,4503,23,0,8
8470,16,4504,23,0,18
8471,20,4504,23,1,4
8472,49,4505,23,1,5
8473,56,4505,23,1,4
8474,35,4505,23,1,1
8475,99,4506,23,0,16
8476,40,4506,23,0,21
8477,3,4507,23,1,-2
8478,14,4508,23,1,0
8479,64,4509,23,1,4
8480,90,4510,23,1,0
8481,93,4510,23,0,16
8482,4,4510,23,0,19
8483,14,4511,23,1,2
8484,23,4511,23,0,27
8485,77,4511,23,1,7
8486,26,4511,23,1,4
8487,44,4512,23,1,4
8488,23,4512,23,1,-1
8489,12,4513,23,1,2
8490,84,4513,23,0,25
8491,60,4514,23,1,0
8492,86,4514,23,0,17
8493,66,4514,23,1,6
8494,54,4514,23,1,0
8495,21,4515,23,1,1
8496,33,4515,23,1,3
8497,13,4516,23,0,10
8498,14,4516,23,1,3
8499,71,4516,23,1,4
8500,34,4516,23,1,-1
8501,57,4517,23,1,2
8502,49,4518,23,1,-1
8503,66,4519,23,0,9
8504,20,4520,23,1,-2
8505,34,4520,23,1,0
8506,24,4521,23,1,-1
8507,59,4522,23,0,23
8508,21,4522,23,1,0
8509,53,4522,23,0,24
8510,14,4522,23,1,3
8511,92,4523,23,0,17
8512,30,4523,23,1,7
8513,95,4523,23,0,30
8514,7,4523,23,0,26
8515,50,4524,23,1,-2
8516,10,4524,23,0,16
8517,81,4525,23,1,5
8518,59,4525,23,1,1
8519,5,4526,23,1,-1
8520,76,4527,23,0,16
8521,33,4528,23,0,8
8522,69,4529,23,1,-1
8523,55,4529,23,1,0
8524,76,4530,23,1,-2
8525,79,4531,23,1,2
8526,97,4531,23,0,14
8527,50,4531,23,1,3
8528,21,4531,23,0,30
8529,44,4532,23,1,3
8530,87,4533,23,1,-3
8531,72,4534,23,1,0
8532,41,4534,23,0,17
8533,55,4534,23,0,20
8534,80,4535,23,1,4
8535,75,4536,23,0,9
8536,24,4536,23,1,2
8537,53,4537,23,0,20
8538,12,4537,23,1,5
8539,84,4537,23,0,18
8540,32,4538,23,0,9
8541,72,4539,23,0,14
8542,34,4539,23,1,-1
8543,81,4540,23,1,3
8544,19,4540,23,1,7
8545,65,4540,23,1,7
8546,85,4540,23,1,0
8547,65,4541,23,1,-1
8548,9,4542,23,0,20
8549,14,4542,23,1,0
8550,40,4543,23,1,1
8551,81,4544,23,0,10
8552,85,4544,23,0,18
8553,95,4545,23,1,0
8554,39,4545,23,1,4
8555,22,4546,23,1,-2
8556,3,4547,23,0,15
8557,16,4547,23,1,4
8558,49,4548,23,1,0
8559,84,4549,23,1,1
8560,78,4550,23,1,3
8561,2,4550,23,1,0
8562,70,4551,23,1,6
8563,13,4551,23,0,22
8564,72,4552,23,1,0
8565,31,4552,23,0,12
8566,92,4553,23,1,0
8567,4,4554,23,0,10
8568,23,4555,23,1,4
8569,31,4555,23,1,2
8570,44,4555,23,1,7
8571,19,4556,23,0,14
8572,38,4556,23,1,2
8573,57,4556,23,1,1
8574,44,4557,23,1,0
8575,37,4558,23,1,-2
8576,25,4559,23,1,4
8577,43,4559,23,1,3
8578,34,4560,23,1,-1
8579,4,4560,23,1,-2
8580,1,4561,23,1,1
8581,40,4561,23,1,5
8582,81,4561,23,0,16
8583,52,4562,23,1,3
8584,23,4562,23,1,-1
8585,53,4563,23,1,-1
8586,75,4564,23,0,3
8587,95,4565,23,0,14
8588,14,4565,23,1,1
8589,38,4565,23,1,-1
8590,65,4566,23,0,8
8591,66,4567,23,0,17
8592,33,4567,23,1,2
8593,61,4568,23,0,9
8594,86,4568,23,0,11
8595,18,4569,23,0,8
8596,95,4569,23,0,14
8597,10,4570,23,1,3
8598,60,4571,23,1,5
8599,21,4571,23,0,25
8600,57,4571,23,0,19
8601,1,4572,23,1,-3
8602,61,4573,23,1,-2
8603,66,4574,23,1,5
8604,13,4575,23,1,3
8605,15,4576,23,1,1
8606,28,4576,23,0,23
8607,19,4576,23,0,15
8608,89,4577,23,1,-1
8609,45,4577,23,0,23
8610,19,4577,23,0,23
8611,20,4578,23,1,3
8612,17,4579,23,1,0
8613,58,4579,23,1,-2
8614,55,4580,23,1,6
8615,27,4580,23,0,17
8616,16,4581,23,1,3
8617,46,4581,23,1,5
8618,54,4582,23,0,9
8619,46,4583,23,1,3
8620,96,4583,23,1,3
8621,66,4584,23,1,3
8622,90,4585,23,1,0
8623,49,4586,23,1,2
8624,95,4586,23,1,4
8625,63,4586,23,1,7
8626,43,4587,23,1,-1
8627,67,4587,23,1,4
8628,69,4588,23,0,14
8629,55,4588,23,1,2
8630,41,4589,23,0,18
8631,28,4590,23,1,4
8632,91,4590,23,0,21
8633,70,4591,23,0,12
8634,66,4591,23,1,2
8635,93,4591,23,0,28
8636,32,4592,23,1,5
8637,18,4592,23,1,0
8638,14,4593,23,1,-1
8639,60,4594,23,0,20
8640,93,4595,23,0,6
8641,9,4595,23,0,7
8642,8,4596,23,1,1
8643,92,4596,23,1,4
8644,6,4597,23,1,-2
8645,61,4598,23,1,2
8646,35,4599,23,0,20
8647,25,4600,23,0,20
8648,49,4600,23,1,4
8649,88,4601,24,0,6
8650,39,4602,24,1,0
8651,62,4602,24,1,3
8652,63,4603,24,0,6
8653,64,4604,24,0,20
8654,71,4605,24,1,7
8655,66,4605,24,0,26
8656,6,4605,24,1,0
8657,50,4606,24,0,13
8658,52,4606,24,1,1
8659,11,4607,24,1,1
8660,1,4608,24,1,3
8661,33,4608,24,1,4
8662,99,4609,24,1,2
8663,67,4610,24,0,11
8664,97,4610,24,1,1
8665,30,4611,24,1,2
8666,54,4612,24,1,2
8667,37,4613,24,0,15
8668,77,4614,24,1,2
8669,56,4615,24,1,1
8670,10,4616,24,0,8
8671,46,4617,24,0,13
8672,78,4617,24,0,17
8673,40,4618,24,0,8
8674,48,4619,24,1,4
8675,77,4619,24,1,7
8676,31,4619,24,1,6
8677,100,4620,24,1,2
8678,10,4620,24,1,6
8679,20,4620,24,0,13
8680,79,4621,24,1,0
8681,96,4622,24,1,2
8682,28,4623,24,1,2
8683,55,4624,24,0,22
8684,35,4624,24,0,14
8685,68,4625,24,1,2
8686,3,4626,24,1,0
8687,93,4627,24,1,-2
8688,21,4627,24,0,9
8689,13,4628,24,0,5
8690,37,4629,24,1,4
8691,88,4629,24,1,3
8692,43,4629,24,1,1
8693,100,4629,24,1,-1
8694,97,4630,24,1,5
8695,60,4631,24,1,3
8696,40,4632,24,1,3
8697,57,4632,24,0,6
8698,68,4633,24,1,2
8699,18,4633,24,1,4
8700,15,4634,24,1,2
8701,92,4634,24,1,4
8702,23,4635,24,1,1
8703,93,4636,24,0,5
8704,74,4637,24,1,3
8705,26,4638,24,1,0
8706,18,4638,24,1,1
8707,89,4639,24,1,5
8708,40,4639,24,1,5
8709,2,4639,24,1,4
8710,64,4639,24,1,-1
8711,86,4640,24,1,5
8712,67,4640,24,1,4
8713,85,4640,24,1,6
8714,22,4640,24,1,7
8715,19,4641,24,0,6
8716,30,4642,24,1,1
8717,39,4643,24,1,-1
8718,33,4644,24,1,1
8719,26,4644,24,1,4
8720,97,4645,24,0,12
8721,53,4645,24,0,15
8722,87,4646,24,1,-2
8723,11,4647,24,1,-1
8724,6,4647,24,1,-2
8725,66,4648,24,1,0
8726,46,4649,24,0,16
8727,19,4650,24,1,-2
8728,44,4651,24,1,4
8729,69,4651,24,1,0
8730,12,4652,24,1,1
8731,59,4652,24,0,18
8732,11,4653,24,1,-1
8733,70,4653,24,0,8
8734,58,4654,24,1,4
8735,8,4654,24,1,6
8736,22,4654,24,1,1
8737,3,4655,24,0,30
8738,6,4655,24,1,3
8739,85,4655,24,1,-1
8740,69,4655,24,1,7
8741,46,4656,24,0,14
8742,42,4657,24,1,1
8743,69,4657,24,0,26
8744,84,4657,24,0,10
8745,6,4657,24,0,15
8746,19,4658,24,1,5
8747,14,4658,24,1,4
8748,63,4658,24,1,3
8749,4,4659,24,1,5
8750,19,4659,24,0,18
8751,65,4659,24,1,3
8752,99,4660,24,1,5
8753,24,4660,24,1,2
8754,99,4661,24,1,1
8755,22,4662,24,0,17
8756,83,4663,24,1,5
8757,97,4663,24,1,7
8758,92,4663,24,1,6
8759,68,4664,24,0,12
8760,4,4664,24,1,0
8761,98,4665,24,1,5
8762,69,4665,24,0,18
8763,11,4665,24,1,-1
8764,80,4666,24,0,23
8765,30,4666,24,1,5
8766,64,4667,24,1,-1
8767,79,4667,24,1,4
8768,100,4668,24,0,28
8769,96,4668,24,0,30
8770,99,4669,24,0,15
8771,8,4669,24,0,18
8772,37,4670,24,1,3
8773,31,4671,24,1,3
8774,2,4672,24,1,-1
8775,7,4673,24,1,5
8776,53,4673,24,1,-1
8777,100,4674,24,1,3
8778,79,4675,24,1,0
8779,74,4675,24,1,5
8780,69,4676,24,0,19
8781,46,4676,24,1,2
8782,94,4677,24,1,3
8783,42,4678,24,0,8
8784,23,4678,24,1,2
8785,64,4679,24,1,-1
8786,83,4680,24,0,15
8787,5,4681,24,1,5
8788,74,4681,24,1,3
8789,77,4682,24,0,14
8790,12,4682,24,1,3
8791,33,4683,24,1,1
8792,50,4683,24,0,11
8793,23,4683,24,1,1
8794,68,4684,24,0,15
8795,56,4684,24,1,5
8796,8,4685,24,1,1
8797,61,4685,24,0,12
8798,62,4686,24,0,18
8799,98,4686,24,0,15
8800,77,4687,24,1,2
8801,50,4688,24,1,-1
8802,61,4689,24,1,6
8803,78,4689,24,1,4
8804,71,4690,24,1,5
8805,87,4691,24,0,6
8806,42,4692,24,0,29
8807,43,4692,24,1,7
8808,60,4692,24,1,5
8809,85,4692,24,0,10
8810,48,4693,24,1,5
8811,77,4693,24,1,-2
8812,6,4694,24,1,-1
8813,26,4694,24,0,16
8814,86,4694,24,1,4
8815,5,4694,24,0,15
8816,97,4695,24,1,-1
8817,5,4696,24,0,16
8818,18,4696,24,1,4
8819,55,4696,24,0,20
8820,34,4697,24,1,1
8821,73,4698,24,0,26
8822,15,4698,24,1,0
8823,14,4699,24,1,3
8824,64,4699,24,1,0
8825,17,4700,24,1,-1
8826,80,4701,24,1,1
8827,71,4701,24,1,-2
8828,18,4702,24,1,4
8829,72,4702,24,1,3
8830,93,4703,24,0,5
8831,59,4704,24,1,0
8832,38,4705,24,1,-1
8833,86,4705,24,0,8
8834,96,4706,24,0,7
8835,53,4707,24,1,2
8836,30,4708,24,0,13
8837,18,4708,24,0,27
8838,53,4708,24,1,6
8839,81,4709,24,0,27
8840,20,4709,24,1,3
8841,21,4709,24,1,1
8842,25,4709,24,0,15
8843,62,4710,24,0,15
8844,32,4711,24,1,6
8845,45,4711,24,1,3
8846,41,4711,24,1,3
8847,34,4711,24,0,19
8848,56,4712,24,1,2
8849,4,4712,24,1,-1
8850,83,4712,24,1,5
8851,84,4712,24,1,6
8852,98,4713,24,1,3
8853,97,4713,24,1,2
8854,10,4714,24,0,19
8855,38,4714,24,1,6
8856,67,4714,24,1,5
8857,10,4715,24,1,4
8858,64,4715,24,1,5
8859,81,4715,24,1,1
8860,56,4716,24,1,5
8861,79,4716,24,1,4
8862,39,4717,24,0,6
8863,97,4718,24,1,3
8864,75,4718,24,1,-1
8865,29,4718,24,0,16
8866,67,4718,24,1,1
8867,82,4719,24,1,1
8868,42,4719,24,0,19
8869,80,4719,24,1,4
8870,14,4719,24,1,0
8871,75,4720,24,0,25
8872,59,4720,24,0,15
8873,11,4720,24,1,6
8874,67,4720,24,1,-1
8875,16,4721,24,0,20
8876,4,4721,24,1,5
8877,81,4721,24,1,5
8878,7,4721,24,1,3
8879,85,4722,24,0,26
8880,37,4722,24,1,1
8881,37,4723,24,1,4
8882,21,4724,24,1,-1
8883,25,4725,24,0,20
8884,88,4725,24,1,2
8885,40,4726,24,1,-2
8886,83,4727,24,0,13
8887,99,4727,24,0,11
8888,44,4728,24,1,0
8889,35,4729,24,1,0
8890,79,4729,24,1,0
8891,41,4730,24,1,6
8892,90,4730,24,0,25
8893,77,4730,24,1,1
8894,92,4730,24,1,7
8895,65,4731,24,0,24
8896,77,4731,24,1,-1
8897,68,4731,24,1,1
8898,99,4732,24,0,13
8899,49,4733,24,1,-1
8900,61,4733,24,1,7
8901,92,4733,24,1,2
8902,55,4734,24,0,30
8903,77,4734,24,1,6
8904,76,4735,24,0,14
8905,37,4735,24,0,24
8906,65,4736,24,1,2
8907,6,4737,24,1,5
8908,93,4738,24,1,1
8909,72,4738,24,1,4
8910,58,4739,24,1,-1
8911,84,4739,24,0,14
8912,5,4739,24,1,4
8913,36,4739,24,1,5
8914,47,4740,24,0,9
8915,39,4740,24,0,18
8916,70,4741,24,0,10
8917,4,4742,24,1,-3
8918,94,4743,24,1,5
8919,34,4743,24,1,3
8920,91,4743,24,1,6
8921,60,4744,24,1,3
8922,7,4745,24,1,3
8923,95,4745,24,0,23
8924,76,4746,24,1,-2
8925,26,4747,24,0,10
8926,16,4747,24,1,3
8927,54,4748,24,1,2
8928,1,4749,24,0,20
8929,11,4750,24,1,3
8930,41,4751,24,0,12
8931,74,4751,24,1,5
8932,28,4752,24,0,9
8933,21,4753,24,1,1
8934,33,4754,24,1,1
8935,79,4754,24,1,5
8936,35,4755,24,1,1
8937,56,4756,24,1,1
8938,69,4757,24,0,12
8939,82,4757,24,1,-1
8940,56,4758,24,1,5
8941,31,4758,24,0,24
8942,74,4758,24,1,6
8943,57,4758,24,1,7
8944,12,4759,24,0,29
8945,69,4759,24,1,3
8946,79,4759,24,1,6
8947,23,4759,24,0,20
8948,25,4760,24,0,20
8949,78,4760,24,0,17
8950,86,4760,24,1,5
8951,17,4761,24,1,-1
8952,56,4762,24,0,12
8953,69,4762,24,0,29
8954,4,4763,24,1,3
8955,85,4764,24,0,26
8956,87,4764,24,1,7
8957,71,4765,24,1,3
8958,31,4766,24,1,0
8959,82,4767,24,1,2
8960,4,4768,24,1,0
8961,19,4768,24,1,4
8962,75,4769,24,1,0
8963,92,4769,24,1,-2
8964,47,4770,24,0,9
8965,85,4771,24,0,17
8966,86,4772,24,1,5
8967,8,4772,24,1,-1
8968,67,4772,24,0,12
8969,68,4772,24,1,0
8970,61,4773,24,1,-1
8971,57,4774,24,0,8
8972,48,4775,24,1,6
8973,89,4775,24,1,3
8974,18,4775,24,1,2
8975,73,4776,24,1,0
8976,7,4777,24,1,-1
8977,63,4778,24,0,17
8978,91,4778,24,1,7
8979,100,4779,24,0,16
8980,43,4779,24,1,0
8981,94,4780,24,1,1
8982,90,4780,24,1,0
8983,21,4781,24,0,6
8984,95,4782,24,1,-1
8985,68,4782,24,0,6
8986,91,4783,24,1,-2
8987,24,4784,24,1,1
8988,82,4785,24,1,-1
8989,36,4786,24,0,11
8990,63,4786,24,1,-1
8991,65,4787,24,1,1
8992,3,4788,24,0,22
8993,24,4788,24,0,16
8994,12,4788,24,1,1
8995,31,4788,24,1,5
8996,58,4789,24,0,12
8997,42,4789,24,0,12
8998,100,4789,24,1,2
8999,97,4789,24,0,28
9000,47,4790,24,1,5
9001,69,4791,24,1,2
9002,74,4791,24,0,10
9003,73,4792,24,0,7
9004,39,4793,24,1,5
9005,58,4793,24,1,5
9006,71,4794,24,1,4
9007,66,4794,24,0,30
9008,2,4794,24,0,17
9009,69,4794,24,1,5
9010,31,4795,24,0,26
9011,64,4795,24,0,12
9012,55,4795,24,1,-1
9013,10,4795,24,1,6
9014,96,4796,24,0,6
9015,52,4797,24,1,0
9016,61,4798,24,1,0
9017,72,4799,24,1,3
9018,1,4799,24,1,5
9019,93,4800,24,0,8
9020,96,4801,25,1,2
9021,2,4802,25,1,-1
9022,21,4802,25,0,28
9023,13,4802,25,1,0
9024,18,4803,25,1,2
9025,21,4803,25,1,-1
9026,64,4804,25,1,7
9027,69,4804,25,0,27
9028,38,4804,25,1,1
9029,45,4804,25,1,4
9030,50,4805,25,1,1
9031,42,4806,25,1,3
9032,90,4807,25,1,3
9033,81,4807,25,1,3
9034,17,4808,25,1,-1
9035,100,4808,25,0,12
9036,40,4809,25,0,7
9037,79,4810,25,1,3
9038,76,4811,25,1,6
9039,85,4811,25,1,2
9040,33,4812,25,1,2
9041,25,4813,25,1,3
9042,29,4813,25,0,25
9043,39,4813,25,0,18
9044,32,4814,25,1,5
9045,37,4814,25,1,6
9046,77,4815,25,0,11
9047,18,4815,25,1,4
9048,9,4816,25,1,0
9049,81,4816,25,1,1
9050,74,4816,25,0,19
9051,56,4817,25,0,4
9052,9,4818,25,1,-1
9053,21,4818,25,1,5
9054,44,4819,25,1,-2
9055,52,4820,25,1,2
9056,86,4821,25,1,7
9057,71,4821,25,1,5
9058,56,4821,25,1,3
9059,87,4822,25,0,12
9060,93,4822,25,0,10
9061,96,4822,25,1,3
9062,97,4822,25,0,20
9063,71,4823,25,1,4
9064,58,4824,25,1,-2
9065,83,4825,25,0,16
9066,75,4825,25,1,0
9067,23,4826,25,1,6
9068,32,4826,25,1,1
9069,80,4826,25,1,6
9070,78,4827,25,1,-1
9071,30,4827,25,0,28
9072,47,4827,25,1,6
9073,42,4828,25,1,-2
9074,93,4829,25,0,16
9075,7,4829,25,0,11
9076,14,4830,25,1,3
9077,41,4830,25,1,-1
9078,12,4831,25,1,2
9079,41,4832,25,0,13
9080,18,4833,25,1,5
9081,63,4833,25,0,11
9082,18,4834,25,1,2
9083,62,4835,25,1,3
9084,22,4835,25,1,5
9085,69,4836,25,1,-1
9086,61,4837,25,0,23
9087,25,4837,25,1,4
9088,54,4837,25,1,-1
9089,94,4837,25,0,10
9090,97,4838,25,0,12
9091,70,4838,25,1,6
9092,98,4839,25,1,4
9093,41,4839,25,1,2
9094,21,4840,25,1,1
9095,50,4841,25,0,20
9096,65,4841,25,1,5
9097,65,4842,25,1,-1
9098,64,4842,25,0,24
9099,46,4842,25,1,0
9100,18,4843,25,1,3
9101,94,4844,25,0,9
9102,97,4845,25,0,28
9103,100,4845,25,1,3
9104,81,4846,25,1,1
9105,54,4847,25,1,1
9106,34,4848,25,0,17
9107,61,4848,25,1,4
9108,89,4849,25,1,1
9109,82,4849,25,1,4
9110,10,4849,25,1,6
9111,74,4850,25,0,12
9112,53,4850,25,0,24
9113,52,4850,25,0,26
9114,85,4850,25,0,18
9115,20,4851,25,0,13
9116,1,4851,25,1,5
9117,30,4852,25,1,0
9118,58,4853,25,0,28
9119,8,4853,25,1,2
9120,39,4854,25,1,3
9121,9,4854,25,0,25
9122,70,4855,25,1,7
9123,74,4855,25,0,20
9124,25,4856,25,0,13
9125,77,4856,25,0,14
9126,94,4857,25,1,7
9127,76,4857,25,1,1
9128,1,4857,25,1,1
9129,13,4858,25,1,-2
9130,4,4859,25,1,-2
9131,5,4859,25,1,4
9132,5,4860,25,1,3
9133,57,4861,25,0,24
9134,82,4861,25,1,3
9135,31,4861,25,1,7
9136,89,4861,25,1,0
9137,7,4862,25,1,5
9138,18,4862,25,1,-2
9139,79,4863,25,1,-2
9140,79,4864,25,1,2
9141,18,4865,25,0,17
9142,36,4865,25,1,6
9143,34,4865,25,0,11
9144,45,4866,25,0,11
9145,30,4867,25,0,16
9146,66,4868,25,1,1
9147,26,4868,25,0,21
9148,82,4868,25,1,6
9149,44,4869,25,1,-1
9150,60,4870,25,0,12
9151,70,4870,25,1,7
9152,66,4870,25,1,0
9153,58,4870,25,1,3
9154,52,4871,25,1,-2
9155,69,4872,25,1,0
9156,66,4873,25,1,1
9157,21,4874,25,1,3
9158,47,4874,25,1,4
9159,84,4875,25,0,24
9160,1,4875,25,1,3
9161,87,4875,25,0,11
9162,63,4875,25,0,17
9163,94,4876,25,1,3
9164,71,4876,25,1,6
9165,21,4877,25,0,9
9166,28,4878,25,1,4
9167,22,4878,25,0,16
9168,10,4878,25,1,5
9169,50,4879,25,1,-2
9170,32,4880,25,1,4
9171,98,4880,25,0,15
9172,21,4880,25,0,26
9173,22,4881,25,0,19
9174,99,4882,25,1,2
9175,37,4882,25,1,6
9176,69,4882,25,1,-1
9177,18,4882,25,1,3
9178,80,4883,25,1,-2
9179,70,4884,25,1,1
9180,52,4885,25,1,1
9181,19,4886,25,0,8
9182,56,4886,25,1,5
9183,95,4887,25,1,5
9184,1,4887,25,1,3
9185,65,4888,25,1,-1
9186,96,4888,25,0,30
9187,94,4888,25,1,3
9188,51,4888,25,1,4
9189,58,4889,25,1,6
9190,53,4889,25,0,27
9191,40,4890,25,1,-2
9192,64,4890,25,1,0
9193,70,4891,25,0,15
9194,4,4891,25,1,3
9195,15,4892,25,1,1
9196,95,4892,25,0,15
9197,23,4893,25,1,7
9198,25,4893,25,0,16
9199,7,4894,25,1,-2
9200,91,4895,25,1,5
9201,58,4895,25,0,21
9202,36,4896,25,1,-2
9203,47,4896,25,1,4
9204,46,4897,25,0,18
9205,100,4897,25,1,5
9206,19,4898,25,1,3
9207,34,4898,25,1,7
9208,94,4899,25,1,1
9209,93,4900,25,1,7
9210,69,4900,25,1,3
9211,99,4901,25,0,13
9212,38,4901,25,1,5
9213,13,4902,25,1,-1
9214,31,4903,25,0,9
9215,56,4904,25,0,19
9216,57,4904,25,1,7
9217,21,4905,25,1,4
9218,71,4905,25,1,3
9219,25,4906,25,1,1
9220,68,4907,25,0,19
9221,9,4908,25,1,5
9222,58,4909,25,1,0
9223,60,4909,25,0,11
9224,8,4910,25,1,0
9225,72,4910,25,1,1
9226,45,4911,25,0,11
9227,51,4912,25,0,7
9228,65,4913,25,1,3
9229,21,4914,25,1,7
9230,93,4914,25,1,-1
9231,31,4915,25,1,2
9232,61,4915,25,0,10
9233,70,4916,25,1,1
9234,37,4916,25,0,14
9235,26,4917,25,0,7
9236,74,4918,25,1,-3
9237,22,4919,25,1,-1
9238,5,4919,25,0,10
9239,81,4920,25,0,8
9240,13,4921,25,1,5
9241,4,4921,25,1,2
9242,95,4922,25,1,2
9243,79,4922,25,0,17
9244,4,4922,25,0,27
9245,50,4923,25,0,11
9246,58,4923,25,1,-2
9247,31,4924,25,0,14
9248,23,4924,25,1,2
9249,70,4925,25,1,2
9250,91,4925,25,0,18
9251,83,4925,25,1,3
9252,24,4926,25,1,2
9253,88,4926,25,1,5
9254,21,4927,25,1,-2
9255,85,4928,25,1,1
9256,91,4928,25,1,2
9257,12,4928,25,1,2
9258,1,4929,25,1,0
9259,18,4929,25,1,0
9260,12,4930,25,0,7
9261,71,4930,25,1,-2
9262,44,4931,25,0,9
9263,86,4932,25,1,2
9264,4,4932,25,1,3
9265,67,4932,25,1,6
9266,86,4933,25,0,4
9267,76,4934,25,1,-1
9268,94,4934,25,1,-2
9269,33,4935,25,1,3
9270,89,4935,25,0,14
9271,64,4936,25,0,11
9272,65,4936,25,1,3
9273,62,4936,25,1,7
9274,53,4936,25,0,16
9275,21,4937,25,1,4
9276,1,4938,25,1,1
9277,12,4939,25,0,3
9278,71,4940,25,1,7
9279,73,4940,25,1,-1
9280,68,4941,25,0,19
9281,92,4942,25,1,0
9282,15,4942,25,1,0
9283,58,4942,25,1,5
9284,26,4943,25,1,-1
9285,3,4943,25,0,16
9286,70,4944,25,0,12
9287,84,4944,25,1,-1
9288,55,4945,25,1,-2
9289,97,4945,25,1,0
9290,44,4946,25,1,3
9291,38,4946,25,1,-1
9292,91,4947,25,0,4
9293,33,4948,25,1,-2
9294,12,4949,25,1,3
9295,41,4949,25,0,11
9296,17,4949,25,0,16
9297,37,4949,25,1,0
9298,33,4950,25,0,12
9299,17,4950,25,1,5
9300,95,4951,25,1,0
9301,39,4952,25,0,23
9302,79,4952,25,0,14
9303,27,4953,25,0,15
9304,82,4953,25,0,11
9305,17,4954,25,1,-1
9306,29,4954,25,1,4
9307,57,4955,25,0,20
9308,45,4956,25,1,2
9309,71,4956,25,0,29
9310,91,4957,25,1,3
9311,81,4957,25,1,5
9312,82,4958,25,1,3
9313,14,4958,25,1,4
9314,58,4958,25,0,27
9315,77,4959,25,0,7
9316,93,4959,25,0,20
9317,12,4960,25,1,-2
9318,27,4960,25,0,11
9319,24,4961,25,1,2
9320,6,4961,25,1,-1
9321,90,4962,25,1,-2
9322,61,4962,25,1,4
9323,65,4963,25,1,2
9324,20,4964,25,1,7
9325,80,4964,25,0,18
9326,22,4965,25,1,3
9327,5,4966,25,1,1
9328,65,4967,25,0,8
9329,66,4968,25,0,3
9330,21,4969,25,0,10
9331,86,4970,25,1,7
9332,8,4970,25,0,21
9333,85,4971,25,1,-1
9334,68,4972,25,0,4
9335,33,4973,25,0,10
9336,95,4974,25,1,3
9337,99,4975,25,1,0
9338,75,4976,25,0,16
9339,80,4977,25,1,3
9340,13,4978,25,1,3
9341,17,4979,25,1,6
9342,85,4979,25,1,5
9343,96,4980,25,0,12
9344,21,4981,25,1,4
9345,90,4981,25,1,5
9346,17,4982,25,1,4
9347,53,4982,25,1,1
9348,47,4983,25,1,-1
9349,64,4984,25,1,4
9350,82,4984,25,1,-2
9351,26,4985,25,0,25
9352,3,4985,25,0,19
9353,11,4986,25,1,5
9354,80,4987,25,1,0
9355,58,4987,25,1,1
9356,23,4988,25,0,19
9357,100,4989,25,1,3
9358,48,4989,25,1,0
9359,19,4990,25,0,10
9360,90,4990,25,1,2
9361,5,4990,25,1,0
9362,21,4991,25,0,10
9363,45,4991,25,1,2
9364,3,4992,25,1,-1
9365,7,4993,25,1,2
9366,78,4994,25,0,6
9367,59,4995,25,0,18
9368,61,4995,25,1,7
9369,41,4995,25,0,25
9370,56,4996,25,0,16
9371,80,4996,25,0,13
9372,74,4997,25,1,2
9373,36,4997,25,1,0
9374,19,4998,25,1,0
9375,84,4998,25,1,7
9376,19,4999,25,1,5
9377,2,4999,25,1,3
9378,24,5000,25,1,0
9379,6,5001,26,1,3
9380,43,5002,26,1,5
9381,45,5003,26,1,2
9382,87,5003,26,0,19
9383,56,5003,26,1,7
9384,48,5004,26,0,19
9385,48,5005,26,1,3
9386,45,5005,26,1,-1
9387,99,5006,26,1,0
9388,7,5007,26,1,-2
9389,14,5008,26,1,1
9390,25,5009,26,0,24
9391,92,5009,26,1,5
9392,23,5009,26,1,5
9393,34,5010,26,1,7
9394,35,5010,26,1,1
9395,94,5010,26,1,6
9396,19,5011,26,1,1
9397,77,5012,26,1,1
9398,70,5012,26,1,0
9399,40,5012,26,1,-1
9400,98,5013,26,0,18
9401,83,5013,26,1,0
9402,20,5013,26,1,5
9403,42,5014,26,1,-1
9404,77,5015,26,0,20
9405,17,5016,26,1,1
9406,91,5017,26,1,0
9407,95,5017,26,0,21
9408,32,5018,26,1,-1
9409,85,5019,26,1,5
9410,33,5019,26,1,-2
9411,47,5020,26,0,29
9412,55,5020,26,0,21
9413,63,5020,26,1,7
9414,60,5020,26,1,7
9415,45,5021,26,1,-1
9416,59,5021,26,0,13
9417,14,5022,26,1,0
9418,45,5022,26,1,1
9419,84,5022,26,0,18
9420,44,5023,26,1,-2
9421,43,5024,26,0,16
9422,18,5024,26,1,1
9423,86,5024,26,1,2
9424,69,5025,26,1,5
9425,15,5025,26,1,5
9426,31,5026,26,0,4
9427,28,5027,26,0,14
9428,67,5027,26,1,4
9429,3,5028,26,1,2
9430,26,5028,26,1,-2
9431,77,5029,26,0,18
9432,1,5030,26,0,14
9433,11,5030,26,1,7
9434,96,5031,26,1,0
9435,97,5031,26,1,1
9436,99,5032,26,1,5
9437,72,5032,26,1,2
9438,52,5033,26,0,16
9439,97,5033,26,1,3
9440,67,5033,26,0,21
9441,43,5033,26,0,23
9442,33,5034,26,0,22
9443,11,5034,26,1,3
9444,90,5034,26,1,2
9445,15,5035,26,1,2
9446,27,5036,26,1,2
9447,54,5036,26,1,-1
9448,14,5037,26,1,-1
9449,44,5038,26,1,2
9450,54,5038,26,0,8
9451,87,5039,26,0,13
9452,13,5040,26,1,1
9453,49,5040,26,0,10
9454,79,5041,26,1,4
9455,7,5041,26,0,27
9456,65,5041,26,0,21
9457,53,5042,26,1,2
9458,12,5042,26,1,2
9459,56,5042,26,1,5
9460,62,5043,26,1,6
9461,14,5043,26,1,5
9462,74,5044,26,1,5
9463,56,5044,26,1,3
9464,27,5044,26,1,3
9465,6,5045,26,0,18
9466,56,5045,26,0,14
9467,49,5046,26,1,5
9468,48,5046,26,0,14
9469,27,5047,26,1,-3
9470,41,5048,26,1,0
9471,32,5048,26,1,2
9472,25,5048,26,1,4
9473,96,5049,26,1,0
9474,90,5050,26,0,12
9475,56,5050,26,1,-1
9476,27,5050,26,1,7
9477,94,5051,26,0,4
9478,60,5052,26,1,5
9479,50,5052,26,0,6
9480,95,5053,26,1,-1
9481,71,5054,26,1,-2
9482,82,5055,26,1,4
9483,77,5055,26,0,13
9484,30,5056,26,0,13
9485,6,5056,26,1,1
9486,26,5056,26,1,6
9487,11,5057,26,1,7
9488,61,5057,26,0,28
9489,96,5058,26,0,15
9490,69,5058,26,0,7
9491,34,5059,26,0,13
9492,56,5059,26,0,8
9493,1,5060,26,0,13
9494,4,5060,26,1,6
9495,30,5060,26,1,2
9496,78,5060,26,1,1
9497,59,5061,26,0,3
9498,49,5062,26,1,1
9499,100,5063,26,1,4
9500,18,5064,26,1,5
9501,71,5064,26,1,3
9502,96,5065,26,0,20
9503,97,5065,26,1,2
9504,87,5066,26,0,12
9505,75,5066,26,1,5
9506,77,5067,26,1,6
9507,33,5067,26,1,4
9508,77,5068,26,0,30
9509,75,5068,26,0,22
9510,66,5068,26,0,28
9511,98,5069,26,1,1
9512,70,5069,26,1,5
9513,85,5070,26,1,4
9514,60,5070,26,1,6
9515,67,5070,26,1,-1
9516,96,5070,26,1,3
9517,34,5071,26,1,1
9518,93,5071,26,1,2
9519,2,5072,26,1,3
9520,23,5072,26,1,-1
9521,74,5073,26,0,21
9522,1,5073,26,0,28
9523,33,5073,26,1,0
9524,32,5073,26,1,5
9525,47,5074,26,1,-3
9526,61,5075,26,1,-1
9527,58,5075,26,0,18
9528,100,5075,26,1,-1
9529,60,5076,26,1,2
9530,24,5076,26,0,11
9531,44,5077,26,0,26
9532,68,5077,26,1,7
9533,19,5078,26,1,2
9534,99,5079,26,0,22
9535,31,5079,26,0,11
9536,57,5079,26,1,1
9537,95,5079,26,0,16
9538,71,5080,26,1,0
9539,16,5081,26,1,-2
9540,68,5082,26,1,0
9541,74,5082,26,1,6
9542,18,5082,26,1,6
9543,80,5082,26,0,13
9544,91,5083,26,1,2
9545,19,5083,26,1,5
9546,100,5084,26,1,-1
9547,27,5084,26,1,3
9548,25,5084,26,1,4
9549,49,5085,26,1,5
9550,79,5086,26,1,-1
9551,46,5087,26,0,30
9552,54,5087,26,1,5
9553,52,5088,26,1,4
9554,61,5089,26,1,0
9555,72,5090,26,1,-3
9556,78,5091,26,0,7
9557,80,5091,26,0,15
9558,88,5092,26,1,-1
9559,18,5093,26,0,28
9560,30,5093,26,1,3
9561,2,5093,26,0,13
9562,57,5093,26,1,2
9563,3,5094,26,1,-2
9564,26,5094,26,1,-2
9565,31,5095,26,1,4
9566,24,5095,26,1,-1
9567,77,5095,26,0,18
9568,3,5096,26,1,1
9569,32,5097,26,1,2
9570,63,5097,26,1,1
9571,49,5098,26,0,18
9572,7,5098,26,1,1
9573,85,5099,26,1,3
9574,61,5099,26,0,18
9575,65,5099,26,1,6
9576,5,5100,26,1,-1
9577,49,5101,26,0,9
9578,80,5101,26,0,18
9579,60,5102,26,1,-2
9580,20,5103,26,1,7
9581,30,5103,26,0,18
9582,34,5103,26,0,11
9583,8,5104,26,0,15
9584,73,5104,26,1,1
9585,100,5105,26,1,-3
9586,75,5106,26,0,14
9587,86,5106,26,1,-1
9588,65,5106,26,1,4
9589,73,5107,26,0,20
9590,87,5108,26,1,4
9591,11,5109,26,1,1
9592,24,5110,26,1,-1
9593,39,5110,26,0,10
9594,59,5110,26,1,0
9595,65,5110,26,1,3
9596,65,5111,26,1,0
9597,57,5111,26,1,4
9598,31,5111,26,1,7
9599,41,5111,26,0,20
9600,45,5112,26,1,7
9601,27,5112,26,1,-1
9602,35,5113,26,1,7
9603,77,5113,26,0,11
9604,100,5113,26,1,-1
9605,59,5113,26,0,21
9606,45,5114,26,0,21
9607,72,5114,26,1,6
9608,86,5115,26,0,17
9609,48,5115,26,1,3
9610,52,5116,26,1,7
9611,80,5116,26,1,1
9612,15,5116,26,1,2
9613,75,5117,26,1,0
9614,94,5117,26,1,-1
9615,3,5118,26,1,-1
9616,72,5119,26,1,-1
9617,54,5120,26,0,6
9618,90,5121,26,1,4
9619,72,5122,26,0,10
9620,25,5122,26,0,13
9621,35,5123,26,0,19
9622,69,5123,26,1,3
9623,27,5124,26,1,-2
9624,57,5124,26,0,8
9625,60,5125,26,1,-1
9626,39,5125,26,1,5
9627,10,5125,26,1,4
9628,54,5126,26,1,2
9629,60,5127,26,0,8
9630,77,5128,26,1,0
9631,7,5128,26,0,13
9632,52,5129,26,1,6
9633,70,5129,26,1,1
9634,55,5129,26,1,0
9635,30,5130,26,1,-2
9636,83,5131,26,1,3
9637,62,5132,26,1,0
9638,10,5133,26,0,20
9639,16,5133,26,1,3
9640,67,5133,26,1,3
9641,60,5134,26,0,10
9642,24,5134,26,0,19
9643,86,5135,26,1,3
9644,21,5135,26,1,5
9645,52,5136,26,1,-1
9646,91,5136,26,0,24
9647,39,5137,26,0,6
9648,30,5138,26,1,1
9649,40,5138,26,1,6
9650,27,5139,26,1,4
9651,6,5139,26,0,30
9652,14,5140,26,1,-2
9653,18,5141,26,1,-1
9654,6,5142,26,1,-1
9655,56,5143,26,0,8
9656,78,5144,26,0,16
9657,97,5144,26,1,6
9658,40,5144,26,1,5
9659,21,5144,26,1,-1
9660,52,5145,26,1,-1
9661,70,5145,26,1,4
9662,11,5146,26,0,13
9663,43,5146,26,1,3
9664,44,5147,26,0,24
9665,72,5147,26,1,2
9666,42,5147,26,1,5
9667,76,5148,26,0,23
9668,56,5148,26,1,7
9669,97,5148,26,0,27
9670,85,5148,26,1,-1
9671,10,5149,26,1,0
9672,77,5149,26,1,2
9673,51,5149,26,1,1
9674,41,5149,26,0,22
9675,3,5150,26,0,17
9676,18,5150,26,0,28
9677,43,5151,26,1,-2
9678,88,5152,26,1,0
9679,48,5152,26,0,7
9680,22,5153,26,1,5
9681,1,5153,26,1,4
9682,66,5154,26,1,0
9683,33,5154,26,1,1
9684,16,5155,26,1,0
9685,32,5156,26,1,4
9686,18,5156,26,0,10
9687,3,5157,26,1,1
9688,53,5158,26,1,4
9689,52,5158,26,0,26
9690,22,5158,26,1,7
9691,94,5158,26,1,3
9692,17,5159,26,0,12
9693,60,5160,26,1,3
9694,70,5160,26,1,2
9695,97,5161,26,0,12
9696,52,5162,26,1,4
9697,15,5162,26,1,0
9698,40,5163,26,0,7
9699,3,5164,26,1,-1
9700,30,5164,26,0,28
9701,41,5165,26,0,26
9702,88,5165,26,1,0
9703,60,5165,26,1,7
9704,66,5165,26,1,1
9705,58,5166,26,0,30
9706,56,5166,26,1,5
9707,54,5166,26,0,14
9708,14,5167,26,1,7
9709,100,5167,26,0,11
9710,60,5168,26,1,7
9711,31,5168,26,1,6
9712,38,5168,26,0,11
9713,35,5168,26,0,20
9714,77,5169,26,1,3
9715,70,5170,26,0,21
9716,60,5170,26,0,24
9717,51,5170,26,1,7
9718,5,5171,26,1,0
9719,56,5171,26,0,16
9720,61,5172,26,0,16
9721,14,5172,26,0,17
9722,15,5172,26,1,-1
9723,14,5173,26,1,3
9724,91,5173,26,0,15
9725,26,5174,26,1,-3
9726,37,5175,26,1,-1
9727,28,5175,26,1,0
9728,30,5175,26,0,12
9729,42,5175,26,1,7
9730,54,5176,26,0,3
9731,15,5177,26,1,3
9732,46,5177,26,0,14
9733,80,5178,26,0,15
9734,95,5178,26,0,28
9735,77,5179,26,1,0
9736,64,5180,26,1,-2
9737,72,5181,26,1,2
9738,68,5182,26,0,5
9739,6,5183,26,1,7
9740,3,5183,26,1,0
9741,1,5184,26,1,7
9742,11,5184,26,1,6
9743,38,5184,26,1,3
9744,63,5185,26,1,1
9745,9,5185,26,1,1
9746,42,5185,26,1,5
9747,81,5186,26,1,3
9748,44,5187,26,0,25
9749,7,5187,26,0,21
9750,22,5187,26,1,-1
9751,87,5187,26,1,-1
9752,23,5188,26,0,28
9753,69,5188,26,1,4
9754,22,5188,26,0,16
9755,14,5189,26,1,2
9756,98,5189,26,1,1
9757,53,5189,26,1,2
9758,64,5189,26,0,15
9759,33,5190,26,1,-2
9760,24,5191,26,1,-3
9761,92,5192,26,1,4
9762,52,5192,26,1,1
9763,2,5192,26,1,1
9764,36,5192,26,0,17
9765,69,5193,26,1,0
9766,30,5193,26,1,4
9767,22,5193,26,0,23
9768,6,5194,26,1,1
9769,72,5195,26,1,-1
9770,7,5196,26,1,5
9771,80,5196,26,0,15
9772,27,5197,26,1,-2
9773,43,5198,26,1,1
9774,92,5199,26,0,10
9775,9,5199,26,1,3
9776,72,5200,26,1,-2
9777,83,5200,26,1,2
9778,85,5201,27,0,9
9779,41,5202,27,1,2
9780,47,5203,27,1,3
9781,89,5204,27,1,0
9782,22,5204,27,1,3
9783,3,5204,27,1,-1
9784,17,5205,27,1,4
9785,25,5205,27,0,17
9786,95,5206,27,1,1
9787,1,5207,27,1,3
9788,47,5208,27,1,-2
9789,61,5209,27,1,3
9790,78,5209,27,1,6
9791,100,5210,27,1,5
9792,93,5211,27,0,11
9793,56,5211,27,1,1
9794,16,5212,27,0,17
9795,95,5212,27,0,30
9796,47,5213,27,1,7
9797,13,5213,27,1,5
9798,26,5213,27,0,21
9799,67,5213,27,1,0
9800,69,5214,27,1,0
9801,96,5214,27,0,21
9802,72,5214,27,1,0
9803,24,5215,27,1,2
9804,9,5215,27,0,22
9805,56,5215,27,1,6
9806,33,5215,27,1,3
9807,3,5216,27,1,2
9808,56,5216,27,0,19
9809,68,5217,27,1,4
9810,61,5217,27,0,25
9811,76,5218,27,0,8
9812,16,5219,27,1,-2
9813,87,5220,27,1,0
9814,20,5221,27,0,23
9815,70,5221,27,1,1
9816,89,5221,27,0,30
9817,42,5222,27,0,26
9818,50,5222,27,0,10
9819,6,5222,27,0,10
9820,75,5223,27,1,-2
9821,52,5223,27,1,-1
9822,41,5224,27,0,3
9823,50,5225,27,1,1
9824,41,5225,27,0,13
9825,59,5226,27,1,5
9826,39,5226,27,1,5
9827,74,5227,27,0,13
9828,42,5227,27,1,4
9829,75,5228,27,1,4
9830,14,5228,27,1,4
9831,2,5229,27,1,1
9832,91,5230,27,0,15
9833,78,5230,27,1,0
9834,78,5231,27,1,-1
9835,58,5232,27,0,24
9836,33,5232,27,0,26
9837,83,5232,27,0,29
9838,53,5232,27,1,-1
9839,56,5233,27,1,2
9840,74,5234,27,0,9
9841,43,5235,27,1,6
9842,12,5235,27,0,18
9843,15,5235,27,1,3
9844,19,5236,27,0,20
9845,73,5236,27,1,3
9846,95,5236,27,1,2
9847,93,5237,27,1,1
9848,89,5237,27,1,-1
9849,20,5238,27,0,13
9850,11,5238,27,1,6
9851,77,5238,27,1,0
9852,53,5238,27,1,2
9853,33,5239,27,1,-1
9854,13,5240,27,1,-2
9855,60,5241,27,0,25
9856,21,5241,27,1,2
9857,52,5242,27,1,0
9858,5,5243,27,1,6
9859,93,5243,27,1,7
9860,45,5243,27,1,1
9861,82,5244,27,1,3
9862,80,5245,27,1,1
9863,61,5245,27,0,8
9864,67,5246,27,1,-2
9865,100,5247,27,1,-1
9866,77,5247,27,0,28
9867,13,5248,27,0,30
9868,49,5248,27,0,20
9869,66,5248,27,1,6
9870,1,5249,27,0,7
9871,100,5249,27,1,1
9872,30,5250,27,1,4
9873,67,5250,27,1,2
9874,14,5251,27,1,1
9875,6,5251,27,0,24
9876,52,5251,27,1,3
9877,28,5252,27,0,24
9878,25,5252,27,1,5
9879,91,5252,27,1,3
9880,39,5253,27,1,4
9881,77,5254,27,0,14
9882,98,5254,27,1,-2
9883,71,5255,27,1,2
9884,19,5256,27,1,3
9885,42,5256,27,1,6
9886,73,5257,27,0,7
9887,16,5258,27,1,-2
9888,80,5258,27,1,-1
9889,75,5259,27,0,30
9890,24,5259,27,1,1
9891,23,5259,27,0,30
9892,26,5260,27,1,2
9893,97,5260,27,1,-1
9894,52,5261,27,0,19
9895,77,5261,27,0,22
9896,15,5262,27,1,1
9897,96,5262,27,1,3
9898,52,5263,27,0,13
9899,48,5263,27,0,20
9900,66,5263,27,0,22
9901,23,5263,27,1,1
9902,33,5264,27,1,5
9903,7,5265,27,1,1
9904,70,5265,27,1,4
9905,81,5266,27,1,3
9906,54,5267,27,1,-2
9907,83,5267,27,0,6
9908,59,5268,27,1,-1
9909,89,5269,27,1,2
9910,38,5269,27,1,0
9911,36,5270,27,1,0
9912,68,5271,27,1,-1
9913,88,5272,27,1,-2
9914,73,5273,27,1,-1
9915,13,5274,27,1,2
9916,46,5274,27,1,2
9917,81,5274,27,0,21
9918,4,5275,27,0,15
9919,7,5275,27,0,7
9920,5,5276,27,1,3
9921,36,5277,27,0,27
9922,21,5277,27,1,-1
9923,44,5277,27,1,1
9924,51,5277,27,1,3
9925,5,5278,27,0,13
9926,80,5278,27,1,1
9927,85,5278,27,0,29
9928,19,5279,27,1,-2
9929,31,5280,27,0,28
9930,79,5280,27,1,0
9931,56,5280,27,1,1
9932,18,5280,27,1,1
9933,21,5281,27,1,0
9934,24,5281,27,1,-1
9935,44,5282,27,0,10
9936,86,5283,27,1,4
9937,95,5283,27,1,2
9938,13,5284,27,1,-1
9939,22,5284,27,1,4
9940,10,5285,27,0,7
9941,91,5286,27,1,-1
9942,15,5287,27,0,9
9943,98,5287,27,0,17
9944,8,5288,27,0,7
9945,43,5289,27,1,-2
9946,56,5290,27,1,1
9947,53,5290,27,0,17
9948,4,5291,27,0,14
9949,85,5291,27,1,3
9950,86,5292,27,1,-1
9951,95,5293,27,0,5
9952,34,5294,27,1,2
9953,2,5295,27,1,6
9954,86,5295,27,1,-1
9955,30,5296,27,1,7
9956,82,5296,27,1,5
9957,89,5297,27,0,17
9958,10,5297,27,0,19
9959,74,5298,27,1,3
9960,16,5298,27,1,-1
9961,99,5298,27,1,2
9962,68,5299,27,0,29
9963,58,5299,27,0,25
9964,6,5299,27,0,14
9965,72,5300,27,0,11
9966,66,5301,27,1,-1
9967,66,5302,27,0,11
9968,91,5303,27,1,-2
9969,65,5304,27,0,18
9970,67,5305,27,1,1
9971,4,5306,27,1,1
9972,46,5307,27,0,22
9973,24,5307,27,0,30
9974,83,5307,27,1,6
9975,49,5308,27,1,-3
9976,95,5309,27,0,17
9977,81,5309,27,1,6
9978,61,5309,27,1,2
9979,57,5310,27,1,0
9980,26,5310,27,0,28
9981,11,5311,27,1,2
9982,100,5311,27,0,17
9983,5,5312,27,1,0
9984,100,5313,27,0,19
9985,9,5313,27,1,5
9986,42,5313,27,1,4
9987,26,5313,27,1,7
9988,90,5314,27,1,-1
9989,90,5315,27,0,20
9990,46,5316,27,1,3
9991,36,5317,27,1,0
9992,60,5317,27,1,3
9993,89,5318,27,1,-2
9994,81,5319,27,0,15
9995,66,5319,27,1,2
9996,65,5320,27,1,0
9997,9,5320,27,1,5
9998,30,5321,27,1,2
9999,71,5322,27,0,9
10000,27,5323,27,1,3
10001,28,5324,27,1,0
10002,81,5325,27,1,3
10003,86,5325,27,1,6
10004,42,5326,27,0,6
10005,72,5326,27,0,9
10006,82,5327,27,1,-1
10007,5,5327,27,1,-1
10008,69,5328,27,0,19
10009,26,5329,27,1,2
10010,34,5329,27,1,3
10011,67,5330,27,0,4
10012,4,5331,27,0,15
10013,35,5332,27,1,1
10014,47,5333,27,1,0
10015,57,5333,27,0,27
10016,44,5334,27,1,-2
10017,94,5335,27,1,2
10018,2,5336,27,1,-1
10019,85,5336,27,1,5
10020,89,5336,27,1,4
10021,11,5337,27,0,19
10022,81,5337,27,1,3
10023,21,5337,27,1,0
10024,37,5338,27,1,-1
10025,98,5339,27,1,2
10026,2,5340,27,1,0
10027,26,5340,27,1,6
10028,24,5340,27,0,10
10029,52,5341,27,1,1
10030,100,5342,27,0,7
10031,44,5343,27,1,5
10032,67,5343,27,1,-1
10033,98,5344,27,1,2
10034,15,5344,27,1,-1
10035,32,5345,27,1,2
10036,20,5346,27,1,5
10037,98,5347,27,1,1
10038,32,5347,27,1,3
10039,73,5348,27,1,0
10040,29,5349,27,1,7
10041,67,5349,27,0,27
10042,19,5349,27,1,7
10043,75,5350,27,1,0
10044,67,5351,27,0,19
10045,2,5352,27,1,2
10046,99,5352,27,1,0
10047,18,5353,27,0,18
10048,25,5353,27,1,2
10049,49,5354,27,1,2
10050,63,5354,27,1,4
10051,77,5355,27,1,5
10052,42,5355,27,1,1
10053,35,5356,27,0,6
10054,94,5357,27,1,2
10055,11,5358,27,1,3
10056,28,5358,27,0,18
10057,69,5359,27,1,7
10058,40,5359,27,0,17
10059,33,5360,27,1,-3
10060,41,5361,27,1,2
10061,48,5361,27,1,6
10062,51,5362,27,1,4
10063,67,5363,27,1,5
10064,98,5364,27,0,12
10065,70,5364,27,1,2
10066,8,5365,27,1,3
10067,61,5366,27,0,20
10068,69,5366,27,1,-1
10069,29,5367,27,0,11
10070,11,5368,27,1,7
10071,70,5368,27,1,1
10072,17,5368,27,1,1
10073,67,5369,27,1,-2
10074,62,5369,27,0,13
10075,55,5370,27,1,-3
10076,2,5371,27,1,-1
10077,35,5371,27,0,7
10078,63,5372,27,1,-1
10079,21,5372,27,1,3
10080,99,5372,27,0,13
10081,37,5372,27,0,10
10082,97,5373,27,0,18
10083,82,5373,27,1,5
10084,64,5373,27,1,3
10085,7,5373,27,1,6
10086,39,5374,27,1,5
10087,78,5375,27,0,14
10088,55,5376,27,1,0
10089,38,5377,27,0,17
10090,13,5377,27,0,10
10091,30,5378,27,1,6
10092,65,5378,27,1,3
10093,28,5378,27,1,-1
10094,28,5379,27,1,1
10095,14,5379,27,1,-1
10096,36,5380,27,1,3
10097,54,5380,27,1,1
10098,71,5380,27,0,19
10099,93,5380,27,0,19
10100,21,5381,27,0,19
10101,83,5381,27,1,2
10102,12,5381,27,1,3
10103,5,5381,27,1,5
10104,13,5382,27,1,3
10105,55,5382,27,1,5
10106,13,5383,27,0,18
10107,12,5383,27,1,1
10108,11,5384,27,1,4
10109,53,5384,27,1,1
10110,75,5385,27,1,0
10111,33,5385,27,0,20
10112,100,5386,27,1,-2
10113,29,5387,27,1,-3
10114,13,5388,27,0,12
10115,61,5389,27,1,3
10116,63,5390,27,0,19
10117,24,5390,27,1,5
10118,66,5391,27,0,27
10119,97,5391,27,1,1
10120,33,5391,27,1,5
10121,35,5391,27,1,5
10122,65,5392,27,1,3
10123,62,5392,27,0,18
10124,65,5393,27,1,3
10125,17,5393,27,1,5
10126,98,5394,27,0,8
10127,67,5394,27,1,0
10128,53,5395,27,0,28
10129,24,5395,27,1,3
10130,51,5395,27,0,15
10131,52,5396,27,1,1
10132,9,5396,27,0,14
10133,31,5397,27,1,3
10134,24,5398,27,1,5
10135,79,5398,27,1,5
10136,100,5399,27,1,6
10137,17,5399,27,0,21
10138,75,5399,27,1,3
10139,56,5400,27,1,3
10140,41,5400,27,1,3
10141,17,5400,27,0,28
10142,77,5400,27,1,2
10143,86,5401,28,0,6
10144,12,5402,28,1,3
10145,34,5402,28,0,14
10146,31,5402,28,0,24
10147,56,5403,28,0,17
10148,27,5403,28,1,7
10149,27,5404,28,0,10
10150,60,5404,28,1,1
10151,68,5405,28,0,21
10152,39,5405,28,1,4
10153,93,5406,28,1,-2
10154,3,5406,28,1,1
10155,95,5407,28,1,-2
10156,54,5408,28,1,0
10157,94,5408,28,0,19
10158,19,5408,28,1,5
10159,31,5409,28,0,9
10160,58,5409,28,0,17
10161,63,5410,28,1,3
10162,36,5410,28,0,24
10163,23,5410,28,1,4
10164,85,5410,28,1,2
10165,17,5411,28,0,10
10166,56,5412,28,1,2
10167,83,5412,28,1,3
10168,56,5413,28,1,-1
10169,72,5413,28,1,1
10170,70,5414,28,1,3
10171,18,5415,28,0,5
10172,75,5416,28,0,18
10173,13,5416,28,1,1
10174,84,5416,28,1,2
10175,29,5417,28,1,6
10176,21,5417,28,0,18
10177,53,5418,28,1,4
10178,61,5418,28,1,3
10179,24,5419,28,1,-1
10180,95,5420,28,0,8
10181,34,5421,28,1,1
10182,75,5421,28,1,3
10183,12,5422,28,1,-1
10184,37,5423,28,1,1
10185,97,5424,28,0,10
10186,83,5425,28,1,4
10187,28,5425,28,0,16
10188,66,5425,28,0,17
10189,77,5425,28,1,6
10190,80,5426,28,1,2
10191,22,5427,28,0,12
10192,65,5428,28,1,-2
10193,91,5429,28,1,5
10194,30,5429,28,1,6
10195,16,5430,28,1,2
10196,44,5430,28,1,4
10197,18,5431,28,1,6
10198,58,5431,28,1,4
10199,93,5431,28,0,13
10200,83,5431,28,0,21
10201,77,5432,28,1,1
10202,37,5433,28,0,28
10203,84,5433,28,0,11
10204,31,5434,28,1,5
10205,80,5435,28,1,3
10206,14,5435,28,0,19
10207,30,5435,28,0,11
10208,97,5435,28,0,15
10209,30,5436,28,1,-2
10210,90,5436,28,1,4
10211,80,5437,28,1,1
10212,33,5438,28,1,6
10213,5,5438,28,1,1
10214,96,5439,28,1,2
10215,54,5439,28,1,1
10216,47,5440,28,1,-2
10217,4,5440,28,1,1
10218,13,5441,28,0,29
10219,53,5441,28,0,24
10220,87,5442,28,1,-1
10221,90,5443,28,1,-2
10222,7,5444,28,1,-1
10223,92,5444,28,0,10
10224,60,5445,28,1,0
10225,12,5445,28,1,2
10226,32,5446,28,1,5
10227,41,5447,28,1,5
10228,35,5447,28,1,3
10229,28,5448,28,1,2
10230,25,5448,28,1,2
10231,81,5449,28,0,19
10232,40,5449,28,1,1
10233,57,5449,28,1,7
10234,54,5450,28,0,14
10235,82,5450,28,1,2
10236,21,5450,28,0,18
10237,52,5451,28,1,0
10238,5,5451,28,1,5
10239,88,5451,28,1,2
10240,39,5451,28,1,2
10241,80,5452,28,0,22
10242,14,5452,28,1,-1
10243,52,5452,28,1,7
10244,84,5452,28,0,23
10245,29,5453,28,0,19
10246,62,5453,28,0,14
10247,67,5454,28,1,-3
10248,7,5455,28,0,23
10249,64,5455,28,1,0
10250,49,5455,28,1,2
10251,70,5455,28,0,24
10252,41,5456,28,0,6
10253,46,5457,28,1,0
10254,97,5457,28,1,3
10255,18,5457,28,1,7
10256,83,5458,28,0,18
10257,39,5458,28,1,3
10258,33,5458,28,1,2
10259,86,5458,28,1,0
10260,68,5459,28,0,28
10261,86,5459,28,1,-1
10262,58,5459,28,0,17
10263,40,5459,28,1,1
10264,80,5460,28,1,5
10265,8,5460,28,0,15
10266,31,5460,28,0,14
10267,9,5461,28,1,3
10268,51,5461,28,0,7
10269,22,5462,28,1,5
10270,48,5462,28,1,-1
10271,40,5463,28,1,3
10272,59,5463,28,0,18
10273,15,5464,28,1,2
10274,43,5464,28,0,18
10275,55,5464,28,1,2
10276,50,5465,28,1,2
10277,43,5466,28,1,-1
10278,84,5467,28,1,5
10279,44,5468,28,1,-1
10280,50,5468,28,1,3
10281,2,5468,28,1,0
10282,76,5468,28,1,2
10283,70,5469,28,0,18
10284,56,5470,28,1,2
10285,1,5471,28,0,9
10286,67,5471,28,1,5
10287,7,5472,28,0,9
10288,81,5473,28,1,0
10289,86,5474,28,0,10
10290,60,5475,28,1,4
10291,66,5475,28,0,23
10292,47,5475,28,0,26
10293,49,5476,28,0,10
10294,6,5477,28,1,1
10295,12,5478,28,1,-1
10296,42,5479,28,1,1
10297,29,5479,28,0,16
10298,20,5480,28,1,7
10299,77,5480,28,0,15
10300,85,5480,28,1,-1
10301,36,5481,28,1,0
10302,4,5482,28,0,10
10303,46,5482,28,0,11
10304,81,5483,28,0,18
10305,74,5483,28,1,6
10306,56,5483,28,1,5
10307,10,5484,28,1,1
10308,79,5485,28,1,2
10309,88,5485,28,1,4
10310,54,5486,28,1,4
10311,28,5486,28,1,5
10312,90,5486,28,1,3
10313,60,5487,28,0,8
10314,31,5488,28,0,19
10315,29,5489,28,1,-1
10316,21,5490,28,1,5
10317,9,5491,28,1,5
10318,17,5492,28,0,13
10319,99,5492,28,1,2
10320,1,5493,28,1,3
10321,65,5494,28,0,14
10322,93,5494,28,1,1
10323,66,5495,28,1,6
10324,13,5495,28,1,5
10325,3,5495,28,1,5
10326,3,5496,28,1,-1
10327,24,5497,28,1,2
10328,47,5497,28,1,-1
10329,89,5498,28,1,-3
10330,44,5499,28,0,20
10331,64,5499,28,0,20
10332,31,5499,28,1,3
10333,14,5499,28,1,5
10334,7,5500,28,0,18
10335,27,5500,28,1,7
10336,19,5501,28,1,7
10337,24,5501,28,1,7
10338,72,5502,28,0,6
10339,97,5503,28,0,20
10340,94,5504,28,0,27
10341,33,5504,28,1,4
10342,97,5504,28,0,27
10343,53,5505,28,1,5
10344,92,5505,28,1,0
10345,6,5505,28,1,0
10346,78,5506,28,1,4
10347,66,5506,28,1,2
10348,65,5507,28,1,4
10349,88,5507,28,0,16
10350,60,5508,28,1,6
10351,86,5508,28,1,6
10352,71,5508,28,1,-1
10353,64,5508,28,1,-1
10354,98,5509,28,0,13
10355,19,5510,28,0,15
10356,11,5510,28,1,0
10357,25,5511,28,1,-1
10358,88,5511,28,0,7
10359,67,5512,28,1,2
10360,46,5512,28,0,17
10361,24,5513,28,0,10
10362,48,5513,28,1,0
10363,15,5514,28,1,4
10364,84,5515,28,1,1
10365,11,5516,28,1,0
10366,18,5517,28,0,9
10367,44,5518,28,1,2
10368,14,5519,28,1,7
10369,3,5519,28,0,12
10370,83,5520,28,0,16
10371,19,5520,28,0,21
10372,81,5520,28,1,3
10373,35,5521,28,1,2
10374,29,5521,28,1,7
10375,20,5522,28,0,24
10376,85,5522,28,1,3
10377,19,5523,28,0,7
10378,18,5524,28,1,0
10379,29,5525,28,0,17
10380,37,5525,28,1,1
10381,34,5525,28,1,6
10382,100,5526,28,1,5
10383,74,5526,28,1,1
10384,54,5526,28,0,25
10385,6,5527,28,0,10
10386,98,5527,28,1,-1
10387,37,5528,28,1,0
10388,88,5529,28,1,1
10389,19,5530,28,0,8
10390,75,5530,28,1,-2
10391,91,5531,28,0,7
10392,71,5531,28,1,2
10393,11,5532,28,1,0
10394,14,5532,28,1,3
10395,76,5533,28,1,1
10396,58,5533,28,0,19
10397,53,5534,28,1,6
10398,91,5534,28,1,0
10399,93,5534,28,1,6
10400,85,5535,28,1,6
10401,55,5535,28,0,12
10402,87,5536,28,1,-3
10403,17,5537,28,1,5
10404,85,5537,28,0,20
10405,43,5537,28,1,-1
10406,44,5537,28,1,3
10407,25,5538,28,1,1
10408,39,5538,28,1,5
10409,32,5538,28,1,3
10410,47,5538,28,1,-1
10411,32,5539,28,0,13
10412,54,5539,28,1,1
10413,72,5540,28,1,5
10414,48,5541,28,1,1
10415,76,5541,28,1,3
10416,1,5542,28,1,-2
10417,84,5543,28,1,4
10418,96,5543,28,1,5
10419,88,5544,28,1,4
10420,18,5544,28,0,7
10421,26,5545,28,1,-1
10422,93,5546,28,0,6
10423,78,5547,28,1,1
10424,60,5548,28,1,4
10425,79,5549,28,0,16
10426,86,5549,28,1,6
10427,37,5549,28,1,2
10428,52,5549,28,1,0
10429,100,5550,28,0,17
10430,14,5550,28,1,5
10431,60,5551,28,1,3
10432,90,5552,28,0,6
10433,59,5552,28,1,1
10434,36,5553,28,1,-1
10435,85,5554,28,0,18
10436,60,5554,28,1,1
10437,38,5555,28,0,20
10438,77,5555,28,1,3
10439,100,5556,28,1,2
10440,22,5556,28,1,1
10441,79,5557,28,0,6
10442,45,5558,28,1,-1
10443,84,5558,28,1,6
10444,7,5559,28,0,18
10445,77,5560,28,1,2
10446,38,5560,28,1,1
10447,52,5560,28,0,19
10448,63,5561,28,1,3
10449,54,5561,28,1,2
10450,79,5562,28,0,6
10451,13,5562,28,1,4
10452,36,5563,28,0,8
10453,18,5564,28,1,1
10454,32,5565,28,1,3
10455,43,5566,28,1,1
10456,2,5567,28,0,10
10457,67,5568,28,1,3
10458,90,5568,28,1,2
10459,95,5568,28,0,23
10460,61,5569,28,1,2
10461,31,5569,28,1,4
10462,87,5570,28,0,10
10463,71,5570,28,0,20
10464,90,5570,28,0,20
10465,17,5571,28,1,1
10466,39,5571,28,1,1
10467,67,5571,28,1,1
10468,10,5571,28,1,3
10469,68,5572,28,0,15
10470,81,5572,28,0,11
10471,46,5572,28,0,18
10472,7,5573,28,0,23
10473,64,5573,28,1,0
10474,14,5573,28,1,0
10475,63,5574,28,1,-2
10476,48,5574,28,0,19
10477,5,5575,28,0,26
10478,80,5575,28,0,25
10479,30,5575,28,0,29
10480,41,5576,28,1,2
10481,33,5576,28,0,30
10482,71,5576,28,1,4
10483,39,5576,28,1,5
10484,22,5577,28,1,2
10485,78,5577,28,1,1
10486,33,5578,28,1,5
10487,15,5578,28,0,16
10488,41,5578,28,1,5
10489,58,5579,28,0,9
10490,25,5579,28,1,5
10491,40,5580,28,1,-2
10492,95,5580,28,1,0
10493,44,5581,28,1,1
10494,50,5582,28,1,-2
10495,27,5583,28,1,-3
10496,98,5584,28,1,1
10497,31,5585,28,0,28
10498,74,5585,28,0,12
10499,10,5585,28,1,-1
10500,36,5585,28,1,0
10501,90,5586,28,1,-1
10502,40,5586,28,1,3
10503,78,5587,28,1,5
10504,88,5587,28,1,3
10505,89,5588,28,1,-2
10506,54,5589,28,0,12
10507,48,5589,28,0,22
10508,45,5589,28,0,16
10509,40,5590,28,1,1
10510,67,5590,28,1,1
10511,40,5591,28,1,3
10512,27,5592,28,1,2
10513,63,5593,28,0,11
10514,23,5593,28,0,27
10515,14,5593,28,1,1
10516,80,5594,28,1,-1
10517,25,5594,28,0,26
10518,3,5594,28,1,7
10519,27,5595,28,1,-1
10520,100,5595,28,1,1
10521,72,5596,28,1,2
10522,1,5597,28,1,1
10523,85,5598,28,1,-1
10524,35,5599,28,1,-2
10525,73,5600,28,1,0
10526,6,5600,28,1,-2
10527,20,5601,29,1,1
10528,52,5601,29,1,2
10529,24,5601,29,0,15
10530,40,5601,29,0,25
10531,15,5602,29,1,-1
10532,36,5602,29,1,4
10533,99,5603,29,1,3
10534,90,5604,29,1,0
10535,30,5604,29,0,20
10536,25,5604,29,1,5
10537,79,5605,29,0,9
10538,52,5606,29,1,0
10539,37,5606,29,1,4
10540,10,5606,29,1,-1
10541,60,5607,29,0,11
10542,7,5608,29,1,6
10543,79,5608,29,1,4
10544,42,5608,29,0,10
10545,5,5608,29,0,26
10546,49,5609,29,1,5
10547,12,5610,29,1,2
10548,56,5611,29,0,17
10549,46,5611,29,0,30
10550,28,5611,29,1,3
10551,66,5612,29,1,-1
10552,71,5612,29,1,1
10553,5,5612,29,1,6
10554,25,5613,29,1,-2
10555,22,5614,29,1,1
10556,27,5614,29,0,8
10557,19,5615,29,1,-1
10558,39,5616,29,1,4
10559,66,5616,29,0,14
10560,75,5617,29,1,1
10561,17,5617,29,1,5
10562,19,5618,29,0,13
10563,28,5619,29,0,10
10564,20,5620,29,0,10
10565,72,5620,29,1,5
10566,78,5621,29,0,12
10567,82,5621,29,1,3
10568,88,5621,29,0,24
10569,46,5622,29,1,-1
10570,48,5623,29,0,26
10571,50,5623,29,1,-1
10572,16,5623,29,0,13
10573,87,5624,29,1,5
10574,41,5624,29,1,5
10575,73,5624,29,0,28
10576,14,5624,29,0,14
10577,14,5625,29,1,1
10578,2,5625,29,1,6
10579,69,5626,29,1,-1
10580,84,5626,29,1,1
10581,1,5626,29,0,27
10582,1,5627,29,1,-1
10583,47,5628,29,1,5
10584,77,5628,29,1,3
10585,59,5629,29,0,15
10586,19,5629,29,1,7
10587,88,5629,29,0,25
10588,46,5629,29,0,21
10589,76,5630,29,0,16
10590,96,5630,29,1,4
10591,88,5630,29,0,30
10592,66,5631,29,0,29
10593,14,5631,29,1,7
10594,65,5632,29,1,2
10595,63,5633,29,1,5
10596,61,5633,29,1,1
10597,72,5634,29,0,11
10598,44,5635,29,1,4
10599,90,5636,29,1,2
10600,59,5636,29,0,19
10601,38,5636,29,1,5
10602,27,5637,29,1,-3
10603,7,5638,29,1,-2
10604,34,5639,29,1,3
10605,27,5640,29,0,15
10606,68,5640,29,0,23
10607,24,5641,29,0,14
10608,90,5642,29,1,-2
10609,5,5643,29,1,3
10610,57,5644,29,0,20
10611,27,5645,29,1,-1
10612,75,5646,29,0,4
10613,72,5647,29,1,2
10614,85,5648,29,1,0
10615,74,5648,29,0,27
10616,69,5649,29,1,2
10617,27,5650,29,0,7
10618,44,5650,29,1,-1
10619,87,5651,29,1,1
10620,97,5651,29,0,22
10621,53,5652,29,0,15
10622,86,5652,29,1,2
10623,4,5653,29,0,14
10624,86,5654,29,1,-1
10625,31,5654,29,0,13
10626,64,5654,29,1,0
10627,71,5654,29,1,2
10628,41,5655,29,1,6
10629,52,5655,29,0,27
10630,92,5655,29,1,4
10631,89,5655,29,0,12
10632,77,5656,29,1,3
10633,22,5656,29,1,2
10634,34,5657,29,1,0
10635,53,5657,29,1,-2
10636,99,5658,29,0,7
10637,28,5659,29,1,4
10638,35,5659,29,1,-2
10639,71,5660,29,1,6
10640,23,5660,29,1,0
10641,68,5661,29,1,3
10642,59,5662,29,1,0
10643,36,5663,29,0,18
10644,10,5663,29,1,4
10645,70,5663,29,1,0
10646,24,5664,29,0,16
10647,1,5664,29,1,-1
10648,9,5665,29,1,-3
10649,97,5666,29,1,7
10650,24,5666,29,1,7
10651,47,5667,29,1,4
10652,27,5667,29,0,10
10653,71,5668,29,1,-1
10654,51,5669,29,1,0
10655,95,5670,29,0,12
10656,24,5671,29,1,0
10657,39,5672,29,1,-1
10658,3,5672,29,1,2
10659,55,5673,29,1,0
10660,7,5674,29,1,3
10661,56,5675,29,1,4
10662,96,5676,29,0,8
10663,83,5677,29,0,18
10664,48,5677,29,1,4
10665,91,5677,29,1,5
10666,34,5678,29,1,0
10667,10,5679,29,1,5
10668,69,5679,29,1,1
10669,35,5680,29,1,-1
10670,17,5681,29,1,-1
10671,37,5682,29,0,9
10672,93,5683,29,0,17
10673,71,5683,29,1,0
10674,53,5684,29,0,23
10675,27,5684,29,1,5
10676,24,5684,29,1,3
10677,89,5685,29,1,0
10678,31,5685,29,0,12
10679,90,5685,29,1,7
10680,98,5686,29,1,2
10681,67,5687,29,1,7
10682,33,5687,29,1,1
10683,15,5688,29,0,17
10684,9,5688,29,1,4
10685,37,5688,29,1,1
10686,99,5688,29,0,30
10687,37,5689,29,0,20
10688,35,5689,29,1,6
10689,46,5690,29,1,2
10690,38,5691,29,0,27
10691,48,5691,29,0,21
10692,71,5691,29,0,14
10693,76,5691,29,1,1
10694,14,5692,29,0,14
10695,83,5693,29,1,4
10696,55,5693,29,0,15
10697,67,5693,29,0,28
10698,11,5693,29,1,1
10699,58,5694,29,1,3
10700,67,5695,29,1,-2
10701,23,5696,29,1,-2
10702,65,5697,29,1,-1
10703,32,5697,29,1,-1
10704,35,5698,29,1,3
10705,54,5698,29,1,4
10706,18,5698,29,1,4
10707,62,5699,29,0,16
10708,15,5699,29,1,6
10709,11,5700,29,1,-2
10710,26,5701,29,1,0
10711,11,5701,29,1,-2
10712,22,5702,29,1,2
10713,64,5702,29,0,7
10714,91,5703,29,1,1
10715,79,5703,29,1,5
10716,98,5704,29,1,1
10717,75,5704,29,0,6
10718,64,5705,29,1,5
10719,76,5706,29,1,1
10720,8,5707,29,1,3
10721,46,5708,29,1,3
10722,80,5708,29,1,5
10723,19,5708,29,1,1
10724,36,5709,29,0,6
10725,74,5710,29,1,-2
10726,32,5711,29,1,4
10727,12,5711,29,1,4
10728,36,5712,29,1,0
10729,68,5713,29,0,11
10730,99,5714,29,1,2
10731,67,5714,29,1,7
10732,78,5714,29,0,13
10733,69,5714,29,1,3
10734,51,5715,29,1,-1
10735,68,5716,29,0,15
10736,46,5716,29,1,1
10737,5,5717,29,0,16
10738,95,5717,29,0,16
10739,81,5718,29,0,7
10740,80,5718,29,1,3
10741,52,5719,29,1,0
10742,27,5720,29,1,5
10743,28,5720,29,1,6
10744,27,5721,29,1,3
10745,47,5721,29,1,7
10746,23,5722,29,1,3
10747,84,5722,29,0,27
10748,73,5722,29,0,18
10749,70,5723,29,0,11
10750,68,5723,29,1,3
10751,71,5723,29,1,4
10752,92,5724,29,0,21
10753,24,5724,29,1,2
10754,63,5724,29,0,13
10755,3,5724,29,1,7
10756,68,5725,29,1,3
10757,85,5726,29,0,12
10758,66,5727,29,0,19
10759,20,5727,29,0,7
10760,42,5728,29,1,-1
10761,55,5729,29,1,3
10762,97,5729,29,0,23
10763,74,5729,29,1,4
10764,81,5730,29,1,2
10765,58,5731,29,1,0
10766,76,5732,29,1,6
10767,47,5732,29,0,12
10768,86,5732,29,1,6
10769,8,5732,29,0,29
10770,53,5733,29,1,4
10771,30,5733,29,1,-2
10772,22,5734,29,1,0
10773,49,5734,29,1,3
10774,60,5735,29,0,6
10775,86,5735,29,1,2
10776,10,5736,29,1,2
10777,28,5737,29,1,4
10778,13,5738,29,1,1
10779,7,5739,29,1,0
10780,36,5739,29,1,3
10781,55,5739,29,1,4
10782,41,5740,29,0,16
10783,17,5740,29,0,27
10784,5,5740,29,1,6
10785,44,5740,29,0,26
10786,20,5741,29,1,5
10787,10,5741,29,0,26
10788,56,5742,29,1,3
10789,26,5743,29,1,0
10790,26,5744,29,1,2
10791,96,5745,29,1,0
10792,13,5746,29,0,11
10793,15,5746,29,1,3
10794,14,5747,29,0,17
10795,19,5747,29,1,4
10796,25,5748,29,1,7
10797,21,5748,29,1,5
10798,75,5748,29,0,12
10799,12,5749,29,1,5
10800,33,5749,29,1,2
10801,71,5750,29,0,26
10802,86,5750,29,0,26
10803,45,5750,29,0,23
10804,60,5751,29,1,0
10805,24,5752,29,1,2
10806,68,5752,29,1,4
10807,53,5753,29,0,19
10808,25,5753,29,1,-1
10809,52,5754,29,1,-1
10810,22,5755,29,1,1
10811,82,5756,29,0,4
10812,27,5757,29,0,26
10813,19,5757,29,0,17
10814,93,5757,29,0,30
10815,2,5758,29,1,2
10816,79,5759,29,0,15
10817,9,5759,29,1,5
10818,7,5760,29,1,-2
10819,8,5761,29,1,2
10820,24,5761,29,1,2
10821,7,5762,29,1,-2
10822,12,5762,29,1,0
10823,28,5763,29,1,2
10824,77,5764,29,1,4
10825,23,5764,29,1,3
10826,21,5765,29,1,3
10827,83,5766,29,1,0
10828,3,5767,29,0,6
10829,53,5768,29,1,3
10830,20,5769,29,0,12
10831,52,5769,29,0,16
10832,69,5770,29,1,-1
10833,15,5771,29,1,-1
10834,84,5771,29,1,-2
10835,62,5772,29,1,0
10836,83,5773,29,1,0
10837,90,5774,29,1,2
10838,98,5774,29,1,4
10839,72,5774,29,1,3
10840,7,5775,29,1,-1
10841,98,5775,29,0,15
10842,23,5776,29,1,1
10843,96,5776,29,1,1
10844,13,5777,29,0,16
10845,32,5778,29,1,3
10846,38,5778,29,1,5
10847,5,5779,29,0,11
10848,24,5779,29,0,17
10849,27,5779,29,1,5
10850,47,5779,29,0,27
10851,42,5780,29,0,22
10852,21,5780,29,1,3
10853,95,5781,29,1,7
10854,44,5781,29,1,7
10855,91,5781,29,0,10
10856,74,5781,29,0,12
10857,56,5782,29,1,3
10858,97,5782,29,1,2
10859,7,5783,29,0,13
10860,71,5784,29,0,22
10861,5,5784,29,1,4
10862,98,5784,29,0,28
10863,29,5785,29,1,2
10864,84,5785,29,1,2
10865,63,5786,29,1,4
10866,36,5786,29,0,23
10867,51,5786,29,0,12
10868,33,5787,29,0,11
10869,82,5787,29,1,-2
10870,89,5788,29,0,15
10871,81,5788,29,0,17
10872,70,5789,29,0,16
10873,83,5789,29,1,2
10874,31,5790,29,0,28
10875,50,5790,29,0,22
10876,53,5790,29,0,13
10877,97,5791,29,1,0
10878,68,5791,29,1,4
10879,26,5791,29,1,5
10880,80,5792,29,0,24
10881,79,5792,29,1,1
10882,61,5793,29,0,16
10883,32,5793,29,0,27
10884,6,5794,29,0,29
10885,1,5794,29,1,6
10886,84,5795,29,1,2
10887,72,5795,29,1,3
10888,1,5795,29,1,5
10889,41,5796,29,1,-1
10890,38,5796,29,1,4
10891,60,5797,29,1,1
10892,76,5798,29,1,5
10893,3,5798,29,1,1
10894,56,5799,29,1,3
10895,86,5800,29,1,2
10896,7,5800,29,0,11
10897,73,5801,30,1,1
10898,66,5802,30,1,3
10899,10,5803,30,1,0
10900,68,5804,30,0,26
10901,21,5804,30,0,11
10902,45,5804,30,1,7
10903,1,5805,30,1,2
10904,79,5806,30,1,5
10905,1,5807,30,0,11
10906,3,5807,30,0,26
10907,81,5807,30,0,20
10908,11,5807,30,1,6
10909,56,5808,30,1,2
10910,45,5808,30,1,-1
10911,59,5808,30,1,3
10912,97,5808,30,1,0
10913,12,5809,30,0,14
10914,46,5809,30,1,-1
10915,36,5809,30,1,1
10916,9,5810,30,0,13
10917,56,5810,30,1,-1
10918,59,5810,30,1,4
10919,40,5810,30,1,-1
10920,24,5811,30,1,6
10921,89,5811,30,1,-1
10922,6,5811,30,1,2
10923,68,5812,30,1,4
10924,38,5812,30,0,12
10925,72,5813,30,1,2
10926,4,5814,30,1,4
10927,69,5814,30,0,12
10928,40,5815,30,1,1
10929,53,5815,30,1,5
10930,43,5816,30,1,-1
10931,16,5817,30,1,7
10932,27,5817,30,1,2
10933,49,5818,30,1,5
10934,40,5819,30,1,0
10935,52,5819,30,0,13
10936,84,5820,30,0,13
10937,82,5820,30,1,0
10938,72,5821,30,1,3
10939,97,5822,30,1,5
10940,22,5823,30,0,19
10941,82,5824,30,0,19
10942,93,5824,30,1,0
10943,95,5825,30,1,4
10944,86,5825,30,1,1
10945,57,5825,30,1,-1
10946,4,5826,30,1,0
10947,97,5826,30,0,30
10948,72,5827,30,1,0
10949,68,5828,30,1,5
10950,15,5828,30,1,4
10951,70,5829,30,1,2
10952,15,5830,30,1,5
10953,34,5830,30,1,0
10954,39,5831,30,1,7
10955,94,5831,30,1,4
10956,65,5832,30,1,-1
10957,57,5832,30,0,26
10958,19,5833,30,0,19
10959,46,5834,30,1,2
10960,92,5834,30,1,4
10961,72,5835,30,1,-1
10962,45,5835,30,0,11
10963,48,5836,30,1,1
10964,67,5836,30,1,1
10965,84,5837,30,1,6
10966,10,5837,30,1,5
10967,35,5837,30,1,3
10968,66,5837,30,0,21
10969,62,5838,30,0,18
10970,80,5839,30,1,-1
10971,77,5840,30,0,20
10972,34,5840,30,1,4
10973,53,5840,30,0,26
10974,85,5841,30,0,9
10975,7,5842,30,1,3
10976,60,5843,30,0,14
10977,91,5843,30,1,5
10978,98,5843,30,1,7
10979,88,5844,30,1,4
10980,38,5844,30,1,5
10981,90,5845,30,1,0
10982,25,5846,30,1,2
10983,71,5846,30,1,4
10984,32,5846,30,1,3
10985,72,5847,30,1,0
10986,71,5847,30,0,28
10987,64,5847,30,0,16
10988,67,5848,30,1,1
10989,68,5848,30,1,2
10990,58,5848,30,1,-1
10991,92,5848,30,0,22
10992,33,5849,30,1,-1
10993,56,5850,30,1,0
10994,52,5850,30,1,1
10995,53,5851,30,0,6
10996,54,5852,30,1,0
10997,32,5852,30,1,4
10998,22,5853,30,0,19
10999,19,5853,30,0,28
11000,57,5853,30,1,7
11001,78,5854,30,1,4
11002,17,5854,30,1,-1
11003,40,5855,30,0,6
11004,68,5856,30,1,3
11005,43,5856,30,0,16
11006,89,5856,30,1,5
11007,64,5857,30,0,14
11008,37,5858,30,1,-2
11009,9,5859,30,1,2
11010,40,5859,30,1,1
11011,16,5860,30,1,7
11012,44,5860,30,1,-1
11013,72,5861,30,1,0
11014,1,5862,30,0,22
11015,87,5862,30,1,-1
11016,16,5862,30,1,3
11017,55,5863,30,0,10
11018,16,5864,30,1,1
11019,31,5865,30,1,-2
11020,13,5866,30,0,13
11021,39,5866,30,1,2
11022,21,5867,30,1,4
11023,99,5867,30,0,19
11024,93,5867,30,1,-1
11025,32,5867,30,0,20
11026,70,5868,30,1,3
11027,23,5869,30,1,-1
11028,71,5869,30,1,7
11029,56,5869,30,0,23
11030,36,5869,30,1,5
11031,38,5870,30,0,18
11032,30,5870,30,1,4
11033,47,5871,30,1,5
11034,91,5871,30,1,3
11035,66,5872,30,0,22
11036,26,5872,30,0,14
11037,61,5873,30,1,3
11038,92,5873,30,1,6
11039,94,5873,30,1,2
11040,28,5873,30,0,14
11041,66,5874,30,1,2
11042,5,5874,30,1,2
11043,25,5874,30,1,3
11044,14,5874,30,0,10
11045,44,5875,30,0,6
11046,35,5876,30,1,-1
11047,93,5876,30,0,30
11048,56,5876,30,0,10
11049,68,5877,30,1,-3
11050,39,5878,30,1,-2
11051,38,5879,30,1,5
11052,76,5879,30,0,11
11053,59,5880,30,1,0
11054,72,5881,30,1,-2
11055,25,5882,30,0,7
11056,90,5882,30,1,0
11057,89,5883,30,0,11
11058,1,5884,30,0,9
11059,21,5885,30,1,4
11060,50,5885,30,1,-2
11061,52,5886,30,1,0
11062,100,5886,30,1,-1
11063,32,5887,30,1,-2
11064,50,5888,30,0,8
11065,47,5889,30,1,2
11066,64,5890,30,1,3
11067,55,5890,30,1,2
11068,56,5890,30,1,5
11069,41,5891,30,1,7
11070,17,5891,30,0,26
11071,32,5892,30,1,3
11072,2,5892,30,0,19
11073,8,5893,30,1,-2
11074,53,5893,30,1,-2
11075,46,5894,30,1,5
11076,23,5895,30,1,2
11077,29,5895,30,0,24
11078,22,5895,30,1,0
11079,24,5896,30,1,2
11080,6,5896,30,0,28
11081,16,5897,30,1,2
11082,68,5898,30,1,-2
11083,78,5899,30,0,18
11084,8,5899,30,0,26
11085,79,5899,30,1,6
11086,74,5900,30,1,4
11087,40,5900,30,1,-2
11088,98,5901,30,1,-2
11089,59,5902,30,0,10
11090,42,5902,30,1,-2
11091,37,5903,30,1,-2
11092,41,5904,30,0,14
11093,29,5904,30,0,28
11094,68,5904,30,1,-1
11095,16,5905,30,0,7
11096,30,5906,30,1,3
11097,97,5907,30,1,4
11098,65,5908,30,1,1
11099,44,5909,30,1,6
11100,50,5909,30,1,3
11101,94,5909,30,1,7
11102,88,5909,30,0,12
11103,85,5910,30,1,2
11104,53,5911,30,1,2
11105,87,5911,30,0,10
11106,95,5912,30,1,4
11107,96,5912,30,1,5
11108,27,5913,30,0,11
11109,42,5914,30,1,2
11110,36,5914,30,1,-1
11111,39,5915,30,0,25
11112,49,5915,30,1,3
11113,99,5916,30,1,2
11114,10,5917,30,0,16
11115,92,5918,30,1,5
11116,56,5918,30,1,0
11117,19,5918,30,0,29
11118,48,5919,30,1,0
11119,52,5920,30,1,4
11120,76,5920,30,0,7
11121,3,5921,30,0,6
11122,31,5921,30,1,1
11123,88,5922,30,1,-1
11124,80,5922,30,1,0
11125,47,5922,30,0,25
11126,17,5922,30,0,20
11127,56,5923,30,0,15
11128,87,5923,30,0,26
11129,18,5923,30,1,7
11130,70,5924,30,1,0
11131,6,5924,30,1,7
11132,26,5924,30,1,2
11133,47,5925,30,1,4
11134,6,5925,30,1,7
11135,3,5925,30,1,5
11136,81,5926,30,0,15
11137,85,5926,30,0,12
11138,86,5926,30,1,1
11139,89,5927,30,1,3
11140,19,5927,30,0,8
11141,39,5928,30,0,12
11142,86,5929,30,0,13
11143,18,5929,30,1,4
11144,51,5930,30,1,-1
11145,86,5931,30,1,2
11146,17,5932,30,1,5
11147,41,5932,30,1,7
11148,85,5933,30,1,0
11149,94,5933,30,0,29
11150,15,5934,30,0,10
11151,68,5934,30,0,6
11152,50,5935,30,1,5
11153,36,5936,30,1,-1
11154,65,5937,30,0,6
11155,98,5938,30,1,4
11156,54,5939,30,1,3
11157,69,5939,30,0,10
11158,83,5940,30,1,6
11159,48,5940,30,1,1
11160,78,5941,30,1,3
11161,76,5942,30,0,10
11162,37,5943,30,0,9
11163,67,5944,30,1,3
11164,98,5944,30,1,5
11165,63,5945,30,0,9
11166,93,5945,30,0,13
11167,75,5946,30,1,1
11168,53,5946,30,1,-1
11169,48,5946,30,0,25
11170,94,5946,30,0,27
11171,4,5947,30,1,-3
11172,19,5948,30,1,-2
11173,47,5948,30,1,0
11174,95,5949,30,1,2
11175,46,5949,30,1,5
11176,75,5950,30,1,-2
11177,24,5950,30,1,0
11178,89,5951,30,0,7
11179,18,5951,30,1,1
11180,52,5952,30,1,2
11181,65,5952,30,1,5
11182,20,5953,30,0,17
11183,100,5954,30,1,5
11184,32,5955,30,1,0
11185,31,5955,30,0,13
11186,70,5956,30,0,22
11187,20,5956,30,0,17
11188,19,5957,30,1,-1
11189,61,5958,30,1,6
11190,1,5958,30,0,26
11191,71,5958,30,1,-1
11192,14,5958,30,1,5
11193,60,5959,30,0,21
11194,75,5959,30,1,1
11195,48,5959,30,1,0
11196,5,5960,30,1,5
11197,84,5961,30,1,-2
11198,60,5962,30,0,20
11199,78,5962,30,1,-1
11200,64,5962,30,1,1
11201,20,5962,30,1,0
11202,25,5963,30,1,1
11203,45,5963,30,0,14
11204,50,5964,30,0,10
11205,3,5965,30,1,-2
11206,8,5965,30,0,13
11207,19,5966,30,1,5
11208,62,5967,30,1,2
11209,87,5967,30,1,3
11210,27,5968,30,1,5
11211,48,5969,30,0,10
11212,32,5969,30,1,1
11213,58,5970,30,0,18
11214,85,5970,30,1,1
11215,80,5970,30,0,20
11216,48,5971,30,1,1
11217,80,5971,30,0,20
11218,96,5971,30,0,29
11219,40,5971,30,1,5
11220,66,5972,30,0,20
11221,3,5972,30,0,12
11222,97,5973,30,1,6
11223,50,5973,30,0,21
11224,48,5974,30,1,2
11225,31,5975,30,1,1
11226,55,5975,30,1,2
11227,52,5976,30,1,5
11228,4,5976,30,1,0
11229,93,5977,30,1,-1
11230,37,5978,30,1,5
11231,16,5978,30,1,2
11232,68,5979,30,0,18
11233,76,5980,30,1,-1
11234,1,5981,30,1,0
11235,45,5981,30,1,5
11236,37,5982,30,1,2
11237,13,5983,30,1,-1
11238,50,5984,30,0,13
11239,71,5984,30,0,22
11240,39,5984,30,0,25
11241,19,5985,30,1,-2
11242,3,5985,30,1,-2
11243,58,5986,30,0,6
11244,6,5987,30,1,-2
11245,18,5988,30,0,27
11246,2,5988,30,0,13
11247,88,5989,30,1,4
11248,23,5989,30,0,26
11249,98,5989,30,0,23
11250,41,5990,30,1,0
11251,2,5990,30,1,5
11252,80,5990,30,0,23
11253,52,5990,30,1,1
11254,7,5991,30,1,4
11255,78,5991,30,0,19
11256,53,5992,30,1,4
11257,100,5992,30,1,2
11258,30,5992,30,1,1
11259,78,5993,30,1,7
11260,5,5993,30,0,18
11261,39,5994,30,1,-1
11262,67,5994,30,0,14
11263,16,5994,30,1,2
11264,75,5995,30,1,4
11265,60,5995,30,1,0
11266,60,5996,30,1,-1
11267,76,5996,30,1,2
11268,53,5997,30,1,4
11269,82,5997,30,1,-1
11270,71,5998,30,1,0
11271,42,5999,30,1,1
11272,13,5999,30,0,10
11273,67,5999,30,1,1
11274,60,5999,30,0,27
11275,86,6000,30,1,-1
11276,17,6000,30,1,3
11277,84,6001,31,1,4
11278,56,6001,31,1,-2
11279,61,6002,31,1,-2
11280,27,6002,31,1,3
11281,49,6003,31,1,0
11282,100,6004,31,0,20
11283,8,6004,31,1,0
11284,93,6005,31,1,1
11285,9,6006,31,1,0
11286,66,6007,31,1,1
11287,23,6007,31,0,17
11288,33,6007,31,1,0
11289,85,6007,31,1,4
11290,59,6008,31,0,15
11291,39,6008,31,0,14
11292,50,6008,31,0,10
11293,72,6008,31,1,6
11294,36,6009,31,1,0
11295,38,6010,31,1,-3
11296,1,6011,31,1,3
11297,41,6012,31,1,1
11298,31,6012,31,1,2
11299,53,6013,31,0,13
11300,18,6013,31,1,5
11301,1,6013,31,1,5
11302,83,6014,31,0,12
11303,55,6014,31,0,17
11304,97,6015,31,1,0
11305,25,6015,31,1,-1
11306,12,6016,31,1,6
11307,3,6016,31,0,15
11308,55,6017,31,1,6
11309,25,6017,31,0,21
11310,7,6018,31,1,4
11311,92,6018,31,1,2
11312,91,6018,31,0,14
11313,52,6019,31,0,13
11314,51,6020,31,1,2
11315,60,6021,31,1,-1
11316,32,6022,31,1,3
11317,81,6022,31,0,23
11318,77,6022,31,0,17
11319,18,6023,31,1,-2
11320,60,6024,31,1,2
11321,37,6024,31,1,-2
11322,43,6025,31,1,1
11323,45,6025,31,1,2
11324,74,6026,31,1,1
11325,25,6027,31,1,-2
11326,54,6027,31,1,3
11327,20,6028,31,1,5
11328,63,6029,31,1,5
11329,51,6029,31,1,-1
11330,52,6030,31,1,4
11331,5,6030,31,0,7
11332,74,6031,31,1,1
11333,69,6031,31,1,0
11334,45,6031,31,1,7
11335,55,6031,31,0,20
11336,70,6032,31,1,2
11337,24,6033,31,1,2
11338,13,6033,31,0,25
11339,26,6034,31,1,1
11340,40,6035,31,0,10
11341,58,6035,31,0,15
11342,67,6036,31,1,5
11343,11,6036,31,1,0
11344,55,6037,31,1,-1
11345,5,6037,31,1,3
11346,7,6037,31,1,5
11347,26,6037,31,0,23
11348,31,6038,31,1,4
11349,21,6038,31,1,-1
11350,22,6038,31,0,28
11351,22,6039,31,0,18
11352,46,6039,31,1,-2
11353,41,6040,31,1,6
11354,86,6040,31,0,18
11355,77,6041,31,1,2
11356,65,6042,31,1,3
11357,48,6042,31,0,8
11358,49,6043,31,1,3
11359,27,6043,31,1,-1
11360,23,6044,31,1,1
11361,54,6044,31,1,2
11362,86,6045,31,0,23
11363,52,6045,31,1,6
11364,12,6046,31,1,-2
11365,15,6047,31,0,5
11366,21,6048,31,1,-1
11367,97,6049,31,1,-2
11368,10,6049,31,0,10
11369,53,6050,31,1,6
11370,56,6050,31,1,1
11371,14,6050,31,0,26
11372,42,6051,31,0,28
11373,7,6051,31,0,25
11374,100,6052,31,1,3
11375,31,6052,31,0,12
11376,67,6052,31,1,1
11377,33,6052,31,1,2
11378,17,6053,31,1,1
11379,71,6054,31,1,1
11380,11,6054,31,1,3
11381,76,6055,31,1,4
11382,69,6055,31,1,3
11383,33,6056,31,0,7
11384,45,6056,31,1,5
11385,37,6057,31,1,6
11386,31,6057,31,0,22
11387,47,6058,31,0,12
11388,51,6058,31,1,5
11389,24,6059,31,0,22
11390,29,6059,31,1,2
11391,18,6060,31,0,24
11392,40,6060,31,1,3
11393,40,6061,31,0,12
11394,63,6061,31,0,20
11395,31,6062,31,0,6
11396,100,6063,31,1,0
11397,68,6064,31,1,-2
11398,50,6065,31,1,5
11399,85,6066,31,0,19
11400,97,6066,31,1,2
11401,74,6067,31,1,-3
11402,49,6068,31,0,20
11403,87,6069,31,1,1
11404,65,6069,31,0,11
11405,84,6070,31,1,2
11406,63,6071,31,0,25
11407,41,6071,31,0,20
11408,38,6071,31,1,7
11409,34,6071,31,0,11
11410,99,6072,31,0,20
11411,24,6073,31,1,2
11412,23,6073,31,0,8
11413,90,6074,31,1,0
11414,1,6074,31,1,1
11415,49,6074,31,1,2
11416,39,6074,31,1,3
11417,83,6075,31,1,-2
11418,48,6076,31,1,-1
11419,42,6077,31,0,17
11420,6,6078,31,0,16
11421,41,6078,31,1,3
11422,59,6079,31,0,10
11423,99,6080,31,1,2
11424,17,6080,31,0,21
11425,44,6080,31,0,27
11426,1,6081,31,0,23
11427,10,6081,31,1,1
11428,37,6082,31,1,3
11429,43,6083,31,1,0
11430,84,6083,31,1,5
11431,36,6084,31,0,11
11432,19,6084,31,1,4
11433,47,6085,31,1,0
11434,48,6086,31,1,2
11435,29,6086,31,1,3
11436,3,6087,31,0,11
11437,52,6088,31,0,7
11438,87,6089,31,0,25
11439,20,6089,31,1,3
11440,5,6089,31,1,4
11441,82,6089,31,1,4
11442,61,6090,31,1,-2
11443,21,6090,31,0,16
11444,36,6091,31,0,18
11445,90,6091,31,1,5
11446,23,6091,31,1,2
11447,59,6092,31,1,4
11448,73,6093,31,1,4
11449,65,6093,31,1,2
11450,59,6094,31,1,4
11451,80,6095,31,0,8
11452,29,6095,31,1,4
11453,40,6096,31,1,3
11454,21,6096,31,1,1
11455,44,6097,31,1,5
11456,96,6098,31,0,13
11457,11,6098,31,1,-1
11458,55,6099,31,1,0
11459,34,6100,31,1,0
11460,100,6101,31,0,10
11461,65,6101,31,1,5
11462,23,6102,31,0,9
11463,18,6103,31,0,20
11464,48,6104,31,1,1
11465,75,6105,31,1,0
11466,32,6106,31,1,5
11467,70,6106,31,1,3
11468,1,6107,31,1,1
11469,12,6108,31,1,3
11470,54,6108,31,1,1
11471,95,6109,31,0,18
11472,79,6109,31,1,5
11473,94,6110,31,1,4
11474,70,6110,31,0,25
11475,41,6111,31,1,7
11476,70,6111,31,1,6
11477,23,6111,31,1,5
11478,6,6112,31,0,26
11479,61,6112,31,0,21
11480,95,6112,31,1,7
11481,83,6112,31,0,17
11482,43,6113,31,1,-2
11483,69,6114,31,1,-1
11484,4,6114,31,1,4
11485,9,6115,31,0,12
11486,2,6115,31,1,3
11487,25,6116,31,1,5
11488,68,6117,31,1,1
11489,87,6118,31,1,2
11490,63,6118,31,0,21
11491,61,6118,31,1,6
11492,5,6118,31,1,7
11493,88,6119,31,1,0
11494,64,6119,31,0,10
11495,50,6120,31,1,5
11496,73,6120,31,0,19
11497,76,6121,31,1,5
11498,77,6121,31,1,6
11499,99,6121,31,1,7
11500,72,6122,31,1,6
11501,65,6122,31,1,4
11502,79,6122,31,0,10
11503,62,6123,31,1,3
11504,53,6123,31,0,13
11505,91,6124,31,1,-2
11506,23,6124,31,1,-2
11507,89,6125,31,1,2
11508,89,6126,31,1,7
11509,88,6126,31,1,3
11510,3,6127,31,1,4
11511,23,6127,31,1,0
11512,70,6128,31,1,5
11513,44,6129,31,1,7
11514,48,6129,31,1,-1
11515,10,6130,31,1,3
11516,47,6130,31,0,17
11517,3,6131,31,1,6
11518,41,6131,31,1,7
11519,83,6131,31,1,4
11520,10,6132,31,0,10
11521,96,6133,31,0,19
11522,16,6133,31,1,4
11523,97,6134,31,1,-2
11524,34,6135,31,1,1
11525,29,6136,31,1,0
11526,87,6137,31,0,20
11527,90,6138,31,0,14
11528,74,6138,31,1,1
11529,49,6139,31,1,1
11530,68,6140,31,0,26
11531,12,6140,31,1,2
11532,85,6141,31,1,1
11533,96,6142,31,1,3
11534,21,6143,31,1,4
11535,70,6143,31,0,12
11536,83,6144,31,1,5
11537,100,6145,31,1,3
11538,56,6146,31,0,20
11539,52,6147,31,1,5
11540,15,6147,31,1,0
11541,3,6148,31,0,6
11542,54,6149,31,0,14
11543,4,6150,31,0,11
11544,95,6151,31,0,18
11545,22,6152,31,1,3
11546,80,6152,31,1,6
11547,5,6153,31,1,3
11548,2,6153,31,1,-1
11549,48,6153,31,0,19
11550,89,6154,31,1,0
11551,31,6155,31,1,-1
11552,7,6156,31,1,2
11553,21,6157,31,1,3
11554,84,6157,31,1,4
11555,24,6158,31,1,3
11556,29,6159,31,0,14
11557,61,6159,31,0,10
11558,53,6159,31,1,-1
11559,86,6160,31,1,4
11560,25,6160,31,0,30
11561,63,6160,31,1,-1
11562,49,6160,31,1,2
11563,77,6161,31,1,1
11564,60,6162,31,1,0
11565,69,6163,31,0,13
11566,6,6163,31,1,7
11567,70,6164,31,1,-3
11568,52,6165,31,0,7
11569,10,6166,31,0,19
11570,39,6166,31,0,16
11571,64,6167,31,1,-1
11572,17,6167,31,1,2
11573,10,6167,31,0,27
11574,3,6167,31,1,7
11575,4,6168,31,1,3
11576,46,6168,31,1,5
11577,97,6168,31,1,6
11578,33,6168,31,1,7
11579,31,6169,31,0,22
11580,77,6169,31,0,27
11581,1,6169,31,0,13
11582,93,6169,31,1,-1
11583,95,6170,31,1,-1
11584,12,6171,31,1,3
11585,78,6171,31,1,5
11586,17,6171,31,0,21
11587,96,6172,31,1,1
11588,52,6173,31,1,1
11589,15,6173,31,0,28
11590,32,6173,31,1,6
11591,28,6174,31,1,3
11592,85,6174,31,1,-2
11593,4,6175,31,1,2
11594,93,6175,31,1,0
11595,70,6175,31,0,20
11596,13,6176,31,1,0
11597,86,6176,31,1,3
11598,78,6176,31,0,24
11599,40,6176,31,1,5
11600,70,6177,31,1,-1
11601,17,6178,31,1,7
11602,97,6178,31,0,30
11603,68,6179,31,1,0
11604,97,6180,31,1,0
11605,99,6180,31,0,17
11606,85,6180,31,1,6
11607,53,6181,31,1,2
11608,100,6181,31,0,27
11609,64,6181,31,0,24
11610,60,6182,31,1,1
11611,48,6182,31,0,23
11612,44,6183,31,1,-1
11613,53,6184,31,1,2
11614,40,6185,31,1,1
11615,60,6186,31,1,3
11616,37,6187,31,0,14
11617,68,6187,31,0,16
11618,90,6188,31,1,-1
11619,76,6188,31,1,3
11620,1,6189,31,0,11
11621,85,6190,31,1,-2
11622,23,6190,31,1,2
11623,46,6191,31,1,0
11624,5,6191,31,1,0
11625,44,6192,31,1,0
11626,41,6193,31,0,7
11627,2,6193,31,0,9
11628,72,6194,31,1,5
11629,70,6194,31,1,6
11630,94,6195,31,1,7
11631,63,6195,31,1,3
11632,77,6195,31,0,22
11633,71,6195,31,1,6
11634,100,6196,31,1,-1
11635,54,6197,31,0,29
11636,48,6197,31,1,0
11637,8,6197,31,1,6
11638,68,6198,31,0,8
11639,51,6199,31,1,-1
11640,30,6199,31,0,20
11641,64,6199,31,1,5
11642,77,6199,31,0,30
11643,30,6200,31,1,-3
11644,60,6201,32,1,1
11645,74,6202,32,1,7
11646,91,6202,32,1,2
11647,52,6202,32,0,16
11648,45,6202,32,1,4
11649,9,6203,32,1,-2
11650,69,6203,32,0,7
11651,45,6204,32,1,5
11652,50,6204,32,1,-1
11653,63,6205,32,0,29
11654,32,6205,32,1,4
11655,80,6205,32,0,12
11656,16,6205,32,1,3
11657,10,6206,32,1,-1
11658,33,6206,32,1,1
11659,95,6207,32,0,4
11660,16,6208,32,0,18
11661,13,6208,32,1,4
11662,2,6209,32,1,4
11663,21,6209,32,1,0
11664,96,6210,32,1,0
11665,94,6211,32,0,14
11666,21,6212,32,1,7
11667,84,6212,32,0,14
11668,90,6212,32,0,23
11669,17,6213,32,1,-2
11670,59,6213,32,0,8
11671,47,6214,32,1,6
11672,29,6214,32,1,6
11673,2,6215,32,1,6
11674,23,6215,32,0,15
11675,95,6215,32,0,23
11676,80,6215,32,1,5
11677,89,6216,32,1,1
11678,7,6217,32,0,15
11679,50,6217,32,1,-1
11680,90,6218,32,1,-2
11681,34,6219,32,0,16
11682,90,6219,32,1,2
11683,19,6220,32,1,5
11684,89,6220,32,1,-1
11685,5,6220,32,1,1
11686,84,6221,32,0,29
11687,76,6221,32,0,27
11688,79,6221,32,0,29
11689,48,6221,32,1,2
11690,1,6222,32,1,1
11691,47,6222,32,1,2
11692,24,6223,32,1,2
11693,12,6224,32,0,8
11694,19,6225,32,0,19
11695,82,6226,32,1,5
11696,88,6226,32,0,11
11697,25,6227,32,1,3
11698,99,6227,32,1,3
11699,5,6228,32,1,0
11700,41,6229,32,1,1
11701,66,6229,32,1,3
11702,100,6230,32,1,-2
11703,88,6231,32,1,5
11704,1,6232,32,1,5
11705,53,6233,32,1,0
11706,24,6233,32,1,4
11707,81,6233,32,0,26
11708,32,6233,32,1,2
11709,19,6234,32,0,16
11710,34,6235,32,1,-2
11711,14,6236,32,1,1
11712,90,6237,32,1,1
11713,13,6237,32,0,22
11714,7,6237,32,1,2
11715,92,6237,32,1,5
11716,21,6238,32,0,9
11717,60,6238,32,1,4
11718,18,6239,32,1,0
11719,1,6240,32,1,5
11720,43,6241,32,0,24
11721,45,6241,32,0,18
11722,36,6242,32,0,21
11723,91,6242,32,1,0
11724,38,6243,32,1,3
11725,3,6243,32,1,5
11726,49,6244,32,0,9
11727,78,6244,32,1,3
11728,57,6245,32,1,0
11729,44,6246,32,1,1
11730,88,6246,32,0,26
11731,58,6247,32,1,-1
11732,99,6247,32,1,1
11733,5,6247,32,1,4
11734,66,6247,32,1,6
11735,20,6248,32,0,25
11736,3,6248,32,1,4
11737,18,6248,32,1,1
11738,74,6249,32,0,15
11739,26,6249,32,0,13
11740,11,6250,32,1,7
11741,54,6250,32,1,7
11742,64,6250,32,0,26
11743,41,6251,32,0,9
11744,49,6252,32,1,-2
11745,15,6253,32,0,8
11746,47,6254,32,1,2
11747,31,6254,32,1,2
11748,99,6255,32,1,4
11749,98,6255,32,1,-1
11750,92,6256,32,0,13
11751,28,6256,32,0,20
11752,17,6257,32,1,4
11753,79,6257,32,1,4
11754,4,6257,32,1,7
11755,70,6258,32,1,0
11756,28,6258,32,0,12
11757,79,6259,32,1,4
11758,80,6259,32,1,-2
11759,10,6260,32,0,12
11760,70,6260,32,0,26
11761,4,6261,32,1,1
11762,70,6261,32,0,13
11763,56,6262,32,1,0
11764,55,6262,32,0,30
11765,39,6262,32,0,20
11766,21,6263,32,1,6
11767,79,6263,32,1,1
11768,84,6264,32,1,0
11769,80,6265,32,1,-1
11770,63,6265,32,1,2
11771,92,6266,32,1,7
11772,74,6266,32,1,2
11773,28,6266,32,0,11
11774,88,6266,32,0,19
11775,6,6267,32,1,2
11776,32,6268,32,0,13
11777,46,6268,32,0,20
11778,86,6268,32,0,17
11779,65,6269,32,1,0
11780,6,6270,32,0,7
11781,66,6271,32,1,3
11782,50,6271,32,0,20
11783,43,6271,32,1,-1
11784,100,6272,32,1,0
11785,45,6272,32,0,30
11786,15,6272,32,0,30
11787,69,6272,32,1,2
11788,35,6273,32,1,-2
11789,1,6273,32,1,4
11790,89,6274,32,1,-1
11791,20,6275,32,0,10
11792,47,6275,32,1,4
11793,76,6275,32,1,3
11794,42,6276,32,1,2
11795,83,6276,32,0,11
11796,79,6277,32,0,11
11797,83,6277,32,1,5
11798,32,6277,32,1,4
11799,26,6277,32,1,4
11800,7,6278,32,1,3
11801,49,6278,32,0,28
11802,16,6278,32,1,-1
11803,43,6278,32,1,0
11804,26,6279,32,1,-1
11805,13,6279,32,0,21
11806,41,6279,32,1,-1
11807,5,6280,32,1,-1
11808,54,6281,32,1,0
11809,81,6281,32,0,24
11810,28,6282,32,1,1
11811,87,6283,32,0,30
11812,48,6283,32,0,19
11813,93,6284,32,0,18
11814,75,6284,32,1,5
11815,28,6285,32,1,-2
11816,40,6286,32,0,12
11817,67,6286,32,1,1
11818,20,6287,32,1,2
11819,50,6288,32,1,1
11820,68,6289,32,1,0
11821,96,6290,32,1,6
11822,6,6290,32,1,-1
11823,17,6291,32,0,18
11824,31,6291,32,0,7
11825,37,6292,32,1,2
11826,41,6292,32,1,1
11827,91,6292,32,1,6
11828,8,6293,32,1,6
11829,61,6293,32,0,15
11830,14,6294,32,1,-1
11831,78,6294,32,1,2
11832,42,6294,32,0,18
11833,3,6294,32,1,7
11834,25,6295,32,0,8
11835,98,6296,32,0,14
11836,61,6296,32,0,20
11837,63,6297,32,1,-2
11838,89,6298,32,1,2
11839,56,6298,32,1,1
11840,59,6298,32,1,6
11841,13,6298,32,1,6
11842,6,6299,32,1,0
11843,27,6299,32,1,1
11844,7,6300,32,1,-3
11845,25,6301,32,1,-1
11846,44,6301,32,1,3
11847,87,6302,32,1,0
11848,32,6303,32,1,2
11849,52,6303,32,1,-1
11850,40,6304,32,1,2
11851,84,6305,32,1,-2
11852,76,6306,32,1,5
11853,45,6306,32,1,2
11854,98,6307,32,1,-3
11855,3,6308,32,1,6
11856,2,6308,32,0,26
11857,26,6309,32,0,13
11858,30,6309,32,1,7
11859,25,6310,32,1,-3
11860,57,6311,32,1,0
11861,79,6311,32,1,0
11862,9,6311,32,0,24
11863,57,6312,32,1,2
11864,85,6313,32,1,-2
11865,38,6313,32,0,9
11866,41,6314,32,1,7
11867,8,6314,32,1,2
11868,69,6314,32,0,16
11869,31,6315,32,0,12
11870,5,6316,32,0,8
11871,47,6317,32,1,0
11872,3,6318,32,1,3
11873,69,6318,32,1,0
11874,68,6319,32,0,11
11875,10,6320,32,1,1
11876,40,6320,32,1,2
11877,2,6320,32,1,4
11878,83,6321,32,0,14
11879,100,6322,32,1,0
11880,5,6323,32,1,-1
11881,48,6323,32,0,12
11882,14,6324,32,1,1
11883,75,6324,32,1,-2
11884,4,6325,32,1,5
11885,94,6325,32,1,2
11886,39,6325,32,0,12
11887,15,6326,32,1,-3
11888,14,6327,32,0,15
11889,99,6327,32,1,1
11890,3,6328,32,1,2
11891,98,6328,32,1,-1
11892,29,6329,32,0,24
11893,19,6329,32,1,2
11894,27,6330,32,1,4
11895,80,6331,32,0,8
11896,88,6332,32,0,14
11897,8,6332,32,1,5
11898,13,6333,32,1,2
11899,39,6334,32,1,4
11900,85,6335,32,1,3
11901,44,6335,32,1,4
11902,53,6336,32,0,17
11903,85,6336,32,1,6
11904,93,6336,32,1,0
11905,48,6336,32,0,14
11906,23,6337,32,0,11
11907,72,6337,32,1,6
11908,12,6338,32,0,12
11909,10,6339,32,1,2
11910,13,6340,32,0,15
11911,90,6340,32,0,18
11912,42,6341,32,0,11
11913,87,6342,32,0,24
11914,47,6342,32,0,27
11915,56,6342,32,0,24
11916,86,6342,32,1,1
11917,48,6343,32,1,3
11918,94,6344,32,0,16
11919,81,6344,32,1,5
11920,97,6345,32,1,-1
11921,39,6345,32,1,5
11922,23,6346,32,1,2
11923,22,6346,32,0,30
11924,56,6346,32,1,-1
11925,83,6346,32,1,7
11926,27,6347,32,1,3
11927,10,6347,32,1,3
11928,78,6348,32,1,-2
11929,7,6348,32,1,2
11930,19,6349,32,1,3
11931,92,6350,32,1,1
11932,92,6351,32,0,11
11933,23,6352,32,1,0
11934,60,6353,32,1,-2
11935,22,6353,32,1,1
11936,14,6354,32,0,7
11937,91,6354,32,0,7
11938,82,6355,32,0,12
11939,61,6356,32,1,-1
11940,10,6357,32,1,-3
11941,14,6358,32,1,0
11942,87,6358,32,1,3
11943,27,6359,32,1,5
11944,96,6360,32,0,19
11945,58,6360,32,0,19
11946,3,6361,32,1,1
11947,38,6362,32,1,-2
11948,92,6363,32,1,3
11949,97,6363,32,0,13
11950,95,6364,32,1,4
11951,45,6365,32,1,1
11952,36,6365,32,1,3
11953,100,6365,32,1,7
11954,43,6366,32,1,-1
11955,59,6367,32,0,18
11956,74,6367,32,0,29
11957,26,6367,32,0,15
11958,57,6367,32,1,6
11959,5,6368,32,0,10
11960,39,6368,32,0,10
11961,90,6369,32,1,3
11962,51,6369,32,1,7
11963,19,6369,32,1,5
11964,87,6369,32,1,1
11965,45,6370,32,1,5
11966,30,6370,32,0,16
11967,34,6371,32,1,3
11968,74,6371,32,1,6
11969,10,6371,32,0,24
11970,11,6371,32,1,4
11971,83,6372,32,0,27
11972,16,6372,32,0,23
11973,21,6373,32,1,0
11974,66,6374,32,1,4
11975,88,6375,32,1,-1
11976,14,6375,32,1,3
11977,80,6376,32,1,2
11978,51,6376,32,1,5
11979,74,6377,32,1,3
11980,66,6378,32,0,20
11981,16,6378,32,0,10
11982,84,6379,32,0,18
11983,35,6379,32,0,15
11984,51,6380,32,1,3
11985,65,6380,32,1,6
11986,5,6380,32,0,13
11987,70,6381,32,1,-1
11988,92,6381,32,1,4
11989,34,6382,32,1,2
11990,14,6382,32,1,2
11991,81,6383,32,1,3
11992,69,6384,32,1,3
11993,86,6384,32,1,3
11994,98,6384,32,0,27
11995,52,6385,32,1,6
11996,54,6385,32,1,5
11997,66,6386,32,0,8
11998,80,6387,32,1,3
11999,40,6388,32,1,7
12000,12,6388,32,0,14
12001,23,6388,32,0,28
12002,83,6388,32,1,7
12003,76,6389,32,0,15
12004,87,6389,32,0,30
12005,82,6389,32,0,22
12006,98,6389,32,1,5
12007,62,6390,32,0,8
12008,8,6390,32,0,12
12009,32,6391,32,1,1
12010,24,6392,32,1,1
12011,44,6393,32,0,6
12012,45,6393,32,1,5
12013,93,6394,32,1,-3
12014,32,6395,32,1,3
12015,77,6395,32,1,6
12016,42,6395,32,1,3
12017,6,6396,32,1,4
12018,21,6396,32,0,6
12019,34,6397,32,1,0
12020,58,6397,32,1,-1
12021,7,6398,32,1,5
12022,34,6399,32,1,5
12023,38,6399,32,0,6
12024,27,6400,32,1,-1
12025,35,6400,32,1,6
12026,34,6400,32,1,1
12027,66,6401,33,1,0
12028,62,6401,33,1,0
12029,24,6401,33,1,4
12030,40,6401,33,0,29
12031,96,6402,33,1,-2
12032,10,6403,33,1,-1
12033,88,6403,33,0,14
12034,72,6404,33,1,1
12035,39,6405,33,1,1
12036,78,6405,33,1,2
12037,91,6405,33,1,-1
12038,15,6405,33,0,29
12039,95,6406,33,1,3
12040,31,6406,33,0,27
12041,25,6406,33,1,6
12042,53,6406,33,1,3
12043,86,6407,33,1,-1
12044,92,6408,33,1,2
12045,95,6409,33,1,1
12046,48,6409,33,0,25
12047,30,6409,33,0,12
12048,52,6410,33,1,3
12049,80,6410,33,1,3
12050,4,6411,33,1,0
12051,70,6412,33,0,26
12052,27,6412,33,1,6
12053,89,6413,33,0,25
12054,39,6413,33,0,17
12055,76,6414,33,0,12
12056,6,6414,33,1,7
12057,66,6414,33,0,24
12058,76,6415,33,1,4
12059,7,6416,33,1,1
12060,47,6416,33,1,5
12061,72,6416,33,1,3
12062,20,6416,33,1,4
12063,42,6417,33,1,1
12064,1,6418,33,1,-1
12065,7,6419,33,1,0
12066,77,6419,33,1,2
12067,3,6420,33,1,0
12068,5,6421,33,1,0
12069,56,6422,33,1,-3
12070,60,6423,33,0,11
12071,89,6424,33,0,12
12072,56,6424,33,1,0
12073,5,6425,33,1,0
12074,78,6425,33,0,25
12075,97,6425,33,1,-1
12076,57,6426,33,1,2
12077,99,6426,33,1,6
12078,53,6426,33,1,-1
12079,100,6427,33,0,17
12080,7,6427,33,1,5
12081,44,6428,33,1,5
12082,32,6429,33,0,19
12083,16,6429,33,1,5
12084,77,6429,33,1,7
12085,4,6429,33,1,1
12086,54,6430,33,0,10
12087,67,6430,33,1,2
12088,88,6430,33,1,4
12089,7,6430,33,0,18
12090,91,6431,33,1,0
12091,83,6431,33,0,18
12092,5,6431,33,1,7
12093,78,6431,33,0,18
12094,13,6432,33,1,-2
12095,64,6432,33,0,6
12096,15,6433,33,1,0
12097,42,6433,33,1,4
12098,13,6433,33,0,30
12099,4,6433,33,0,14
12100,41,6434,33,0,6
12101,16,6435,33,0,18
12102,41,6435,33,1,5
12103,16,6436,33,1,4
12104,75,6436,33,1,4
12105,95,6436,33,1,-1
12106,80,6437,33,1,-1
12107,5,6438,33,1,2
12108,14,6439,33,1,5
12109,65,6439,33,1,2
12110,29,6440,33,0,7
12111,23,6440,33,0,10
12112,51,6441,33,0,10
12113,15,6441,33,0,28
12114,5,6441,33,1,4
12115,16,6442,33,1,1
12116,42,6443,33,1,3
12117,5,6444,33,0,14
12118,67,6444,33,0,18
12119,42,6444,33,0,22
12120,12,6444,33,1,-1
12121,24,6445,33,1,3
12122,17,6445,33,0,9
12123,38,6446,33,1,7
12124,25,6446,33,1,6
12125,73,6446,33,1,1
12126,33,6447,33,0,14
12127,23,6448,33,0,6
12128,70,6449,33,1,1
12129,27,6450,33,1,3
12130,10,6450,33,1,4
12131,3,6451,33,0,16
12132,93,6451,33,0,12
12133,75,6452,33,1,2
12134,72,6453,33,1,6
12135,7,6453,33,1,0
12136,79,6454,33,0,17
12137,7,6454,33,1,-2
12138,23,6455,33,1,7
12139,26,6455,33,1,4
12140,86,6456,33,0,12
12141,97,6457,33,1,1
12142,10,6457,33,1,1
12143,86,6457,33,1,2
12144,30,6457,33,1,0
12145,9,6458,33,1,0
12146,60,6458,33,1,6
12147,50,6459,33,0,24
12148,25,6459,33,0,18
12149,7,6459,33,0,11
12150,43,6459,33,1,0
12151,37,6460,33,1,2
12152,58,6461,33,1,2
12153,67,6462,33,1,2
12154,99,6463,33,1,5
12155,34,6463,33,0,11
12156,20,6463,33,1,5
12157,51,6463,33,1,-1
12158,9,6464,33,1,-2
12159,34,6464,33,1,4
12160,24,6465,33,1,2
12161,5,6465,33,1,4
12162,9,6465,33,0,29
12163,26,6465,33,1,0
12164,60,6466,33,1,3
12165,64,6467,33,1,4
12166,97,6468,33,1,1
12167,47,6468,33,1,-2
12168,17,6469,33,0,12
12169,40,6470,33,1,4
12170,30,6470,33,0,21
12171,11,6470,33,1,7
12172,91,6471,33,1,5
12173,30,6471,33,0,20
12174,27,6472,33,0,13
12175,90,6472,33,0,27
12176,4,6472,33,0,30
12177,69,6473,33,0,16
12178,34,6473,33,1,4
12179,18,6474,33,1,1
12180,52,6475,33,1,-2
12181,59,6475,33,0,10
12182,11,6476,33,1,4
12183,40,6477,33,0,25
12184,63,6477,33,0,22
12185,86,6478,33,0,13
12186,59,6479,33,1,-1
12187,61,6479,33,1,4
12188,50,6480,33,1,0
12189,5,6480,33,1,-2
12190,99,6481,33,1,-1
12191,100,6482,33,1,3
12192,81,6483,33,0,20
12193,87,6484,33,0,20
12194,41,6484,33,1,2
12195,100,6485,33,0,11
12196,80,6486,33,1,4
12197,25,6486,33,1,0
12198,40,6487,33,1,-1
12199,70,6487,33,1,1
12200,52,6487,33,1,4
12201,65,6488,33,1,4
12202,78,6488,33,1,6
12203,57,6489,33,1,5
12204,11,6490,33,0,8
12205,56,6491,33,1,-1
12206,28,6492,33,1,-1
12207,17,6492,33,1,-1
12208,97,6493,33,0,6
12209,27,6494,33,1,2
12210,58,6495,33,1,1
12211,52,6495,33,1,0
12212,16,6496,33,1,3
12213,22,6496,33,1,7
12214,38,6496,33,1,2
12215,85,6497,33,0,8
12216,75,6498,33,1,0
12217,56,6499,33,0,13
12218,27,6499,33,1,2
12219,57,6500,33,0,14
12220,27,6500,33,0,27
12221,31,6500,33,1,0
12222,59,6500,33,1,5
12223,12,6501,33,1,-2
12224,9,6502,33,1,1
12225,47,6503,33,1,3
12226,30,6503,33,1,5
12227,82,6504,33,1,-3
12228,89,6505,33,0,12
12229,98,6505,33,0,18
12230,94,6506,33,0,15
12231,1,6506,33,1,4
12232,85,6507,33,1,1
12233,53,6507,33,1,0
12234,9,6508,33,1,0
12235,79,6508,33,1,5
12236,65,6508,33,1,1
12237,45,6508,33,1,1
12238,57,6509,33,1,7
12239,10,6509,33,1,5
12240,69,6509,33,1,3
12241,77,6510,33,0,16
12242,26,6511,33,1,3
12243,3,6512,33,1,4
12244,27,6513,33,0,11
12245,44,6514,33,0,9
12246,82,6515,33,1,2
12247,72,6515,33,1,-1
12248,97,6515,33,0,10
12249,57,6516,33,1,6
12250,15,6516,33,1,6
12251,79,6517,33,1,0
12252,15,6518,33,0,20
12253,55,6519,33,1,0
12254,64,6520,33,0,12
12255,80,6520,33,0,27
12256,97,6520,33,0,22
12257,24,6520,33,1,5
12258,71,6521,33,1,-1
12259,57,6521,33,0,8
12260,11,6522,33,1,0
12261,9,6523,33,1,3
12262,10,6524,33,1,5
12263,13,6524,33,0,8
12264,24,6525,33,1,1
12265,72,6526,33,1,-1
12266,93,6526,33,1,-2
12267,39,6527,33,1,4
12268,26,6527,33,0,18
12269,95,6527,33,1,7
12270,6,6528,33,0,27
12271,10,6528,33,1,3
12272,61,6528,33,1,4
12273,88,6528,33,1,6
12274,78,6529,33,1,0
12275,27,6530,33,1,-2
12276,94,6531,33,1,2
12277,5,6532,33,0,28
12278,81,6532,33,0,19
12279,93,6532,33,1,-1
12280,69,6533,33,1,5
12281,28,6533,33,1,3
12282,82,6534,33,1,5
12283,35,6534,33,0,6
12284,88,6535,33,1,3
12285,94,6536,33,1,5
12286,55,6537,33,0,19
12287,92,6538,33,0,16
12288,96,6539,33,1,3
12289,95,6539,33,0,18
12290,73,6540,33,1,0
12291,20,6541,33,1,5
12292,90,6542,33,1,1
12293,1,6543,33,0,14
12294,78,6544,33,1,0
12295,39,6544,33,1,6
12296,94,6545,33,1,5
12297,48,6546,33,1,3
12298,66,6546,33,0,20
12299,70,6547,33,1,-2
12300,15,6548,33,1,0
12301,14,6549,33,1,-2
12302,18,6550,33,0,3
12303,33,6551,33,1,2
12304,95,6551,33,1,-2
12305,96,6552,33,0,10
12306,79,6553,33,1,1
12307,10,6554,33,0,15
12308,79,6554,33,1,1
12309,53,6555,33,0,12
12310,1,6556,33,1,-1
12311,53,6557,33,1,0
12312,27,6557,33,1,4
12313,14,6558,33,1,2
12314,86,6558,33,0,16
12315,85,6559,33,1,-1
12316,47,6559,33,0,19
12317,23,6560,33,0,11
12318,22,6560,33,1,0
12319,39,6560,33,1,5
12320,60,6560,33,0,19
12321,83,6561,33,1,-3
12322,20,6562,33,1,-1
12323,3,6563,33,1,0
12324,75,6563,33,1,4
12325,15,6563,33,0,28
12326,48,6564,33,1,1
12327,87,6564,33,1,-1
12328,6,6565,33,1,4
12329,52,6566,33,0,10
12330,78,6567,33,1,-2
12331,47,6567,33,0,11
12332,45,6568,33,0,28
12333,71,6568,33,1,6
12334,78,6569,33,1,0
12335,24,6569,33,1,5
12336,72,6569,33,1,5
12337,47,6570,33,1,4
12338,70,6570,33,0,18
12339,90,6571,33,1,3
12340,31,6572,33,1,-2
12341,28,6573,33,0,8
12342,18,6574,33,1,0
12343,94,6575,33,0,7
12344,81,6576,33,1,5
12345,60,6576,33,1,5
12346,82,6577,33,1,1
12347,14,6577,33,0,10
12348,76,6578,33,0,7
12349,25,6579,33,1,3
12350,67,6580,33,0,20
12351,25,6580,33,0,14
12352,54,6581,33,1,4
12353,93,6581,33,1,1
12354,73,6581,33,1,0
12355,63,6582,33,0,5
12356,92,6583,33,1,0
12357,47,6583,33,0,6
12358,42,6584,33,1,2
12359,91,6584,33,0,14
12360,9,6584,33,1,6
12361,3,6584,33,0,18
12362,63,6585,33,1,-2
12363,69,6586,33,1,2
12364,24,6587,33,0,25
12365,17,6587,33,1,3
12366,14,6588,33,1,5
12367,98,6588,33,1,4
12368,46,6589,33,0,10
12369,78,6590,33,1,3
12370,59,6590,33,1,-1
12371,27,6591,33,0,19
12372,29,6592,33,1,3
12373,52,6592,33,0,29
12374,77,6593,33,0,6
12375,100,6594,33,1,0
12376,77,6595,33,1,1
12377,43,6596,33,0,6
12378,62,6597,33,1,4
12379,25,6597,33,1,0
12380,79,6597,33,1,7
12381,6,6597,33,1,2
12382,99,6598,33,1,0
12383,87,6598,33,1,2
12384,81,6599,33,1,5
12385,77,6600,33,0,9
12386,2,6600,33,1,1
12387,52,6601,34,1,3
12388,9,6601,34,0,29
12389,13,6601,34,1,6
12390,62,6602,34,1,1
12391,79,6602,34,1,0
12392,77,6603,34,0,20
12393,4,6603,34,1,6
12394,68,6603,34,0,26
12395,94,6603,34,0,24
12396,46,6604,34,1,0
12397,83,6605,34,1,3
12398,46,6606,34,0,12
12399,28,6606,34,0,8
12400,40,6607,34,1,1
12401,21,6608,34,1,-2
12402,53,6609,34,1,6
12403,23,6609,34,1,7
12404,75,6610,34,1,5
12405,82,6610,34,1,3
12406,33,6611,34,1,-2
12407,22,6612,34,1,3
12408,60,6613,34,1,0
12409,46,6613,34,0,28
12410,49,6613,34,1,2
12411,45,6613,34,1,4
12412,20,6614,34,0,14
12413,58,6615,34,1,5
12414,46,6615,34,0,21
12415,93,6616,34,1,0
12416,28,6617,34,1,3
12417,81,6618,34,0,11
12418,100,6618,34,1,1
12419,41,6619,34,0,17
12420,94,6619,34,1,2
12421,78,6620,34,1,-1
12422,13,6620,34,1,4
12423,76,6621,34,1,0
12424,11,6621,34,1,-2
12425,57,6622,34,1,-2
12426,83,6623,34,0,21
12427,29,6623,34,0,26
12428,52,6623,34,0,24
12429,1,6624,34,1,4
12430,22,6624,34,1,-1
12431,54,6625,34,0,6
12432,40,6625,34,1,1
12433,69,6626,34,0,9
12434,98,6627,34,1,0
12435,67,6627,34,0,20
12436,63,6628,34,1,0
12437,70,6628,34,1,5
12438,20,6629,34,1,3
12439,61,6629,34,0,16
12440,51,6630,34,1,2
12441,59,6630,34,1,3
12442,30,6630,34,0,19
12443,20,6631,34,0,18
12444,19,6632,34,1,0
12445,9,6633,34,1,2
12446,94,6634,34,1,2
12447,49,6634,34,1,2
12448,39,6635,34,0,19
12449,76,6636,34,1,4
12450,86,6636,34,1,2
12451,29,6637,34,1,-1
12452,70,6638,34,1,-1
12453,23,6639,34,1,-2
12454,7,6639,34,0,7
12455,35,6640,34,1,3
12456,96,6640,34,1,2
12457,71,6641,34,0,12
12458,33,6641,34,0,22
12459,13,6642,34,0,17
12460,43,6642,34,1,2
12461,98,6643,34,0,6
12462,88,6644,34,1,5
12463,78,6644,34,1,5
12464,100,6644,34,1,6
12465,42,6644,34,0,14
12466,41,6645,34,1,-1
12467,11,6646,34,1,-1
12468,3,6646,34,0,14
12469,33,6647,34,1,3
12470,79,6648,34,0,8
12471,52,6649,34,1,2
12472,65,6650,34,1,4
12473,52,6651,34,0,9
12474,59,6651,34,0,18
12475,1,6652,34,1,3
12476,9,6653,34,1,5
12477,6,6654,34,1,1
12478,69,6654,34,1,4
12479,84,6655,34,0,11
12480,33,6655,34,0,13
12481,13,6656,34,1,0
12482,32,6657,34,1,-1
12483,14,6657,34,1,5
12484,94,6658,34,1,2
12485,26,6659,34,1,4
12486,12,6660,34,1,1
12487,57,6660,34,1,7
12488,94,6660,34,1,7
12489,63,6661,34,1,1
12490,92,6662,34,1,0
12491,84,6663,34,1,7
12492,9,6663,34,0,22
12493,80,6664,34,1,-2
12494,70,6665,34,1,1
12495,67,6666,34,0,6
12496,87,6667,34,1,3
12497,15,6667,34,1,3
12498,70,6668,34,0,9
12499,14,6668,34,1,1
12500,73,6669,34,1,-1
12501,69,6670,34,1,0
12502,90,6670,34,0,18
12503,7,6671,34,1,1
12504,25,6672,34,1,3
12505,86,6673,34,0,13
12506,100,6673,34,0,24
12507,51,6673,34,1,4
12508,8,6674,34,0,16
12509,57,6674,34,0,21
12510,64,6675,34,1,0
12511,32,6675,34,1,7
12512,97,6675,34,0,17
12513,7,6675,34,1,-1
12514,80,6676,34,0,10
12515,47,6677,34,0,6
12516,74,6678,34,1,1
12517,62,6679,34,1,1
12518,74,6679,34,1,0
12519,36,6680,34,0,27
12520,94,6680,34,0,10
12521,20,6680,34,0,23
12522,32,6680,34,1,-1
12523,100,6681,34,1,1
12524,90,6682,34,1,-1
12525,47,6683,34,1,6
12526,79,6683,34,1,3
12527,12,6683,34,1,-1
12528,62,6684,34,1,-2
12529,54,6685,34,1,-1
12530,61,6686,34,1,6
12531,37,6686,34,0,28
12532,56,6686,34,1,4
12533,6,6687,34,1,-2
12534,100,6687,34,1,3
12535,58,6688,34,1,4
12536,74,6688,34,0,29
12537,38,6689,34,0,15
12538,84,6690,34,1,-1
12539,91,6691,34,0,20
12540,57,6691,34,1,3
12541,18,6692,34,1,5
12542,16,6692,34,1,3
12543,53,6693,34,1,6
12544,97,6693,34,1,4
12545,66,6693,34,1,1
12546,30,6693,34,1,1
12547,8,6694,34,0,21
12548,56,6694,34,1,3
12549,42,6695,34,1,-1
12550,15,6695,34,0,13
12551,30,6696,34,1,-1
12552,100,6697,34,1,3
12553,96,6698,34,0,13
12554,84,6698,34,1,7
12555,17,6699,34,0,25
12556,20,6699,34,1,7
12557,97,6699,34,0,29
12558,54,6699,34,1,0
12559,72,6700,34,1,3
12560,36,6701,34,0,8
12561,95,6702,34,1,4
12562,68,6702,34,1,6
12563,82,6703,34,1,-2
12564,4,6703,34,1,1
12565,1,6704,34,0,17
12566,54,6705,34,0,17
12567,99,6706,34,0,15
12568,47,6706,34,0,6
12569,53,6707,34,1,4
12570,72,6707,34,1,1
12571,12,6707,34,0,24
12572,5,6708,34,1,3
12573,25,6709,34,0,16
12574,72,6709,34,1,7
12575,71,6710,34,1,0
12576,90,6711,34,1,2
12577,94,6712,34,1,-2
12578,100,6712,34,1,3
12579,27,6713,34,1,0
12580,99,6714,34,1,3
12581,84,6714,34,0,24
12582,3,6714,34,1,4
12583,67,6715,34,0,12
12584,4,6715,34,1,5
12585,96,6716,34,0,25
12586,95,6716,34,1,-1
12587,39,6717,34,1,0
12588,72,6717,34,1,-1
12589,43,6718,34,1,2
12590,84,6719,34,1,3
12591,50,6719,34,1,3
12592,71,6720,34,0,19
12593,34,6720,34,1,1
12594,70,6720,34,0,22
12595,5,6720,34,1,1
12596,9,6721,34,0,9
12597,51,6722,34,1,5
12598,64,6722,34,1,7
12599,29,6722,34,1,0
12600,57,6722,34,1,5
12601,5,6723,34,1,1
12602,27,6724,34,0,12
12603,19,6724,34,1,5
12604,53,6724,34,1,7
12605,42,6725,34,0,12
12606,20,6725,34,1,7
12607,86,6726,34,1,3
12608,63,6726,34,0,17
12609,44,6727,34,1,-1
12610,30,6727,34,1,4
12611,33,6727,34,0,30
12612,70,6728,34,0,29
12613,90,6728,34,1,1
12614,11,6728,34,1,1
12615,18,6728,34,1,7
12616,25,6729,34,0,3
12617,87,6730,34,0,14
12618,76,6730,34,0,18
12619,55,6731,34,0,6
12620,60,6732,34,1,5
12621,48,6732,34,1,5
12622,82,6732,34,1,7
12623,97,6733,34,0,18
12624,58,6733,34,1,6
12625,8,6733,34,1,0
12626,77,6734,34,1,5
12627,78,6734,34,0,19
12628,62,6735,34,0,9
12629,64,6736,34,1,1
12630,88,6737,34,1,7
12631,18,6737,34,0,17
12632,22,6738,34,0,20
12633,99,6738,34,0,22
12634,42,6739,34,1,-1
12635,24,6739,34,1,7
12636,82,6739,34,1,6
12637,17,6740,34,1,-3
12638,62,6741,34,1,4
12639,1,6741,34,1,5
12640,1,6742,34,1,0
12641,6,6742,34,1,6
12642,1,6743,34,1,3
12643,25,6744,34,1,4
12644,39,6744,34,1,7
12645,13,6745,34,1,-1
12646,24,6746,34,1,5
12647,65,6746,34,0,21
12648,2,6746,34,1,6
12649,60,6747,34,0,15
12650,15,6748,34,1,-2
12651,89,6749,34,1,0
12652,6,6750,34,0,10
12653,64,6750,34,1,6
12654,4,6750,34,0,15
12655,24,6750,34,1,7
12656,17,6751,34,1,2
12657,24,6751,34,1,4
12658,42,6752,34,1,6
12659,64,6752,34,0,25
12660,29,6753,34,0,21
12661,2,6753,34,1,7
12662,59,6754,34,0,17
12663,82,6755,34,1,0
12664,84,6755,34,1,1
12665,93,6755,34,0,20
12666,3,6756,34,0,12
12667,57,6756,34,0,13
12668,86,6757,34,1,-1
12669,87,6758,34,1,0
12670,17,6758,34,1,4
12671,11,6759,34,1,1
12672,72,6759,34,1,-1
12673,17,6759,34,1,0
12674,25,6760,34,1,1
12675,65,6761,34,1,-2
12676,52,6761,34,1,4
12677,95,6762,34,0,21
12678,88,6762,34,1,2
12679,62,6763,34,1,-2
12680,10,6764,34,0,7
12681,15,6764,34,1,4
12682,1,6765,34,1,2
12683,79,6766,34,0,18
12684,8,6766,34,1,-1
12685,40,6767,34,1,3
12686,32,6767,34,0,19
12687,31,6768,34,0,10
12688,51,6768,34,1,2
12689,14,6769,34,1,-2
12690,5,6769,34,1,0
12691,86,6770,34,1,7
12692,71,6770,34,0,29
12693,28,6771,34,1,3
12694,59,6772,34,1,3
12695,36,6772,34,0,7
12696,30,6773,34,1,5
12697,83,6773,34,1,3
12698,8,6774,34,0,14
12699,42,6774,34,1,7
12700,25,6774,34,0,19
12701,68,6774,34,0,29
12702,70,6775,34,1,6
12703,6,6775,34,1,1
12704,48,6775,34,1,-1
12705,92,6776,34,0,10
12706,12,6776,34,0,22
12707,54,6777,34,1,-1
12708,35,6778,34,0,4
12709,95,6779,34,1,2
12710,78,6780,34,0,15
12711,25,6780,34,0,10
12712,11,6781,34,1,3
12713,95,6782,34,0,6
12714,93,6783,34,1,4
12715,2,6783,34,1,2
12716,27,6784,34,1,3
12717,90,6784,34,1,0
12718,51,6784,34,1,-1
12719,32,6784,34,0,15
12720,46,6785,34,1,5
12721,47,6785,34,0,24
12722,64,6786,34,1,5
12723,99,6787,34,1,-2
12724,78,6788,34,1,2
12725,69,6788,34,1,0
12726,30,6789,34,1,0
12727,82,6790,34,1,-1
12728,75,6790,34,1,2
12729,13,6791,34,1,-2
12730,53,6791,34,1,2
12731,7,6792,34,1,1
12732,90,6792,34,0,18
12733,67,6793,34,0,12
12734,62,6794,34,1,7
12735,74,6794,34,1,5
12736,96,6794,34,0,21
12737,66,6795,34,1,3
12738,82,6796,34,1,5
12739,27,6796,34,1,6
12740,72,6797,34,1,4
12741,50,6797,34,0,11
12742,81,6798,34,1,2
12743,5,6798,34,1,0
12744,68,6799,34,0,28
12745,67,6799,34,0,26
12746,1,6800,34,1,3
12747,47,6801,35,1,0
12748,4,6801,35,1,3
12749,33,6802,35,0,16
12750,80,6803,35,0,7
12751,64,6803,35,1,-1
12752,85,6804,35,1,2
12753,61,6804,35,0,11
12754,3,6804,35,1,4
12755,54,6804,35,1,5
12756,69,6805,35,0,14
12757,5,6806,35,0,10
12758,85,6806,35,1,5
12759,39,6807,35,1,0
12760,31,6807,35,0,30
12761,2,6807,35,1,-1
12762,75,6808,35,0,15
12763,23,6809,35,0,10
12764,52,6810,35,1,0
12765,71,6810,35,1,2
12766,42,6810,35,1,5
12767,10,6810,35,1,7
12768,33,6811,35,1,4
12769,38,6811,35,0,23
12770,83,6811,35,1,6
12771,15,6812,35,1,6
12772,40,6812,35,1,3
12773,90,6812,35,1,6
12774,43,6813,35,1,-2
12775,74,6813,35,1,4
12776,12,6814,35,0,10
12777,96,6814,35,1,1
12778,2,6815,35,1,1
12779,33,6816,35,1,1
12780,77,6817,35,0,23
12781,41,6817,35,1,4
12782,56,6817,35,0,30
12783,14,6818,35,1,0
12784,36,6819,35,1,-2
12785,56,6820,35,1,7
12786,57,6820,35,0,11
12787,35,6820,35,1,0
12788,15,6821,35,0,25
12789,18,6821,35,0,23
12790,6,6821,35,1,1
12791,6,6822,35,1,2
12792,91,6823,35,1,5
12793,41,6824,35,1,0
12794,87,6825,35,1,2
12795,81,6826,35,0,20
12796,82,6826,35,0,23
12797,38,6827,35,0,26
12798,94,6827,35,0,28
12799,7,6827,35,1,5
12800,61,6827,35,1,-1
12801,84,6828,35,1,2
12802,40,6829,35,1,4
12803,21,6829,35,1,0
12804,80,6830,35,1,3
12805,4,6830,35,1,7
12806,8,6830,35,0,11
12807,63,6831,35,0,18
12808,17,6831,35,0,14
12809,37,6832,35,1,4
12810,11,6832,35,1,5
12811,44,6833,35,1,3
12812,57,6834,35,1,-1
12813,100,6835,35,1,-2
12814,63,6836,35,0,6
12815,79,6837,35,0,7
12816,54,6838,35,1,-3
12817,54,6839,35,0,6
12818,61,6840,35,1,-3
12819,29,6841,35,1,7
12820,95,6841,35,1,5
12821,77,6841,35,1,0
12822,85,6842,35,1,1
12823,59,6842,35,0,27
12824,31,6843,35,1,1
12825,25,6844,35,1,-2
12826,14,6844,35,1,-1
12827,43,6845,35,1,0
12828,24,6846,35,1,1
12829,11,6847,35,0,10
12830,62,6848,35,1,-3
12831,29,6849,35,1,1
12832,42,6849,35,0,23
12833,13,6850,35,1,3
12834,79,6850,35,1,1
12835,83,6851,35,0,26
12836,6,6851,35,1,6
12837,37,6851,35,1,2
12838,35,6852,35,0,15
12839,86,6852,35,1,-2
12840,79,6853,35,0,18
12841,92,6853,35,1,-1
12842,18,6854,35,1,3
12843,33,6855,35,0,12
12844,23,6856,35,0,6
12845,87,6856,35,1,2
12846,15,6857,35,0,15
12847,78,6857,35,1,-1
12848,20,6857,35,1,5
12849,22,6857,35,1,-1
12850,31,6858,35,1,0
12851,98,6859,35,1,-1
12852,15,6860,35,1,5
12853,98,6860,35,0,7
12854,100,6861,35,1,-2
12855,85,6862,35,1,7
12856,36,6862,35,0,24
12857,63,6863,35,1,-2
12858,37,6864,35,1,4
12859,74,6865,35,0,18
12860,31,6865,35,1,5
12861,64,6866,35,0,18
12862,67,6867,35,1,-1
12863,25,6868,35,0,12
12864,46,6868,35,1,5
12865,98,6869,35,0,12
12866,47,6870,35,0,17
12867,92,6870,35,0,25
12868,15,6870,35,0,21
12869,83,6871,35,1,3
12870,27,6872,35,0,26
12871,24,6872,35,1,1
12872,40,6872,35,0,18
12873,92,6873,35,1,0
12874,31,6874,35,1,3
12875,31,6875,35,0,10
12876,35,6876,35,1,0
12877,22,6877,35,0,6
12878,6,6878,35,1,0
12879,57,6879,35,1,-2
12880,38,6880,35,1,3
12881,26,6881,35,0,12
12882,59,6881,35,0,13
12883,19,6881,35,0,17
12884,64,6882,35,1,7
12885,37,6882,35,0,10
12886,91,6882,35,1,6
12887,95,6883,35,1,-2
12888,27,6884,35,1,0
12889,21,6884,35,0,28
12890,96,6884,35,0,10
12891,75,6885,35,1,2
12892,60,6885,35,1,3
12893,80,6885,35,1,6
12894,66,6885,35,0,28
12895,70,6886,35,1,4
12896,58,6887,35,1,-1
12897,6,6888,35,1,0
12898,96,6889,35,0,16
12899,61,6889,35,0,6
12900,60,6890,35,1,3
12901,63,6890,35,1,5
12902,52,6890,35,1,-1
12903,47,6890,35,0,22
12904,51,6891,35,1,3
12905,63,6892,35,1,-1
12906,43,6893,35,1,0
12907,78,6894,35,1,2
12908,58,6895,35,1,3
12909,74,6895,35,1,5
12910,91,6895,35,0,24
12911,52,6896,35,1,2
12912,1,6897,35,1,2
12913,25,6898,35,1,3
12914,2,6898,35,1,5
12915,31,6898,35,1,5
12916,67,6898,35,0,27
12917,84,6899,35,1,4
12918,68,6899,35,0,11
12919,63,6899,35,1,3
12920,27,6900,35,1,3
12921,97,6900,35,1,1
12922,84,6900,35,0,22
12923,21,6901,35,1,-2
12924,25,6902,35,0,10
12925,74,6902,35,0,19
12926,38,6902,35,1,0
12927,50,6902,35,0,12
12928,16,6903,35,1,-1
12929,83,6903,35,1,6
12930,22,6903,35,1,5
12931,81,6903,35,1,7
12932,86,6904,35,1,1
12933,71,6905,35,0,13
12934,74,6905,35,0,16
12935,81,6906,35,1,6
12936,77,6906,35,0,22
12937,20,6906,35,0,29
12938,56,6907,35,1,2
12939,30,6908,35,1,4
12940,18,6908,35,1,5
12941,65,6909,35,1,5
12942,47,6910,35,1,3
12943,54,6910,35,1,1
12944,82,6910,35,1,3
12945,8,6911,35,0,22
12946,93,6911,35,0,13
12947,47,6911,35,1,5
12948,29,6911,35,1,3
12949,79,6912,35,0,15
12950,57,6912,35,1,-2
12951,26,6913,35,1,-1
12952,16,6913,35,0,10
12953,39,6914,35,1,3
12954,69,6914,35,1,3
12955,95,6915,35,1,5
12956,98,6915,35,1,2
12957,70,6916,35,1,4
12958,91,6917,35,1,1
12959,33,6917,35,1,3
12960,24,6918,35,0,9
12961,96,6918,35,0,20
12962,43,6919,35,1,7
12963,33,6919,35,0,10
12964,32,6920,35,1,1
12965,21,6921,35,1,7
12966,80,6921,35,0,24
12967,15,6921,35,1,6
12968,27,6922,35,1,1
12969,54,6923,35,1,5
12970,5,6923,35,0,20
12971,96,6924,35,1,4
12972,34,6924,35,1,-1
12973,97,6925,35,0,8
12974,99,6925,35,1,5
12975,82,6926,35,1,2
12976,25,6926,35,0,22
12977,22,6926,35,1,7
12978,1,6927,35,1,5
12979,84,6927,35,1,7
12980,5,6928,35,1,4
12981,81,6929,35,0,20
12982,50,6929,35,1,3
12983,89,6930,35,1,4
12984,53,6930,35,1,1
12985,72,6931,35,0,30
12986,24,6931,35,1,0
12987,41,6932,35,0,12
12988,39,6933,35,1,-2
12989,55,6934,35,1,4
12990,16,6934,35,1,4
12991,62,6934,35,1,5
12992,70,6934,35,1,-1
12993,10,6935,35,1,-2
12994,43,6936,35,1,2
12995,58,6936,35,1,2
12996,96,6937,35,1,1
12997,22,6937,35,1,7
12998,40,6937,35,0,23
12999,47,6937,35,0,12
13000,24,6938,35,0,19
13001,72,6938,35,1,1
13002,84,6939,35,1,2
13003,73,6939,35,0,6
13004,17,6940,35,1,3
13005,60,6941,35,1,4
13006,20,6942,35,0,21
13007,87,6942,35,1,5
13008,67,6942,35,1,-1
13009,53,6942,35,1,7
13010,59,6943,35,0,13
13011,10,6944,35,1,5
13012,100,6944,35,1,4
13013,56,6944,35,1,0
13014,22,6944,35,1,-1
13015,52,6945,35,1,4
13016,24,6946,35,1,-2
13017,56,6947,35,0,26
13018,80,6947,35,0,26
13019,78,6948,35,1,-1
13020,81,6949,35,0,18
13021,99,6949,35,0,20
13022,23,6949,35,0,23
13023,51,6950,35,1,2
13024,79,6951,35,1,-1
13025,60,6951,35,0,9
13026,99,6952,35,0,18
13027,45,6952,35,1,-1
13028,53,6953,35,1,3
13029,54,6953,35,0,26
13030,67,6954,35,1,3
13031,86,6954,35,1,4
13032,76,6954,35,0,20
13033,77,6954,35,0,23
13034,20,6955,35,0,30
13035,19,6955,35,1,0
13036,46,6955,35,0,21
13037,37,6956,35,1,2
13038,22,6957,35,1,3
13039,77,6957,35,1,2
13040,11,6957,35,1,3
13041,82,6958,35,1,-2
13042,57,6959,35,1,2
13043,4,6959,35,1,4
13044,23,6959,35,0,11
13045,85,6960,35,1,-1
13046,33,6960,35,0,17
13047,68,6960,35,0,30
13048,54,6960,35,1,2
13049,50,6961,35,1,-2
13050,38,6961,35,1,3
13051,10,6962,35,0,12
13052,7,6962,35,0,20
13053,19,6963,35,0,24
13054,73,6963,35,1,2
13055,57,6963,35,0,17
13056,91,6964,35,1,3
13057,55,6965,35,1,3
13058,9,6966,35,0,27
13059,3,6966,35,0,15
13060,33,6967,35,0,26
13061,76,6967,35,1,6
13062,51,6967,35,0,10
13063,37,6967,35,0,12
13064,51,6968,35,0,15
13065,80,6968,35,0,16
13066,79,6969,35,1,6
13067,57,6969,35,0,20
13068,35,6969,35,0,15
13069,35,6970,35,1,0
13070,9,6971,35,1,7
13071,12,6971,35,0,26
13072,5,6971,35,1,7
13073,22,6972,35,1,1
13074,78,6972,35,1,4
13075,49,6972,35,1,1
13076,5,6973,35,1,1
13077,87,6974,35,0,7
13078,2,6975,35,1,2
13079,39,6976,35,1,3
13080,99,6976,35,0,18
13081,25,6976,35,1,6
13082,23,6976,35,1,0
13083,12,6977,35,1,-2
13084,6,6977,35,1,0
13085,5,6978,35,1,0
13086,77,6979,35,1,-1
13087,46,6980,35,1,2
13088,30,6981,35,1,4
13089,90,6982,35,1,0
13090,29,6983,35,1,1
13091,66,6983,35,0,23
13092,56,6984,35,0,3
13093,19,6985,35,0,18
13094,13,6985,35,1,-2
13095,30,6986,35,0,15
13096,60,6986,35,1,1
13097,84,6987,35,0,22
13098,6,6987,35,0,18
13099,88,6987,35,1,-1
13100,47,6987,35,1,-1
13101,57,6988,35,1,3
13102,59,6989,35,1,0
13103,21,6990,35,1,3
13104,96,6990,35,0,25
13105,58,6991,35,1,6
13106,43,6991,35,1,2
13107,90,6992,35,1,0
13108,4,6992,35,1,-1
13109,23,6992,35,1,1
13110,2,6993,35,1,-2
13111,9,6993,35,0,16
13112,14,6994,35,1,6
13113,78,6994,35,1,5
13114,48,6995,35,1,-1
13115,28,6995,35,0,17
13116,74,6995,35,1,6
13117,86,6996,35,1,1
13118,82,6997,35,0,7
13119,50,6997,35,0,6
13120,73,6998,35,1,1
13121,67,6998,35,1,5
13122,80,6999,35,1,1
13123,61,6999,35,1,-2
13124,68,7000,35,1,1
13125,93,7001,36,1,6
13126,80,7001,36,0,10
13127,79,7002,36,1,3
13128,51,7002,36,0,16
13129,73,7003,36,0,16
13130,27,7003,36,1,4
13131,9,7003,36,1,6
13132,64,7003,36,1,1
13133,50,7004,36,1,-3
13134,80,7005,36,0,11
13135,4,7006,36,1,-2
13136,95,7007,36,0,18
13137,61,7007,36,0,30
13138,83,7007,36,0,10
13139,40,7007,36,0,26
13140,81,7008,36,1,3
13141,20,7008,36,1,2
13142,81,7009,36,0,24
13143,19,7009,36,1,1
13144,51,7010,36,1,4
13145,1,7011,36,1,5
13146,80,7011,36,0,20
13147,32,7012,36,1,5
13148,58,7012,36,1,6
13149,7,7012,36,1,-1
13150,1,7013,36,1,4
13151,79,7014,36,1,0
13152,62,7015,36,0,19
13153,14,7015,36,1,4
13154,97,7015,36,1,6
13155,44,7015,36,1,1
13156,48,7016,36,1,4
13157,53,7017,36,0,17
13158,100,7017,36,0,28
13159,74,7017,36,1,5
13160,86,7018,36,1,1
13161,49,7018,36,1,-2
13162,15,7019,36,1,-3
13163,54,7020,36,0,12
13164,4,7020,36,1,0
13165,6,7020,36,1,5
13166,70,7020,36,1,2
13167,22,7021,36,1,-1
13168,76,7022,36,1,4
13169,15,7023,36,1,4
13170,100,7023,36,0,30
13171,32,7024,36,1,-1
13172,40,7024,36,1,7
13173,37,7024,36,0,26
13174,15,7024,36,1,5
13175,59,7025,36,1,1
13176,84,7026,36,1,3
13177,28,7027,36,0,10
13178,44,7027,36,1,1
13179,21,7028,36,1,5
13180,27,7029,36,1,1
13181,52,7029,36,1,3
13182,83,7029,36,1,5
13183,39,7030,36,1,3
13184,69,7031,36,1,2
13185,2,7031,36,1,0
13186,80,7032,36,1,2
13187,14,7032,36,1,-2
13188,89,7033,36,1,1
13189,40,7033,36,1,-1
13190,70,7033,36,0,21
13191,42,7034,36,1,2
13192,58,7034,36,1,1
13193,75,7035,36,0,27
13194,64,7035,36,0,22
13195,32,7036,36,0,18
13196,1,7036,36,1,6
13197,44,7036,36,0,15
13198,95,7036,36,0,14
13199,57,7037,36,1,3
13200,19,7038,36,1,3
13201,91,7038,36,1,-1
13202,34,7039,36,1,2
13203,52,7040,36,1,-3
13204,57,7041,36,0,3
13205,23,7042,36,1,0
13206,6,7043,36,1,-2
13207,90,7044,36,1,2
13208,82,7045,36,1,5
13209,33,7045,36,1,7
13210,27,7046,36,1,1
13211,93,7046,36,1,4
13212,80,7046,36,1,7
13213,4,7046,36,0,22
13214,33,7047,36,0,10
13215,76,7047,36,1,4
13216,54,7048,36,1,0
13217,65,7048,36,1,0
13218,49,7048,36,1,6
13219,52,7049,36,0,16
13220,63,7049,36,1,1
13221,67,7050,36,1,-2
13222,56,7050,36,1,0
13223,12,7051,36,1,5
13224,87,7052,36,1,-1
13225,12,7052,36,0,13
13226,30,7052,36,0,19
13227,45,7053,36,0,6
13228,7,7054,36,1,1
13229,98,7054,36,1,-1
13230,76,7054,36,0,18
13231,96,7054,36,0,29
13232,88,7055,36,1,2
13233,15,7055,36,1,3
13234,63,7055,36,1,5
13235,43,7056,36,1,0
13236,96,7056,36,1,4
13237,48,7057,36,1,0
13238,1,7058,36,1,-2
13239,10,7059,36,1,1
13240,37,7060,36,1,-2
13241,7,7060,36,0,11
13242,72,7061,36,0,19
13243,23,7061,36,1,5
13244,54,7062,36,0,6
13245,27,7062,36,0,9
13246,12,7063,36,1,-1
13247,88,7064,36,1,2
13248,5,7065,36,1,3
13249,72,7066,36,1,-1
13250,87,7066,36,1,-1
13251,24,7067,36,0,4
13252,96,7068,36,1,0
13253,11,7068,36,1,0
13254,4,7069,36,1,0
13255,80,7069,36,0,12
13256,80,7070,36,1,2
13257,16,7071,36,0,30
13258,60,7071,36,0,25
13259,85,7071,36,0,18
13260,54,7072,36,0,17
13261,7,7072,36,0,21
13262,95,7072,36,1,7
13263,70,7073,36,1,3
13264,92,7073,36,1,2
13265,69,7073,36,0,29
13266,28,7074,36,1,4
13267,59,7074,36,0,27
13268,76,7075,36,1,2
13269,54,7076,36,0,15
13270,50,7076,36,1,-2
13271,74,7077,36,0,10
13272,67,7077,36,1,5
13273,95,7078,36,0,26
13274,23,7078,36,1,0
13275,3,7078,36,1,3
13276,16,7079,36,0,7
13277,17,7079,36,1,0
13278,52,7080,36,0,28
13279,79,7080,36,1,-1
13280,82,7080,36,1,1
13281,82,7081,36,0,12
13282,80,7082,36,0,15
13283,2,7082,36,0,11
13284,59,7083,36,0,7
13285,16,7083,36,0,13
13286,9,7084,36,1,3
13287,34,7085,36,1,0
13288,100,7086,36,0,30
13289,88,7086,36,1,-1
13290,49,7087,36,1,-2
13291,34,7087,36,1,3
13292,8,7088,36,1,0
13293,21,7088,36,1,0
13294,19,7089,36,1,2
13295,41,7090,36,1,4
13296,29,7090,36,1,-1
13297,27,7091,36,1,3
13298,80,7091,36,1,-1
13299,45,7092,36,1,0
13300,78,7093,36,1,6
13301,62,7093,36,1,-1
13302,1,7093,36,0,27
13303,97,7094,36,1,-2
13304,88,7095,36,1,3
13305,31,7096,36,1,2
13306,85,7097,36,1,-1
13307,48,7097,36,1,2
13308,76,7098,36,1,2
13309,43,7099,36,1,5
13310,72,7100,36,1,4
13311,31,7100,36,0,18
13312,81,7101,36,1,3
13313,37,7101,36,0,11
13314,7,7102,36,1,3
13315,5,7102,36,0,20
13316,2,7103,36,0,10
13317,90,7103,36,0,14
13318,38,7104,36,1,0
13319,90,7104,36,1,-1
13320,76,7104,36,1,4
13321,14,7105,36,1,1
13322,13,7106,36,1,1
13323,20,7107,36,0,14
13324,38,7108,36,1,-1
13325,12,7109,36,1,2
13326,18,7109,36,1,5
13327,60,7109,36,1,4
13328,59,7110,36,1,2
13329,79,7110,36,1,6
13330,91,7110,36,1,4
13331,25,7111,36,0,13
13332,52,7111,36,0,17
13333,4,7111,36,0,30
13334,12,7112,36,1,5
13335,69,7113,36,1,5
13336,18,7113,36,1,6
13337,7,7113,36,1,2
13338,1,7113,36,1,3
13339,94,7114,36,0,15
13340,76,7114,36,1,-1
13341,98,7115,36,1,5
13342,27,7115,36,1,1
13343,94,7116,36,1,0
13344,60,7117,36,1,1
13345,18,7118,36,0,26
13346,65,7118,36,1,6
13347,60,7118,36,1,4
13348,24,7119,36,1,4
13349,11,7119,36,1,0
13350,42,7119,36,0,24
13351,29,7120,36,1,3
13352,100,7120,36,1,-1
13353,90,7121,36,0,25
13354,78,7121,36,1,1
13355,100,7122,36,0,20
13356,33,7122,36,1,3
13357,94,7123,36,1,0
13358,21,7123,36,0,23
13359,39,7123,36,0,17
13360,6,7124,36,1,1
13361,6,7125,36,1,3
13362,67,7126,36,1,3
13363,38,7126,36,1,1
13364,56,7126,36,1,4
13365,18,7127,36,0,10
13366,62,7127,36,1,5
13367,21,7128,36,1,6
13368,88,7128,36,0,18
13369,52,7129,36,1,2
13370,75,7129,36,1,-1
13371,41,7129,36,0,14
13372,21,7129,36,1,6
13373,80,7130,36,1,-1
13374,77,7131,36,0,18
13375,74,7132,36,1,1
13376,32,7132,36,1,4
13377,48,7133,36,0,22
13378,93,7133,36,0,16
13379,10,7134,36,1,4
13380,91,7135,36,1,1
13381,80,7135,36,1,0
13382,87,7135,36,1,0
13383,41,7136,36,0,6
13384,59,7137,36,1,1
13385,15,7137,36,1,3
13386,28,7138,36,0,18
13387,80,7139,36,0,14
13388,24,7139,36,1,2
13389,5,7139,36,1,6
13390,68,7140,36,1,4
13391,18,7140,36,1,2
13392,14,7141,36,0,7
13393,98,7142,36,1,3
13394,24,7142,36,1,0
13395,83,7143,36,0,26
13396,4,7143,36,1,4
13397,16,7143,36,1,2
13398,73,7144,36,0,17
13399,70,7144,36,1,7
13400,6,7145,36,1,1
13401,9,7146,36,1,5
13402,42,7147,36,0,11
13403,89,7147,36,1,4
13404,28,7148,36,0,26
13405,93,7148,36,1,1
13406,71,7148,36,1,5
13407,51,7149,36,1,2
13408,75,7150,36,0,20
13409,2,7150,36,1,5
13410,72,7150,36,0,22
13411,48,7151,36,1,-2
13412,48,7152,36,0,13
13413,84,7152,36,0,17
13414,22,7153,36,1,-2
13415,31,7153,36,1,-2
13416,14,7154,36,1,-3
13417,84,7155,36,1,0
13418,78,7155,36,0,17
13419,82,7155,36,1,2
13420,16,7156,36,1,3
13421,36,7156,36,0,14
13422,96,7157,36,1,1
13423,23,7157,36,0,13
13424,64,7157,36,1,1
13425,21,7157,36,0,20
13426,30,7158,36,1,0
13427,40,7159,36,1,-2
13428,44,7160,36,1,2
13429,36,7161,36,1,-2
13430,7,7162,36,1,0
13431,33,7163,36,0,25
13432,6,7163,36,1,2
13433,62,7164,36,0,13
13434,42,7164,36,0,25
13435,98,7165,36,1,-1
13436,39,7166,36,1,7
13437,61,7166,36,1,6
13438,50,7166,36,1,4
13439,62,7166,36,1,0
13440,1,7167,36,1,-2
13441,27,7167,36,0,15
13442,33,7168,36,1,1
13443,84,7168,36,1,2
13444,20,7169,36,0,13
13445,52,7169,36,1,0
13446,42,7170,36,0,18
13447,25,7171,36,1,7
13448,22,7171,36,1,6
13449,27,7172,36,1,2
13450,28,7172,36,0,9
13451,23,7173,36,1,1
13452,45,7173,36,0,17
13453,24,7173,36,1,0
13454,25,7173,36,1,4
13455,25,7174,36,1,-1
13456,2,7175,36,0,28
13457,72,7175,36,1,3
13458,54,7175,36,0,11
13459,13,7176,36,1,1
13460,99,7176,36,1,1
13461,47,7176,36,1,4
13462,24,7176,36,0,22
13463,18,7177,36,1,2
13464,60,7177,36,0,30
13465,57,7177,36,1,3
13466,38,7178,36,1,1
13467,88,7179,36,1,3
13468,88,7180,36,0,8
13469,49,7181,36,0,9
13470,68,7181,36,0,13
13471,77,7182,36,0,8
13472,12,7183,36,1,-2
13473,80,7183,36,1,-2
13474,46,7184,36,0,8
13475,56,7185,36,1,4
13476,54,7185,36,0,25
13477,79,7185,36,1,1
13478,12,7186,36,1,0
13479,1,7186,36,0,29
13480,76,7186,36,0,26
13481,79,7187,36,1,0
13482,92,7187,36,1,2
13483,97,7187,36,1,5
13484,26,7187,36,0,11
13485,51,7188,36,1,-1
13486,9,7188,36,0,20
13487,28,7188,36,0,21
13488,100,7189,36,0,7
13489,18,7189,36,0,17
13490,82,7190,36,1,4
13491,78,7190,36,1,2
13492,98,7191,36,1,2
13493,79,7192,36,1,2
13494,58,7193,36,0,6
13495,84,7193,36,0,15
13496,64,7194,36,1,-2
13497,80,7195,36,0,5
13498,70,7196,36,1,0
13499,69,7196,36,1,3
13500,42,7197,36,0,30
13501,43,7197,36,1,2
13502,14,7198,36,1,1
13503,74,7199,36,1,3
13504,40,7200,36,1,3
13505,21,7200,36,1,4
13506,80,7201,37,0,3
13507,71,7202,37,0,7
13508,56,7202,37,0,8
13509,73,7203,37,1,4
13510,70,7204,37,1,5
13511,66,7204,37,1,5
13512,38,7205,37,1,2
13513,94,7205,37,1,-1
13514,55,7206,37,1,-1
13515,19,7207,37,1,-1
13516,47,7207,37,1,3
13517,57,7207,37,0,13
13518,3,7208,37,1,-2
13519,39,7209,37,1,-2
13520,8,7210,37,1,-3
13521,16,7211,37,0,17
13522,60,7212,37,0,10
13523,15,7212,37,1,1
13524,1,7213,37,1,-1
13525,46,7214,37,1,-2
13526,12,7215,37,1,2
13527,53,7216,37,0,16
13528,80,7216,37,1,7
13529,2,7216,37,1,7
13530,10,7216,37,1,5
13531,37,7217,37,1,3
13532,5,7218,37,1,-1
13533,6,7218,37,1,-2
13534,21,7219,37,1,1
13535,42,7219,37,1,2
13536,85,7219,37,0,13
13537,52,7220,37,0,23
13538,19,7220,37,1,6
13539,4,7221,37,1,2
13540,70,7221,37,1,4
13541,84,7222,37,0,6
13542,59,7223,37,0,10
13543,48,7224,37,1,-2
13544,43,7225,37,1,-3
13545,3,7226,37,1,-2
13546,99,7227,37,0,8
13547,4,7227,37,1,-2
13548,21,7228,37,0,28
13549,66,7228,37,1,2
13550,59,7228,37,0,23
13551,18,7229,37,1,1
13552,46,7230,37,1,-2
13553,64,7231,37,1,2
13554,17,7231,37,0,6
13555,93,7232,37,1,0
13556,76,7232,37,0,28
13557,23,7232,37,1,1
13558,28,7232,37,1,6
13559,21,7233,37,0,19
13560,50,7233,37,1,0
13561,76,7234,37,1,-2
13562,52,7235,37,1,4
13563,29,7236,37,1,4
13564,84,7237,37,0,12
13565,81,7237,37,1,0
13566,88,7237,37,0,15
13567,69,7238,37,1,2
13568,65,7238,37,1,4
13569,30,7239,37,0,16
13570,72,7240,37,1,7
13571,6,7240,37,0,14
13572,5,7241,37,1,4
13573,93,7241,37,1,2
13574,36,7242,37,0,13
13575,14,7243,37,1,4
13576,43,7243,37,1,4
13577,1,7244,37,0,8
13578,24,7244,37,1,3
13579,36,7245,37,0,12
13580,86,7245,37,1,4
13581,65,7246,37,0,10
13582,19,7246,37,0,29
13583,7,7246,37,1,1
13584,92,7246,37,0,25
13585,74,7247,37,1,-2
13586,64,7248,37,1,3
13587,59,7249,37,1,3
13588,88,7250,37,1,5
13589,77,7251,37,1,-2
13590,10,7252,37,1,-1
13591,14,7252,37,1,-1
13592,68,7252,37,1,1
13593,56,7253,37,0,12
13594,51,7254,37,1,3
13595,54,7254,37,1,0
13596,96,7254,37,0,19
13597,58,7254,37,1,1
13598,90,7255,37,1,1
13599,86,7255,37,1,-1
13600,28,7256,37,1,-3
13601,43,7257,37,1,5
13602,71,7257,37,1,3
13603,89,7257,37,0,17
13604,56,7257,37,1,0
13605,61,7258,37,1,6
13606,68,7258,37,1,4
13607,39,7258,37,1,-1
13608,61,7259,37,1,-1
13609,81,7260,37,1,1
13610,85,7260,37,0,29
13611,15,7260,37,1,7
13612,85,7261,37,1,1
13613,24,7262,37,1,4
13614,28,7262,37,0,13
13615,75,7263,37,0,12
13616,92,7263,37,1,2
13617,70,7263,37,1,6
13618,40,7263,37,1,1
13619,79,7264,37,1,5
13620,6,7265,37,0,3
13621,4,7266,37,1,2
13622,68,7266,37,0,10
13623,67,7267,37,0,10
13624,53,7267,37,1,-1
13625,13,7267,37,1,4
13626,100,7268,37,1,5
13627,58,7268,37,1,-1
13628,70,7268,37,1,5
13629,56,7269,37,0,15
13630,84,7270,37,1,4
13631,94,7271,37,1,0
13632,31,7271,37,0,13
13633,81,7272,37,1,3
13634,52,7272,37,1,-2
13635,86,7273,37,0,17
13636,100,7274,37,1,3
13637,63,7274,37,1,0
13638,42,7275,37,0,22
13639,20,7275,37,0,29
13640,86,7275,37,1,2
13641,3,7275,37,0,28
13642,41,7276,37,1,-1
13643,25,7276,37,1,7
13644,95,7276,37,1,6
13645,76,7277,37,1,2
13646,49,7278,37,1,-2
13647,50,7279,37,0,12
13648,80,7279,37,0,16
13649,94,7280,37,1,3
13650,36,7281,37,1,2
13651,47,7282,37,1,1
13652,21,7283,37,1,2
13653,38,7284,37,0,15
13654,3,7284,37,1,1
13655,80,7285,37,1,1
13656,44,7285,37,0,10
13657,88,7286,37,1,1
13658,7,7286,37,1,5
13659,46,7287,37,0,23
13660,61,7287,37,1,-1
13661,85,7287,37,1,5
13662,77,7288,37,0,14
13663,95,7288,37,1,2
13664,10,7289,37,1,0
13665,31,7290,37,0,11
13666,50,7290,37,0,19
13667,39,7290,37,1,4
13668,100,7290,37,1,2
13669,82,7291,37,1,5
13670,25,7291,37,0,10
13671,69,7291,37,1,3
13672,31,7291,37,1,7
13673,60,7292,37,1,1
13674,59,7293,37,0,8
13675,96,7293,37,1,1
13676,71,7294,37,1,-2
13677,2,7295,37,0,20
13678,98,7296,37,0,17
13679,93,7296,37,0,13
13680,93,7297,37,1,1
13681,55,7297,37,0,9
13682,8,7298,37,1,0
13683,13,7298,37,1,2
13684,51,7299,37,0,9
13685,13,7300,37,0,14
13686,21,7300,37,0,10
13687,32,7300,37,1,3
13688,52,7300,37,1,1
13689,27,7301,37,1,-1
13690,56,7301,37,1,5
13691,70,7302,37,1,-1
13692,64,7303,37,0,25
13693,77,7303,37,0,30
13694,28,7304,37,0,3
13695,48,7305,37,1,0
13696,98,7306,37,1,0
13697,25,7307,37,0,17
13698,20,7307,37,1,4
13699,10,7307,37,1,0
13700,73,7307,37,0,26
13701,77,7308,37,1,3
13702,64,7308,37,1,0
13703,95,7308,37,0,15
13704,14,7308,37,1,4
13705,74,7309,37,1,2
13706,6,7309,37,1,4
13707,76,7310,37,1,-1
13708,98,7311,37,1,0
13709,83,7311,37,1,1
13710,36,7312,37,1,7
13711,83,7312,37,1,7
13712,29,7312,37,1,6
13713,90,7312,37,1,3
13714,4,7313,37,1,0
13715,61,7314,37,1,1
13716,21,7314,37,1,1
13717,44,7314,37,0,23
13718,67,7314,37,1,5
13719,40,7315,37,1,5
13720,44,7315,37,0,11
13721,23,7316,37,0,11
13722,39,7317,37,1,7
13723,32,7317,37,1,2
13724,52,7317,37,1,4
13725,57,7318,37,1,0
13726,23,7319,37,0,16
13727,37,7319,37,1,2
13728,69,7320,37,1,5
13729,56,7321,37,0,10
13730,67,7321,37,1,7
13731,16,7321,37,0,24
13732,93,7321,37,1,1
13733,68,7322,37,1,3
13734,85,7323,37,1,2
13735,34,7324,37,0,11
13736,59,7325,37,1,3
13737,54,7325,37,1,1
13738,13,7325,37,0,28
13739,50,7326,37,1,3
13740,83,7326,37,0,15
13741,85,7326,37,1,-1
13742,23,7327,37,1,3
13743,88,7328,37,0,10
13744,16,7329,37,1,0
13745,89,7330,37,0,11
13746,57,7330,37,0,24
13747,96,7330,37,1,3
13748,37,7331,37,1,5
13749,33,7331,37,1,3
13750,38,7332,37,1,-1
13751,79,7333,37,1,0
13752,65,7333,37,1,2
13753,77,7334,37,0,10
13754,85,7335,37,1,2
13755,34,7335,37,0,28
13756,30,7335,37,0,13
13757,19,7335,37,1,5
13758,57,7336,37,1,7
13759,16,7336,37,0,28
13760,98,7336,37,1,5
13761,51,7336,37,0,22
13762,72,7337,37,1,1
13763,22,7338,37,1,1
13764,55,7339,37,1,4
13765,51,7339,37,1,5
13766,74,7340,37,1,2
13767,18,7341,37,1,4
13768,99,7341,37,0,15
13769,34,7341,37,1,4
13770,99,7342,37,0,3
13771,2,7343,37,0,17
13772,95,7343,37,1,3
13773,47,7343,37,1,3
13774,7,7343,37,1,0
13775,92,7344,37,1,-1
13776,40,7345,37,1,-1
13777,37,7345,37,0,19
13778,20,7346,37,1,-2
13779,27,7346,37,1,-2
13780,92,7347,37,0,12
13781,19,7348,37,0,19
13782,62,7348,37,1,7
13783,21,7348,37,1,5
13784,13,7348,37,1,1
13785,96,7349,37,0,11
13786,14,7350,37,0,17
13787,93,7351,37,0,4
13788,4,7352,37,0,24
13789,94,7352,37,1,0
13790,20,7353,37,0,24
13791,24,7353,37,1,2
13792,58,7354,37,1,1
13793,3,7354,37,1,2
13794,12,7355,37,1,4
13795,56,7355,37,1,5
13796,69,7356,37,0,9
13797,93,7357,37,1,5
13798,77,7357,37,1,3
13799,46,7357,37,0,19
13800,94,7357,37,0,28
13801,81,7358,37,1,1
13802,64,7358,37,0,24
13803,93,7358,37,0,28
13804,51,7359,37,1,3
13805,5,7360,37,0,10
13806,33,7360,37,1,0
13807,15,7361,37,1,2
13808,53,7361,37,0,16
13809,95,7362,37,0,13
13810,5,7362,37,1,0
13811,53,7363,37,1,0
13812,10,7363,37,1,-1
13813,23,7364,37,1,-1
13814,91,7364,37,1,-1
13815,40,7365,37,0,8
13816,85,7366,37,1,4
13817,100,7366,37,1,-2
13818,96,7367,37,1,-2
13819,31,7367,37,1,-2
13820,94,7368,37,0,23
13821,31,7368,37,0,12
13822,63,7369,37,0,10
13823,52,7369,37,1,1
13824,91,7370,37,1,1
13825,48,7371,37,1,3
13826,69,7372,37,1,0
13827,49,7373,37,0,7
13828,92,7373,37,1,-2
13829,14,7374,37,1,4
13830,88,7374,37,0,28
13831,16,7374,37,1,4
13832,47,7375,37,0,10
13833,100,7375,37,1,0
13834,43,7375,37,1,7
13835,2,7375,37,1,0
13836,99,7376,37,1,4
13837,2,7377,37,1,-2
13838,24,7378,37,1,3
13839,61,7379,37,1,0
13840,89,7379,37,1,4
13841,52,7380,37,1,1
13842,97,7381,37,1,0
13843,42,7381,37,0,11
13844,92,7382,37,1,-1
13845,99,7383,37,0,16
13846,80,7383,37,0,19
13847,28,7384,37,1,3
13848,78,7384,37,1,4
13849,100,7384,37,1,0
13850,42,7384,37,0,28
13851,28,7385,37,1,-1
13852,14,7386,37,0,20
13853,77,7387,37,1,2
13854,96,7387,37,1,0
13855,18,7387,37,0,17
13856,5,7388,37,1,-3
13857,64,7389,37,1,-2
13858,88,7389,37,1,3
13859,97,7390,37,1,3
13860,59,7391,37,1,2
13861,58,7391,37,0,14
13862,67,7391,37,1,-1
13863,100,7392,37,1,2
13864,96,7393,37,1,4
13865,66,7393,37,1,2
13866,80,7393,37,0,27
13867,97,7394,37,1,0
13868,41,7394,37,1,4
13869,66,7395,37,0,10
13870,14,7395,37,1,1
13871,72,7396,37,1,2
13872,79,7396,37,1,-1
13873,87,7396,37,1,4
13874,62,7397,37,0,4
13875,7,7398,37,1,5
13876,31,7398,37,1,-1
13877,47,7398,37,0,10
13878,54,7398,37,1,3
13879,56,7399,37,1,0
13880,28,7399,37,0,16
13881,43,7400,37,1,-3
13882,46,7401,38,1,3
13883,52,7402,38,0,28
13884,33,7402,38,1,4
13885,35,7403,38,1,0
13886,17,7403,38,0,16
13887,36,7404,38,0,14
13888,40,7404,38,1,-1
13889,81,7405,38,1,-2
13890,62,7406,38,1,-2
13891,19,7407,38,1,3
13892,46,7407,38,0,26
13893,21,7407,38,0,15
13894,36,7408,38,0,17
13895,35,7409,38,0,12
13896,30,7410,38,0,17
13897,79,7410,38,0,14
13898,16,7411,38,1,-2
13899,37,7412,38,1,-1
13900,43,7412,38,1,6
13901,58,7413,38,1,4
13902,97,7413,38,0,20
13903,49,7414,38,1,2
13904,47,7414,38,1,3
13905,33,7415,38,1,0
13906,44,7416,38,0,10
13907,50,7417,38,1,-1
13908,5,7418,38,1,4
13909,98,7418,38,1,3
13910,47,7418,38,1,0
13911,54,7418,38,1,2
13912,5,7419,38,1,0
13913,41,7420,38,0,13
13914,100,7420,38,0,21
13915,20,7421,38,0,8
13916,80,7422,38,0,17
13917,9,7422,38,0,11
13918,17,7423,38,1,3
13919,68,7424,38,0,5
13920,39,7425,38,1,-1
13921,100,7425,38,1,0
13922,22,7426,38,1,1
13923,40,7426,38,1,-1
13924,74,7426,38,1,-1
13925,57,7427,38,1,0
13926,60,7427,38,1,-1
13927,31,7428,38,1,-1
13928,67,7429,38,1,0
13929,71,7429,38,0,17
13930,56,7430,38,1,4
13931,36,7430,38,1,2
13932,22,7431,38,1,1
13933,52,7432,38,1,2
13934,73,7433,38,1,6
13935,77,7433,38,1,-1
13936,98,7433,38,0,21
13937,86,7434,38,1,6
13938,68,7434,38,0,10
13939,30,7435,38,1,5
13940,14,7435,38,1,5
13941,48,7436,38,1,0
13942,5,7436,38,1,4
13943,26,7437,38,1,-3
13944,9,7438,38,0,3
13945,54,7439,38,0,12
13946,66,7439,38,1,5
13947,77,7440,38,0,24
13948,39,7440,38,1,0
13949,31,7440,38,0,19
13950,11,7441,38,1,-1
13951,89,7441,38,1,1
13952,78,7441,38,1,6
13953,93,7442,38,1,2
13954,47,7442,38,1,1
13955,34,7442,38,1,7
13956,89,7442,38,0,12
13957,1,7443,38,1,5
13958,47,7443,38,1,6
13959,88,7443,38,0,19
13960,94,7443,38,0,23
13961,29,7444,38,1,3
13962,1,7444,38,1,-1
13963,76,7445,38,1,-1
13964,73,7445,38,1,6
13965,21,7446,38,0,8
13966,85,7447,38,1,-3
13967,98,7448,38,1,0
13968,11,7449,38,0,14
13969,75,7449,38,0,10
13970,29,7450,38,0,24
13971,59,7450,38,1,6
13972,66,7450,38,1,-1
13973,2,7451,38,1,6
13974,48,7451,38,1,3
13975,25,7451,38,1,-1
13976,33,7452,38,1,-1
13977,91,7453,38,0,29
13978,24,7453,38,0,22
13979,48,7453,38,1,-1
13980,33,7453,38,1,7
13981,76,7454,38,1,-1
13982,70,7454,38,1,0
13983,60,7455,38,0,10
13984,47,7456,38,0,26
13985,70,7456,38,1,4
13986,45,7456,38,1,6
13987,39,7457,38,1,-1
13988,56,7457,38,1,-1
13989,2,7458,38,0,19
13990,80,7459,38,0,10
13991,74,7460,38,1,-1
13992,70,7460,38,1,-1
13993,28,7460,38,1,6
13994,53,7461,38,1,1
13995,95,7461,38,0,6
13996,6,7462,38,1,1
13997,31,7462,38,0,28
13998,40,7462,38,1,1
13999,45,7462,38,1,7
14000,70,7463,38,1,-2
14001,15,7464,38,1,4
14002,57,7464,38,0,13
14003,9,7465,38,1,5
14004,40,7465,38,1,1
14005,27,7465,38,0,18
14006,3,7466,38,1,1
14007,31,7466,38,1,1
14008,16,7467,38,0,28
14009,94,7467,38,1,6
14010,24,7468,38,1,2
14011,82,7469,38,0,18
14012,65,7469,38,0,23
14013,11,7470,38,1,-2
14014,58,7471,38,1,1
14015,94,7472,38,1,1
14016,28,7472,38,1,-2
14017,3,7473,38,0,17
14018,60,7474,38,1,-1
14019,53,7475,38,1,4
14020,69,7475,38,0,14
14021,9,7475,38,1,3
14022,40,7476,38,1,-3
14023,5,7477,38,0,20
14024,10,7477,38,1,-2
14025,86,7478,38,1,5
14026,90,7478,38,0,14
14027,10,7478,38,1,1
14028,56,7479,38,1,5
14029,56,7480,38,0,13
14030,25,7481,38,1,4
14031,89,7481,38,1,3
14032,2,7481,38,0,16
14033,97,7482,38,1,-3
14034,36,7483,38,1,-1
14035,24,7484,38,0,8
14036,32,7484,38,1,5
14037,92,7485,38,0,11
14038,85,7486,38,1,2
14039,29,7486,38,1,4
14040,18,7487,38,1,0
14041,39,7488,38,0,16
14042,99,7488,38,1,7
14043,74,7488,38,1,0
14044,94,7488,38,0,12
14045,2,7489,38,0,26
14046,9,7489,38,1,1
14047,55,7489,38,1,6
14048,40,7489,38,1,-1
14049,43,7490,38,0,12
14050,24,7491,38,1,4
14051,56,7491,38,1,4
14052,75,7492,38,0,17
14053,24,7493,38,1,2
14054,71,7494,38,1,-1
14055,21,7495,38,1,-2
14056,85,7496,38,0,7
14057,5,7496,38,1,2
14058,7,7497,38,1,-2
14059,60,7497,38,0,10
14060,58,7498,38,1,4
14061,9,7499,38,1,-1
14062,7,7500,38,0,18
14063,34,7500,38,1,6
14064,85,7501,38,1,2
14065,91,7502,38,0,6
14066,27,7503,38,1,0
14067,97,7504,38,1,2
14068,41,7505,38,0,22
14069,52,7505,38,1,7
14070,69,7506,38,1,-2
14071,62,7506,38,0,20
14072,48,7507,38,1,0
14073,51,7508,38,1,-1
14074,28,7508,38,0,7
14075,3,7509,38,1,0
14076,21,7509,38,1,0
14077,19,7510,38,0,10
14078,88,7510,38,1,0
14079,51,7511,38,1,-2
14080,33,7512,38,0,14
14081,41,7512,38,1,5
14082,88,7513,38,1,3
14083,2,7513,38,0,21
14084,78,7513,38,1,7
14085,3,7513,38,0,17
14086,7,7514,38,1,1
14087,28,7515,38,1,1
14088,44,7516,38,0,13
14089,72,7516,38,1,1
14090,31,7516,38,1,5
14091,60,7517,38,0,6
14092,79,7517,38,1,3
14093,44,7518,38,1,4
14094,5,7518,38,1,2
14095,41,7518,38,0,23
14096,4,7519,38,1,0
14097,100,7519,38,1,1
14098,23,7520,38,0,25
14099,20,7520,38,1,1
14100,72,7520,38,1,2
14101,52,7520,38,1,1
14102,98,7521,38,0,15
14103,16,7521,38,1,3
14104,76,7522,38,1,2
14105,64,7522,38,0,17
14106,87,7523,38,1,3
14107,92,7524,38,1,3
14108,32,7525,38,0,26
14109,37,7525,38,1,4
14110,93,7526,38,1,2
14111,7,7527,38,0,14
14112,44,7528,38,1,7
14113,50,7528,38,1,-1
14114,58,7529,38,0,9
14115,25,7530,38,1,2
14116,52,7531,38,1,6
14117,21,7531,38,0,17
14118,76,7531,38,0,25
14119,95,7531,38,1,1
14120,67,7532,38,1,0
14121,55,7533,38,0,16
14122,88,7533,38,1,1
14123,80,7534,38,0,22
14124,53,7534,38,1,0
14125,13,7534,38,1,7
14126,38,7535,38,0,20
14127,47,7535,38,0,17
14128,17,7536,38,1,4
14129,70,7536,38,0,20
14130,56,7537,38,0,20
14131,23,7537,38,0,7
14132,15,7538,38,0,8
14133,7,7538,38,1,5
14134,46,7539,38,1,-1
14135,98,7540,38,1,-2
14136,23,7540,38,0,20
14137,89,7541,38,1,0
14138,10,7541,38,0,24
14139,81,7542,38,0,8
14140,44,7543,38,1,5
14141,62,7543,38,0,23
14142,14,7544,38,1,3
14143,60,7544,38,1,4
14144,68,7544,38,1,3
14145,49,7545,38,1,2
14146,77,7546,38,1,0
14147,47,7547,38,1,0
14148,43,7548,38,1,5
14149,68,7549,38,1,3
14150,17,7549,38,1,0
14151,6,7549,38,0,28
14152,62,7549,38,1,2
14153,13,7550,38,1,3
14154,46,7550,38,1,0
14155,58,7550,38,1,0
14156,15,7550,38,1,1
14157,78,7551,38,1,-2
14158,49,7551,38,1,1
14159,12,7552,38,1,-3
14160,31,7553,38,1,2
14161,90,7553,38,1,5
14162,97,7554,38,0,12
14163,17,7554,38,1,0
14164,99,7554,38,1,0
14165,30,7555,38,0,9
14166,92,7555,38,0,10
14167,55,7556,38,1,2
14168,31,7557,38,1,0
14169,86,7557,38,1,-1
14170,28,7558,38,1,1
14171,37,7559,38,0,28
14172,34,7559,38,1,3
14173,90,7559,38,1,7
14174,12,7559,38,0,11
14175,38,7560,38,0,27
14176,10,7560,38,1,0
14177,63,7561,38,1,3
14178,45,7561,38,0,16
14179,50,7561,38,1,3
14180,73,7561,38,1,5
14181,27,7562,38,0,12
14182,32,7563,38,1,5
14183,74,7563,38,1,0
14184,3,7564,38,1,1
14185,5,7565,38,0,18
14186,33,7566,38,1,2
14187,74,7566,38,1,4
14188,78,7567,38,1,-1
14189,58,7567,38,0,8
14190,77,7568,38,0,15
14191,4,7569,38,1,6
14192,39,7569,38,1,5
14193,22,7570,38,1,2
14194,5,7570,38,1,0
14195,15,7570,38,0,30
14196,97,7571,38,1,5
14197,20,7572,38,0,11
14198,39,7573,38,1,0
14199,92,7573,38,0,14
14200,100,7574,38,1,-3
14201,24,7575,38,0,10
14202,75,7576,38,1,1
14203,70,7577,38,1,5
14204,92,7577,38,1,4
14205,45,7578,38,0,28
14206,70,7578,38,1,3
14207,51,7578,38,1,-1
14208,31,7579,38,1,4
14209,33,7579,38,0,15
14210,71,7579,38,1,7
14211,25,7580,38,1,-2
14212,26,7581,38,1,1
14213,88,7582,38,1,-2
14214,47,7583,38,0,29
14215,65,7583,38,1,6
14216,25,7583,38,1,7
14217,52,7583,38,0,21
14218,5,7584,38,1,3
14219,23,7585,38,1,2
14220,54,7585,38,0,25
14221,8,7585,38,1,2
14222,37,7586,38,1,5
14223,99,7586,38,0,21
14224,12,7586,38,1,4
14225,52,7587,38,0,11
14226,96,7587,38,0,28
14227,93,7587,38,1,4
14228,28,7588,38,1,1
14229,19,7588,38,0,6
14230,47,7589,38,1,3
14231,41,7589,38,1,2
14232,5,7589,38,0,29
14233,31,7590,38,1,0
14234,48,7590,38,1,0
14235,3,7591,38,0,28
14236,79,7591,38,0,22
14237,91,7592,38,0,25
14238,48,7592,38,1,3
14239,73,7593,38,0,25
14240,54,7593,38,1,6
14241,42,7594,38,1,5
14242,27,7594,38,1,1
14243,70,7595,38,1,6
14244,92,7595,38,1,-1
14245,79,7596,38,1,-1
14246,28,7596,38,1,2
14247,24,7597,38,1,1
14248,78,7598,38,1,-2
14249,18,7599,38,1,-2
14250,77,7600,38,0,12
14251,18,7601,39,1,2
14252,72,7601,39,1,-1
14253,66,7602,39,0,12
14254,36,7602,39,1,3
14255,51,7603,39,1,4
14256,70,7603,39,0,20
14257,95,7603,39,1,6
14258,5,7603,39,1,-1
14259,91,7604,39,0,25
14260,1,7604,39,1,3
14261,83,7605,39,1,5
14262,45,7605,39,0,17
14263,27,7606,39,0,6
14264,67,7607,39,0,20
14265,7,7607,39,1,4
14266,9,7608,39,1,7
14267,10,7608,39,1,-1
14268,63,7609,39,1,5
14269,41,7609,39,1,3
14270,14,7609,39,1,3
14271,24,7610,39,0,17
14272,20,7610,39,1,2
14273,21,7611,39,1,1
14274,76,7611,39,0,9
14275,37,7612,39,0,30
14276,49,7612,39,1,6
14277,20,7613,39,1,-1
14278,80,7614,39,1,-2
14279,15,7614,39,1,1
14280,91,7615,39,0,24
14281,14,7615,39,0,26
14282,83,7615,39,1,0
14283,71,7616,39,1,-2
14284,35,7616,39,1,1
14285,7,7617,39,0,14
14286,76,7617,39,0,21
14287,98,7617,39,0,20
14288,31,7617,39,1,4
14289,41,7618,39,1,-1
14290,61,7619,39,0,13
14291,15,7619,39,0,14
14292,41,7620,39,0,12
14293,69,7621,39,1,1
14294,56,7622,39,1,4
14295,24,7622,39,1,3
14296,11,7622,39,1,-1
14297,2,7623,39,1,5
14298,80,7623,39,1,4
14299,57,7624,39,0,18
14300,12,7624,39,1,-1
14301,59,7625,39,1,7
14302,74,7625,39,1,5
14303,92,7626,39,1,-2
14304,98,7627,39,1,2
14305,51,7627,39,1,4
14306,79,7628,39,1,-2
14307,13,7629,39,0,15
14308,9,7629,39,1,-1
14309,36,7630,39,1,2
14310,36,7631,39,0,8
14311,98,7632,39,1,1
14312,4,7632,39,1,3
14313,76,7632,39,1,0
14314,67,7633,39,0,11
14315,72,7634,39,0,8
14316,94,7634,39,1,5
14317,25,7635,39,1,3
14318,73,7636,39,0,12
14319,80,7637,39,1,1
14320,89,7637,39,1,2
14321,14,7638,39,1,0
14322,29,7638,39,1,1
14323,81,7639,39,0,15
14324,23,7639,39,1,5
14325,56,7640,39,1,0
14326,72,7641,39,0,16
14327,63,7642,39,0,30
14328,16,7642,39,0,16
14329,43,7643,39,1,4
14330,23,7643,39,1,0
14331,68,7644,39,1,0
14332,44,7645,39,1,3
14333,28,7646,39,0,20
14334,87,7646,39,1,0
14335,88,7647,39,1,-1
14336,91,7647,39,1,3
14337,55,7648,39,1,2
14338,20,7648,39,0,24
14339,30,7648,39,1,1
14340,10,7648,39,1,5
14341,37,7649,39,0,25
14342,54,7649,39,1,4
14343,66,7649,39,1,4
14344,47,7649,39,0,25
14345,3,7650,39,1,4
14346,86,7651,39,1,4
14347,5,7651,39,0,20
14348,69,7652,39,1,-2
14349,22,7653,39,1,7
14350,99,7653,39,0,24
14351,72,7654,39,1,4
14352,2,7655,39,0,19
14353,78,7655,39,1,5
14354,72,7655,39,0,30
14355,12,7655,39,1,7
14356,56,7656,39,0,5
14357,10,7657,39,1,4
14358,67,7657,39,1,1
14359,94,7657,39,1,1
14360,77,7658,39,1,1
14361,85,7659,39,1,3
14362,18,7660,39,0,14
14363,67,7660,39,0,22
14364,30,7660,39,1,0
14365,45,7661,39,1,0
14366,74,7661,39,1,4
14367,91,7661,39,1,7
14368,72,7661,39,0,29
14369,97,7662,39,1,1
14370,84,7663,39,1,-1
14371,54,7664,39,0,11
14372,26,7665,39,1,0
14373,18,7665,39,1,5
14374,21,7666,39,0,6
14375,96,7666,39,1,-2
14376,17,7667,39,1,5
14377,31,7668,39,0,7
14378,93,7669,39,1,4
14379,50,7670,39,1,-1
14380,57,7670,39,0,19
14381,75,7670,39,1,4
14382,86,7670,39,1,5
14383,75,7671,39,0,20
14384,62,7671,39,1,2
14385,14,7672,39,1,-1
14386,73,7673,39,0,19
14387,1,7673,39,1,3
14388,53,7673,39,1,-1
14389,4,7674,39,0,12
14390,65,7674,39,0,15
14391,90,7674,39,0,23
14392,18,7675,39,0,14
14393,97,7676,39,1,-3
14394,11,7677,39,0,15
14395,15,7677,39,1,1
14396,82,7678,39,0,24
14397,72,7678,39,0,28
14398,99,7678,39,0,10
14399,12,7679,39,0,15
14400,15,7679,39,1,1
14401,49,7680,39,1,5
14402,24,7680,39,1,4
14403,82,7680,39,0,21
14404,42,7680,39,1,4
14405,38,7681,39,1,1
14406,100,7681,39,1,5
14407,14,7681,39,1,0
14408,77,7682,39,1,-1
14409,32,7682,39,0,30
14410,76,7682,39,1,5
14411,18,7682,39,1,-1
14412,32,7683,39,0,10
14413,49,7683,39,0,18
14414,89,7684,39,1,-1
14415,55,7685,39,1,2
14416,50,7686,39,1,1
14417,28,7687,39,1,4
14418,90,7687,39,1,7
14419,56,7688,39,1,5
14420,35,7688,39,1,5
14421,21,7689,39,1,0
14422,6,7689,39,1,2
14423,28,7689,39,1,6
14424,35,7689,39,0,15
14425,15,7690,39,1,2
14426,55,7691,39,1,-3
14427,86,7692,39,1,5
14428,72,7692,39,0,12
14429,50,7693,39,1,-2
14430,55,7694,39,1,-2
14431,24,7695,39,0,8
14432,29,7695,39,1,-2
14433,63,7696,39,1,2
14434,33,7697,39,1,-1
14435,52,7697,39,1,2
14436,40,7698,39,1,3
14437,67,7699,39,1,-1
14438,94,7699,39,0,10
14439,49,7699,39,1,1
14440,5,7699,39,0,15
14441,73,7700,39,1,-1
14442,80,7701,39,1,3
14443,32,7702,39,0,16
14444,95,7702,39,1,2
14445,15,7702,39,0,11
14446,77,7702,39,0,25
14447,69,7703,39,1,1
14448,62,7703,39,1,3
14449,32,7704,39,1,-2
14450,77,7704,39,1,3
14451,93,7705,39,1,4
14452,83,7705,39,0,10
14453,14,7706,39,1,0
14454,28,7707,39,1,1
14455,55,7707,39,1,6
14456,8,7707,39,0,22
14457,48,7707,39,1,4
14458,10,7708,39,1,2
14459,3,7708,39,0,20
14460,52,7708,39,1,0
14461,41,7709,39,1,4
14462,83,7709,39,0,10
14463,80,7710,39,1,2
14464,55,7710,39,1,2
14465,17,7711,39,0,12
14466,91,7712,39,1,1
14467,22,7712,39,1,-1
14468,95,7713,39,0,19
14469,52,7714,39,1,3
14470,65,7715,39,1,1
14471,39,7716,39,0,12
14472,86,7717,39,1,2
14473,44,7718,39,1,4
14474,74,7718,39,0,15
14475,79,7718,39,1,7
14476,34,7719,39,1,3
14477,67,7719,39,0,19
14478,2,7720,39,1,-2
14479,56,7721,39,1,2
14480,95,7721,39,0,8
14481,7,7722,39,0,4
14482,94,7723,39,1,5
14483,39,7724,39,1,5
14484,88,7725,39,1,5
14485,98,7726,39,1,2
14486,56,7726,39,0,7
14487,4,7727,39,1,2
14488,63,7727,39,0,16
14489,97,7728,39,1,-1
14490,100,7729,39,1,3
14491,78,7730,39,1,-1
14492,3,7730,39,0,15
14493,31,7731,39,1,5
14494,74,7731,39,1,2
14495,87,7731,39,0,29
14496,42,7732,39,1,5
14497,50,7732,39,0,9
14498,11,7733,39,1,-3
14499,2,7734,39,1,5
14500,82,7734,39,1,0
14501,87,7735,39,1,2
14502,38,7735,39,0,18
14503,36,7736,39,0,14
14504,67,7736,39,1,-1
14505,7,7737,39,0,12
14506,77,7738,39,0,17
14507,52,7738,39,1,2
14508,26,7739,39,1,1
14509,82,7740,39,0,20
14510,23,7741,39,1,0
14511,79,7741,39,1,6
14512,7,7741,39,1,-1
14513,17,7741,39,1,2
14514,54,7742,39,1,-1
14515,73,7742,39,0,29
14516,65,7743,39,1,2
14517,97,7743,39,1,3
14518,38,7743,39,0,10
14519,27,7744,39,0,8
14520,29,7744,39,1,5
14521,82,7745,39,0,7
14522,69,7745,39,1,-1
14523,68,7746,39,1,4
14524,37,7746,39,0,7
14525,47,7747,39,0,15
14526,19,7747,39,1,1
14527,63,7748,39,1,-2
14528,27,7748,39,1,-1
14529,70,7749,39,1,6
14530,34,7749,39,1,4
14531,27,7750,39,1,3
14532,92,7751,39,1,3
14533,86,7751,39,1,-2
14534,39,7752,39,1,0
14535,30,7752,39,0,9
14536,15,7753,39,1,3
14537,15,7754,39,0,6
14538,44,7755,39,1,3
14539,34,7756,39,1,-1
14540,38,7757,39,0,16
14541,41,7758,39,1,-1
14542,30,7759,39,1,3
14543,3,7760,39,1,-2
14544,74,7760,39,0,20
14545,37,7761,39,1,0
14546,43,7762,39,1,4
14547,72,7762,39,0,13
14548,49,7763,39,1,-2
14549,10,7764,39,1,1
14550,73,7764,39,0,17
14551,50,7764,39,1,4
14552,74,7765,39,1,1
14553,59,7765,39,0,21
14554,98,7766,39,1,5
14555,18,7766,39,1,3
14556,49,7767,39,0,7
14557,15,7768,39,0,11
14558,58,7768,39,1,4
14559,73,7768,39,1,3
14560,89,7769,39,0,18
14561,21,7769,39,1,6
14562,30,7770,39,1,5
14563,21,7770,39,1,5
14564,86,7771,39,1,3
14565,69,7772,39,0,8
14566,38,7772,39,1,0
14567,78,7773,39,1,0
14568,58,7773,39,0,11
14569,70,7774,39,1,6
14570,5,7774,39,1,5
14571,100,7775,39,0,10
14572,69,7776,39,1,1
14573,44,7776,39,1,4
14574,71,7777,39,0,17
14575,70,7777,39,0,28
14576,25,7778,39,1,3
14577,15,7778,39,1,0
14578,57,7779,39,1,-3
14579,39,7780,39,1,-2
14580,57,7780,39,0,17
14581,55,7781,39,1,1
14582,2,7781,39,1,3
14583,69,7782,39,0,11
14584,88,7783,39,1,5
14585,65,7783,39,1,5
14586,64,7784,39,0,21
14587,56,7784,39,0,15
14588,95,7784,39,1,-1
14589,84,7785,39,0,20
14590,10,7785,39,1,3
14591,47,7785,39,0,25
14592,1,7786,39,1,5
14593,11,7786,39,1,4
14594,74,7787,39,1,-2
14595,25,7787,39,1,-1
14596,1,7788,39,1,7
14597,78,7788,39,0,29
14598,21,7789,39,1,1
14599,36,7790,39,0,7
14600,12,7791,39,1,0
14601,24,7792,39,1,1
14602,70,7792,39,1,4
14603,15,7792,39,1,5
14604,19,7793,39,0,19
14605,70,7794,39,1,0
14606,3,7795,39,0,9
14607,61,7796,39,1,2
14608,90,7797,39,1,-1
14609,74,7798,39,0,12
14610,18,7798,39,0,16
14611,53,7798,39,1,4
14612,3,7799,39,1,7
14613,15,7799,39,1,3
14614,42,7799,39,1,0
14615,53,7800,39,0,25
14616,68,7800,39,1,6
14617,29,7800,39,1,3
14618,38,7801,40,1,5
14619,97,7802,40,0,10
14620,100,7803,40,1,1
14621,96,7803,40,1,1
14622,33,7804,40,1,-2
14623,64,7805,40,0,30
14624,93,7805,40,1,6
14625,3,7806,40,1,7
14626,35,7806,40,0,16
14627,55,7807,40,1,0
14628,62,7807,40,1,5
14629,79,7808,40,0,17
14630,52,7808,40,1,-1
14631,31,7809,40,1,-2
14632,34,7810,40,0,27
14633,21,7810,40,0,29
14634,19,7810,40,1,0
14635,17,7810,40,0,11
14636,92,7811,40,0,27
14637,7,7811,40,0,22
14638,54,7812,40,1,6
14639,42,7812,40,1,7
14640,14,7812,40,1,0
14641,10,7813,40,0,7
14642,7,7814,40,0,17
14643,43,7814,40,0,27
14644,86,7814,40,1,1
14645,73,7815,40,1,-1
14646,54,7816,40,0,12
14647,99,7817,40,1,6
14648,77,7817,40,1,1
14649,86,7817,40,0,18
14650,30,7817,40,0,29
14651,52,7818,40,0,17
14652,48,7819,40,1,7
14653,80,7819,40,0,14
14654,64,7820,40,1,3
14655,53,7820,40,1,3
14656,96,7821,40,0,10
14657,7,7821,40,1,2
14658,31,7822,40,1,-2
14659,27,7823,40,0,30
14660,11,7823,40,1,7
14661,93,7824,40,1,1
14662,82,7824,40,1,0
14663,95,7824,40,0,29
14664,21,7825,40,1,6
14665,53,7825,40,1,7
14666,54,7825,40,0,15
14667,86,7825,40,1,6
14668,30,7826,40,1,2
14669,80,7826,40,1,1
14670,89,7827,40,1,4
14671,52,7828,40,1,5
14672,94,7828,40,1,3
14673,18,7828,40,0,29
14674,10,7828,40,1,-1
14675,45,7829,40,1,4
14676,98,7830,40,1,4
14677,69,7830,40,1,3
14678,86,7831,40,1,-1
14679,7,7831,40,1,5
14680,27,7832,40,1,2
14681,24,7832,40,1,1
14682,67,7833,40,1,0
14683,50,7833,40,0,18
14684,90,7834,40,0,30
14685,39,7834,40,1,6
14686,85,7835,40,0,7
14687,13,7836,40,1,-2
14688,54,7836,40,1,-2
14689,38,7837,40,1,4
14690,17,7837,40,1,3
14691,69,7837,40,1,2
14692,7,7838,40,1,1
14693,95,7838,40,1,3
14694,10,7839,40,1,0
14695,31,7839,40,0,8
14696,79,7840,40,1,3
14697,92,7840,40,0,16
14698,93,7841,40,1,2
14699,100,7841,40,0,29
14700,14,7842,40,1,4
14701,44,7842,40,1,-1
14702,35,7843,40,0,13
14703,100,7843,40,1,4
14704,4,7843,40,1,7
14705,82,7843,40,1,5
14706,74,7844,40,1,-1
14707,3,7845,40,1,1
14708,56,7846,40,0,13
14709,82,7847,40,1,6
14710,69,7847,40,1,4
14711,19,7847,40,0,10
14712,14,7847,40,1,6
14713,93,7848,40,1,3
14714,42,7848,40,0,7
14715,86,7849,40,0,7
14716,26,7850,40,0,10
14717,49,7851,40,1,0
14718,41,7852,40,1,-3
14719,23,7853,40,1,4
14720,51,7853,40,1,-2
14721,1,7854,40,1,6
14722,77,7854,40,1,2
14723,40,7854,40,0,30
14724,33,7854,40,1,3
14725,30,7855,40,1,1
14726,77,7856,40,0,19
14727,61,7856,40,1,-1
14728,41,7857,40,1,3
14729,96,7857,40,0,14
14730,2,7858,40,0,10
14731,12,7858,40,1,-1
14732,81,7859,40,1,-1
14733,98,7860,40,1,4
14734,59,7860,40,0,11
14735,54,7860,40,1,3
14736,57,7861,40,1,4
14737,15,7861,40,1,7
14738,22,7861,40,0,28
14739,61,7862,40,1,3
14740,99,7863,40,1,0
14741,18,7863,40,0,8
14742,63,7864,40,1,2
14743,78,7864,40,1,-2
14744,98,7865,40,0,15
14745,20,7866,40,1,3
14746,33,7867,40,0,30
14747,40,7867,40,1,4
14748,76,7867,40,0,29
14749,17,7867,40,1,5
14750,96,7868,40,1,4
14751,66,7868,40,0,10
14752,24,7868,40,1,1
14753,42,7868,40,0,21
14754,87,7869,40,1,3
14755,78,7870,40,1,6
14756,10,7870,40,0,16
14757,54,7870,40,1,4
14758,26,7871,40,0,13
14759,21,7872,40,0,7
14760,99,7872,40,1,3
14761,12,7873,40,1,1
14762,90,7874,40,1,3
14763,40,7875,40,1,3
14764,71,7875,40,1,6
14765,78,7875,40,1,6
14766,84,7876,40,0,29
14767,49,7876,40,1,7
14768,16,7877,40,1,7
14769,14,7877,40,1,1
14770,86,7877,40,1,1
14771,74,7878,40,0,18
14772,93,7878,40,1,1
14773,86,7879,40,1,7
14774,51,7879,40,0,23
14775,3,7879,40,1,6
14776,20,7879,40,1,1
14777,33,7880,40,0,10
14778,62,7881,40,1,5
14779,66,7882,40,1,1
14780,87,7883,40,0,11
14781,3,7884,40,1,1
14782,37,7885,40,1,5
14783,28,7885,40,0,26
14784,98,7885,40,1,3
14785,45,7886,40,1,3
14786,27,7887,40,0,7
14787,37,7887,40,1,4
14788,72,7888,40,1,-1
14789,29,7889,40,0,12
14790,51,7890,40,1,-1
14791,39,7890,40,0,23
14792,23,7890,40,1,2
14793,71,7891,40,1,0
14794,48,7891,40,1,4
14795,86,7891,40,0,22
14796,20,7892,40,1,-3
14797,28,7893,40,1,5
14798,33,7893,40,0,7
14799,9,7894,40,1,2
14800,10,7894,40,1,6
14801,14,7894,40,0,20
14802,73,7895,40,1,5
14803,97,7895,40,0,7
14804,45,7896,40,1,4
14805,66,7896,40,0,26
14806,57,7896,40,1,5
14807,49,7897,40,0,9
14808,89,7898,40,1,-2
14809,56,7898,40,1,3
14810,43,7899,40,1,-2
14811,14,7900,40,1,5
14812,66,7900,40,0,11
14813,74,7900,40,0,28
14814,56,7901,40,1,0
14815,79,7901,40,1,5
14816,54,7901,40,1,5
14817,61,7902,40,0,8
14818,96,7903,40,1,-1
14819,26,7904,40,1,-2
14820,1,7905,40,1,7
14821,62,7905,40,1,2
14822,97,7905,40,1,5
14823,4,7906,40,0,7
14824,82,7907,40,1,-3
14825,1,7908,40,1,2
14826,86,7908,40,0,28
14827,44,7908,40,1,1
14828,79,7908,40,1,0
14829,19,7909,40,0,19
14830,49,7909,40,1,5
14831,79,7910,40,1,0
14832,15,7911,40,0,12
14833,80,7911,40,0,21
14834,38,7912,40,0,4
14835,92,7913,40,0,14
14836,66,7913,40,1,1
14837,70,7913,40,1,0
14838,13,7914,40,0,8
14839,75,7915,40,1,0
14840,97,7915,40,0,25
14841,64,7915,40,1,2
14842,93,7916,40,1,2
14843,19,7917,40,0,18
14844,52,7917,40,0,16
14845,44,7918,40,1,1
14846,38,7918,40,0,12
14847,11,7919,40,1,3
14848,71,7919,40,1,4
14849,69,7920,40,1,6
14850,79,7920,40,1,4
14851,20,7920,40,1,2
14852,80,7921,40,1,0
14853,63,7921,40,1,4
14854,97,7921,40,1,2
14855,1,7922,40,1,4
14856,90,7923,40,1,2
14857,66,7923,40,1,3
14858,39,7924,40,1,6
14859,22,7924,40,0,16
14860,22,7925,40,1,-2
14861,30,7926,40,1,3
14862,86,7927,40,0,10
14863,90,7927,40,1,3
14864,14,7928,40,1,-1
14865,6,7929,40,0,7
14866,27,7930,40,1,4
14867,46,7930,40,1,4
14868,81,7931,40,0,25
14869,13,7931,40,0,19
14870,31,7931,40,1,6
14871,47,7932,40,0,30
14872,24,7932,40,0,30
14873,85,7933,40,1,4
14874,38,7934,40,1,5
14875,77,7935,40,0,11
14876,86,7935,40,0,25
14877,33,7935,40,0,17
14878,32,7936,40,1,3
14879,96,7936,40,0,11
14880,70,7936,40,0,27
14881,13,7936,40,1,6
14882,71,7937,40,1,-2
14883,73,7937,40,0,9
14884,82,7938,40,1,3
14885,11,7938,40,0,14
14886,59,7939,40,1,5
14887,70,7940,40,0,11
14888,1,7940,40,1,-1
14889,86,7941,40,1,0
14890,36,7942,40,1,1
14891,92,7943,40,1,3
14892,39,7944,40,1,3
14893,25,7944,40,1,7
14894,92,7944,40,1,6
14895,76,7945,40,1,3
14896,99,7945,40,0,12
14897,20,7945,40,0,29
14898,65,7946,40,1,1
14899,4,7946,40,0,30
14900,93,7946,40,1,4
14901,84,7946,40,1,7
14902,71,7947,40,0,6
14903,52,7948,40,0,12
14904,33,7948,40,0,12
14905,28,7949,40,1,0
14906,19,7949,40,1,1
14907,25,7950,40,1,3
14908,14,7951,40,1,-3
14909,87,7952,40,1,6
14910,95,7952,40,0,21
14911,20,7952,40,1,2
14912,62,7952,40,1,1
14913,17,7953,40,1,1
14914,27,7953,40,1,4
14915,12,7954,40,1,0
14916,5,7954,40,1,5
14917,37,7955,40,1,4
14918,64,7956,40,1,5
14919,22,7956,40,1,4
14920,88,7957,40,0,9
14921,14,7958,40,1,0
14922,98,7959,40,0,26
14923,20,7959,40,0,19
14924,96,7959,40,0,30
14925,21,7959,40,1,4
14926,84,7960,40,0,11
14927,40,7960,40,1,4
14928,3,7961,40,0,19
14929,6,7961,40,1,-1
14930,97,7962,40,1,-2
14931,56,7963,40,1,2
14932,77,7963,40,1,3
14933,59,7963,40,0,14
14934,67,7964,40,1,2
14935,44,7965,40,0,13
14936,79,7966,40,1,5
14937,67,7966,40,1,2
14938,26,7967,40,0,12
14939,11,7968,40,1,0
14940,41,7969,40,1,-1
14941,87,7970,40,0,25
14942,88,7970,40,0,23
14943,70,7970,40,1,2
14944,65,7971,40,1,2
14945,70,7972,40,0,30
14946,44,7972,40,1,5
14947,15,7972,40,1,6
14948,70,7973,40,1,4
14949,22,7974,40,1,2
14950,77,7975,40,1,1
14951,97,7976,40,1,3
14952,75,7977,40,1,5
14953,6,7978,40,1,1
14954,8,7979,40,1,-1
14955,91,7979,40,1,6
14956,7,7979,40,1,-1
14957,58,7979,40,1,6
14958,94,7980,40,1,3
14959,38,7980,40,1,2
14960,87,7981,40,1,-3
14961,48,7982,40,1,-2
14962,65,7983,40,0,10
14963,92,7984,40,1,2
14964,75,7985,40,1,3
14965,73,7985,40,0,29
14966,48,7985,40,1,6
14967,91,7986,40,1,1
14968,25,7986,40,0,17
14969,37,7987,40,1,-1
14970,8,7987,40,0,16
14971,85,7987,40,1,4
14972,70,7988,40,1,2
14973,41,7988,40,1,4
14974,44,7989,40,0,19
14975,20,7989,40,1,7
14976,61,7989,40,1,1
14977,89,7989,40,0,14
14978,96,7990,40,1,2
14979,55,7991,40,1,0
14980,56,7992,40,0,18
14981,86,7993,40,1,1
14982,75,7994,40,0,30
14983,56,7994,40,1,0
14984,85,7995,40,1,1
14985,9,7995,40,1,3
14986,35,7996,40,0,9
14987,38,7997,40,1,5
14988,37,7997,40,0,6
14989,95,7998,40,1,7
14990,34,7998,40,0,23
14991,27,7999,40,1,1
14992,82,8000,40,1,2
14993,56,8000,40,0,29
14994,53,8000,40,1,2
14995,46,8001,41,1,1
14996,6,8001,41,1,4
14997,75,8002,41,0,16
14998,54,8002,41,1,5
14999,38,8002,41,0,13
15000,58,8003,41,1,2
15001,25,8003,41,1,6
15002,22,8003,41,1,4
15003,54,8003,41,1,7
15004,87,8004,41,1,4
15005,41,8005,41,0,19
15006,43,8005,41,1,4
15007,22,8006,41,1,0
15008,27,8007,41,0,8
15009,79,8008,41,0,24
15010,97,8008,41,1,7
15011,94,8008,41,1,6
15012,32,8009,41,1,-1
15013,93,8009,41,0,6
15014,19,8010,41,1,4
15015,42,8011,41,1,2
15016,71,8011,41,0,18
15017,32,8011,41,1,5
15018,53,8012,41,1,-2
15019,17,8013,41,1,-1
15020,95,8014,41,0,10
15021,12,8015,41,1,2
15022,27,8016,41,1,4
15023,35,8016,41,0,7
15024,52,8017,41,1,1
15025,91,8018,41,0,5
15026,79,8019,41,1,3
15027,23,8020,41,1,-1
15028,64,8020,41,1,7
15029,17,8020,41,0,19
15030,31,8021,41,1,-2
15031,57,8021,41,1,4
15032,66,8022,41,0,12
15033,72,8023,41,1,-1
15034,74,8024,41,1,3
15035,66,8024,41,0,29
15036,3,8024,41,1,7
15037,30,8025,41,0,11
15038,54,8025,41,1,2
15039,21,8026,41,1,-1
15040,100,8026,41,1,6
15041,82,8026,41,0,24
15042,56,8026,41,1,1
15043,66,8027,41,1,0
15044,63,8027,41,0,20
15045,33,8028,41,1,-2
15046,3,8028,41,1,3
15047,61,8029,41,0,29
15048,74,8029,41,1,5
15049,64,8029,41,0,17
15050,14,8030,41,0,22
15051,71,8030,41,0,10
15052,19,8030,41,1,5
15053,56,8030,41,0,12
15054,90,8031,41,1,3
15055,24,8032,41,0,21
15056,25,8032,41,1,4
15057,84,8032,41,1,2
15058,89,8032,41,0,15
15059,62,8033,41,1,1
15060,39,8033,41,1,3
15061,56,8033,41,0,27
15062,70,8033,41,0,19
15063,50,8034,41,1,3
15064,75,8035,41,1,-1
15065,64,8035,41,1,0
15066,91,8035,41,1,4
15067,10,8036,41,0,23
15068,3,8036,41,0,12
15069,47,8036,41,1,5
15070,31,8037,41,1,-1
15071,73,8037,41,0,14
15072,75,8038,41,1,2
15073,4,8039,41,0,6
15074,6,8039,41,1,1
15075,22,8040,41,0,26
15076,45,8040,41,0,28
15077,21,8040,41,0,22
15078,72,8040,41,1,2
15079,1,8041,41,0,11
15080,56,8042,41,1,3
15081,30,8043,41,0,13
15082,46,8043,41,1,1
15083,46,8044,41,0,17
15084,67,8044,41,0,15
15085,5,8045,41,0,18
15086,92,8045,41,0,29
15087,31,8045,41,0,27
15088,66,8046,41,0,25
15089,71,8046,41,1,-1
15090,63,8046,41,1,4
15091,14,8046,41,1,6
15092,92,8047,41,1,4
15093,18,8048,41,1,-2
15094,88,8049,41,1,0
15095,4,8049,41,1,0
15096,32,8049,41,1,2
15097,67,8049,41,1,-1
15098,58,8050,41,0,12
15099,84,8051,41,1,3
15100,80,8051,41,0,19
15101,56,8052,41,1,3
15102,58,8052,41,1,1
15103,97,8053,41,1,6
15104,36,8053,41,1,6
15105,44,8053,41,1,-1
15106,13,8053,41,1,4
15107,13,8054,41,1,-1
15108,55,8054,41,0,10
15109,51,8054,41,1,5
15110,42,8054,41,0,18
15111,75,8055,41,1,2
15112,36,8055,41,1,0
15113,47,8055,41,1,-1
15114,4,8056,41,1,6
15115,36,8056,41,0,30
15116,21,8057,41,1,7
15117,49,8057,41,1,3
15118,73,8057,41,1,1
15119,61,8057,41,1,7
15120,43,8058,41,1,1
15121,31,8058,41,0,8
15122,39,8059,41,1,7
15123,23,8059,41,1,7
15124,60,8059,41,1,4
15125,92,8060,41,1,-3
15126,86,8061,41,0,16
15127,38,8061,41,0,20
15128,7,8061,41,1,4
15129,62,8062,41,1,-3
15130,97,8063,41,0,24
15131,54,8063,41,0,27
15132,99,8063,41,0,25
15133,61,8063,41,1,3
15134,70,8064,41,0,26
15135,62,8064,41,0,13
15136,19,8064,41,1,0
15137,41,8065,41,1,3
15138,65,8065,41,1,5
15139,1,8066,41,1,3
15140,30,8067,41,1,4
15141,56,8068,41,1,3
15142,61,8068,41,1,4
15143,85,8069,41,1,4
15144,9,8070,41,1,-1
15145,5,8071,41,0,14
15146,10,8071,41,1,7
15147,45,8071,41,1,5
15148,58,8072,41,1,2
15149,93,8073,41,1,2
15150,48,8074,41,1,2
15151,69,8074,41,1,4
15152,24,8075,41,1,4
15153,21,8075,41,1,2
15154,98,8075,41,1,2
15155,19,8076,41,1,-1
15156,21,8076,41,1,7
15157,7,8077,41,0,28
15158,20,8077,41,0,24
15159,40,8078,41,1,0
15160,54,8078,41,0,22
15161,16,8079,41,1,3
15162,38,8080,41,1,3
15163,79,8081,41,0,16
15164,87,8081,41,1,1
15165,48,8082,41,1,2
15166,34,8082,41,1,5
15167,6,8083,41,1,6
15168,84,8083,41,1,5
15169,76,8084,41,1,5
15170,18,8085,41,0,12
15171,90,8086,41,1,4
15172,71,8086,41,1,7
15173,67,8087,41,1,-1
15174,88,8088,41,1,0
15175,21,8088,41,1,4
15176,82,8089,41,1,4
15177,82,8090,41,0,4
15178,11,8091,41,1,0
15179,68,8091,41,1,4
15180,35,8091,41,0,16
15181,76,8092,41,1,-2
15182,90,8092,41,1,3
15183,20,8093,41,0,13
15184,22,8093,41,1,3
15185,70,8094,41,1,4
15186,97,8094,41,0,20
15187,61,8095,41,0,26
15188,47,8095,41,1,-1
15189,17,8095,41,1,4
15190,63,8095,41,0,13
15191,32,8096,41,1,-1
15192,52,8097,41,1,4
15193,75,8097,41,1,2
15194,4,8098,41,0,9
15195,92,8099,41,0,12
15196,24,8099,41,1,-2
15197,33,8100,41,0,12
15198,79,8100,41,0,10
15199,84,8101,41,0,16
15200,67,8101,41,1,-2
15201,10,8102,41,1,4
15202,69,8102,41,1,-1
15203,85,8102,41,0,22
15204,39,8103,41,1,-2
15205,20,8103,41,1,5
15206,24,8104,41,1,5
15207,81,8104,41,1,1
15208,38,8105,41,0,20
15209,4,8105,41,1,2
15210,76,8105,41,1,5
15211,11,8105,41,0,20
15212,57,8106,41,1,1
15213,49,8106,41,1,4
15214,44,8106,41,1,2
15215,59,8107,41,0,19
15216,90,8108,41,1,3
15217,72,8108,41,0,13
15218,58,8109,41,0,15
15219,68,8110,41,1,-1
15220,19,8110,41,0,29
15221,14,8110,41,0,15
15222,99,8111,41,1,2
15223,48,8112,41,1,2
15224,13,8113,41,1,0
15225,66,8114,41,0,19
15226,8,8115,41,1,2
15227,96,8116,41,1,3
15228,97,8116,41,1,0
15229,3,8117,41,0,15
15230,22,8117,41,1,7
15231,35,8117,41,1,4
15232,56,8118,41,0,19
15233,57,8118,41,1,7
15234,47,8118,41,0,14
15235,53,8118,41,1,6
15236,60,8119,41,1,-2
15237,23,8120,41,1,3
15238,90,8120,41,1,3
15239,27,8121,41,1,-1
15240,25,8121,41,1,-1
15241,77,8121,41,1,1
15242,66,8121,41,1,2
15243,73,8122,41,1,4
15244,65,8122,41,1,3
15245,19,8123,41,1,4
15246,70,8123,41,1,4
15247,35,8124,41,0,10
15248,99,8125,41,1,1
15249,75,8126,41,1,0
15250,93,8126,41,0,11
15251,84,8127,41,0,16
15252,98,8127,41,1,2
15253,24,8128,41,0,19
15254,97,8128,41,0,23
15255,27,8128,41,0,10
15256,43,8128,41,0,23
15257,89,8129,41,0,12
15258,59,8130,41,0,25
15259,68,8130,41,0,23
15260,62,8130,41,0,10
15261,26,8130,41,0,12
15262,84,8131,41,1,0
15263,2,8131,41,1,2
15264,40,8132,41,0,4
15265,84,8133,41,1,1
15266,23,8134,41,1,3
15267,56,8134,41,0,15
15268,11,8135,41,1,0
15269,95,8136,41,1,4
15270,80,8136,41,1,3
15271,53,8137,41,1,5
15272,36,8138,41,1,-1
15273,100,8139,41,1,7
15274,36,8139,41,1,2
15275,15,8139,41,1,5
15276,40,8140,41,1,-1
15277,53,8141,41,0,28
15278,80,8141,41,0,12
15279,58,8141,41,1,4
15280,38,8142,41,0,21
15281,85,8142,41,1,4
15282,80,8142,41,1,7
15283,66,8143,41,1,1
15284,40,8143,41,0,20
15285,95,8143,41,1,-1
15286,48,8144,41,1,4
15287,7,8144,41,1,-1
15288,58,8145,41,1,5
15289,76,8145,41,1,4
15290,85,8146,41,1,-2
15291,10,8147,41,0,12
15292,21,8148,41,1,5
15293,78,8148,41,1,-1
15294,97,8149,41,1,-2
15295,45,8150,41,1,4
15296,58,8150,41,1,5
15297,78,8151,41,1,1
15298,82,8151,41,1,5
15299,3,8152,41,1,5
15300,64,8152,41,0,26
15301,66,8153,41,1,1
15302,80,8154,41,0,9
15303,6,8155,41,1,-3
15304,14,8156,41,1,0
15305,57,8157,41,1,2
15306,98,8158,41,1,2
15307,53,8158,41,1,4
15308,25,8158,41,1,6
15309,19,8158,41,1,-1
15310,12,8159,41,0,11
15311,99,8159,41,0,30
15312,37,8159,41,0,28
15313,70,8159,41,0,27
15314,70,8160,41,1,3
15315,63,8161,41,1,4
15316,53,8161,41,1,0
15317,33,8161,41,1,7
15318,13,8161,41,1,5
15319,92,8162,41,1,-1
15320,32,8163,41,1,-1
15321,10,8163,41,1,2
15322,19,8164,41,1,3
15323,28,8164,41,0,6
15324,67,8165,41,1,2
15325,63,8165,41,1,4
15326,54,8166,41,0,23
15327,53,8166,41,1,1
15328,76,8166,41,1,3
15329,37,8166,41,0,17
15330,48,8167,41,1,5
15331,40,8167,41,1,3
15332,71,8167,41,0,14
15333,80,8168,41,1,2
15334,97,8169,41,1,4
15335,11,8169,41,0,14
15336,34,8170,41,1,4
15337,25,8170,41,1,0
15338,75,8171,41,0,13
15339,61,8171,41,1,3
15340,37,8172,41,0,27
15341,60,8172,41,1,6
15342,86,8172,41,1,-1
15343,68,8172,41,0,24
15344,7,8173,41,1,-1
15345,29,8173,41,0,16
15346,7,8174,41,1,1
15347,36,8175,41,0,16
15348,1,8175,41,1,6
15349,60,8176,41,0,24
15350,47,8176,41,1,4
15351,25,8177,41,1,5
15352,58,8177,41,1,-1
15353,33,8178,41,1,1
15354,2,8178,41,1,5
15355,46,8179,41,0,7
15356,97,8180,41,1,-3
15357,89,8181,41,1,-1
15358,55,8182,41,1,2
15359,72,8183,41,0,23
15360,65,8183,41,1,4
15361,3,8183,41,1,2
15362,33,8183,41,0,10
15363,73,8184,41,0,19
15364,2,8184,41,1,0
15365,84,8184,41,1,4
15366,78,8185,41,1,-2
15367,42,8186,41,1,4
15368,94,8186,41,0,10
15369,75,8187,41,1,-1
15370,47,8188,41,1,2
15371,24,8188,41,0,14
15372,79,8188,41,0,16
15373,77,8189,41,0,29
15374,48,8189,41,1,3
15375,25,8189,41,1,5
15376,28,8189,41,1,6
15377,90,8190,41,1,2
15378,98,8191,41,1,2
15379,1,8192,41,1,4
15380,13,8192,41,0,10
15381,27,8193,41,1,-1
15382,3,8194,41,1,5
15383,3,8195,41,0,20
15384,88,8195,41,1,-1
15385,22,8196,41,1,1
15386,61,8197,41,0,12
15387,15,8198,41,1,3
15388,87,8199,41,1,1
15389,90,8200,41,0,13
15390,63,8200,41,1,-1
15391,86,8201,42,0,10
15392,85,8202,42,1,5
15393,43,8202,42,1,4
15394,11,8203,42,1,0
15395,77,8204,42,0,10
15396,18,8204,42,0,12
15397,44,8205,42,1,7
15398,30,8205,42,0,13
15399,27,8205,42,0,10
15400,94,8206,42,1,5
15401,9,8207,42,1,2
15402,85,8208,42,1,5
15403,25,8208,42,1,-1
15404,69,8209,42,1,3
15405,75,8209,42,0,8
15406,80,8210,42,1,1
15407,44,8210,42,0,24
15408,18,8211,42,0,28
15409,6,8211,42,0,22
15410,40,8211,42,1,4
15411,26,8212,42,0,13
15412,43,8212,42,1,-2
15413,3,8213,42,1,-2
15414,60,8213,42,1,1
15415,71,8214,42,0,12
15416,40,8214,42,1,-1
15417,34,8215,42,1,3
15418,34,8216,42,1,3
15419,56,8216,42,1,3
15420,65,8217,42,1,0
15421,37,8217,42,0,6
15422,2,8218,42,1,7
15423,46,8218,42,1,2
15424,11,8218,42,1,4
15425,66,8219,42,1,6
15426,95,8219,42,0,25
15427,85,8220,42,1,0
15428,73,8220,42,1,5
15429,31,8221,42,1,1
15430,53,8222,42,1,5
15431,3,8222,42,1,5
15432,9,8222,42,0,20
15433,66,8222,42,1,3
15434,55,8223,42,1,5
15435,73,8223,42,0,14
15436,92,8223,42,1,5
15437,48,8224,42,1,2
15438,12,8224,42,0,18
15439,27,8225,42,1,0
15440,20,8225,42,1,-1
15441,1,8226,42,0,6
15442,33,8227,42,0,12
15443,4,8227,42,0,27
15444,89,8227,42,1,0
15445,55,8228,42,1,1
15446,48,8228,42,1,3
15447,99,8229,42,0,7
15448,6,8230,42,1,0
15449,79,8230,42,1,0
15450,69,8231,42,1,3
15451,92,8231,42,0,13
15452,22,8231,42,1,5
15453,86,8232,42,1,4
15454,97,8233,42,1,3
15455,18,8233,42,0,7
15456,8,8234,42,1,-1
15457,65,8234,42,0,20
15458,21,8234,42,0,19
15459,79,8234,42,1,2
15460,84,8235,42,1,3
15461,21,8236,42,0,27
15462,69,8236,42,1,4
15463,77,8236,42,1,5
15464,76,8237,42,1,-1
15465,54,8238,42,1,3
15466,56,8238,42,1,0
15467,86,8238,42,1,1
15468,95,8239,42,0,11
15469,43,8239,42,0,29
15470,15,8239,42,1,4
15471,32,8240,42,0,8
15472,37,8241,42,1,1
15473,7,8242,42,1,-2
15474,30,8243,42,1,3
15475,52,8244,42,1,4
15476,100,8245,42,0,27
15477,3,8245,42,1,1
15478,55,8245,42,0,20
15479,49,8246,42,1,4
15480,2,8247,42,0,15
15481,75,8247,42,1,7
15482,87,8248,42,0,13
15483,44,8248,42,0,14
15484,22,8249,42,1,1
15485,21,8250,42,0,10
15486,16,8251,42,0,18
15487,42,8251,42,0,10
15488,97,8252,42,1,2
15489,40,8253,42,0,9
15490,7,8253,42,1,-1
15491,64,8254,42,1,-1
15492,37,8254,42,1,2
15493,2,8255,42,0,27
15494,36,8255,42,0,19
15495,48,8255,42,1,4
15496,84,8256,42,1,-1
15497,40,8256,42,1,6
15498,74,8256,42,1,2
15499,9,8257,42,1,-1
15500,95,8258,42,1,-3
15501,10,8259,42,0,22
15502,5,8259,42,1,-1
15503,83,8260,42,1,7
15504,60,8260,42,1,5
15505,54,8261,42,0,8
15506,94,8262,42,1,0
15507,84,8262,42,1,-1
15508,2,8263,42,1,3
15509,15,8263,42,1,3
15510,20,8263,42,1,4
15511,72,8264,42,1,5
15512,77,8265,42,1,2
15513,74,8265,42,1,5
15514,68,8266,42,1,3
15515,53,8266,42,0,19
15516,89,8267,42,1,2
15517,27,8268,42,0,6
15518,11,8269,42,1,7
15519,58,8269,42,0,17
15520,22,8270,42,1,1
15521,16,8270,42,0,14
15522,45,8271,42,1,2
15523,84,8271,42,1,3
15524,20,8272,42,1,5
15525,83,8272,42,0,22
15526,77,8272,42,0,18
15527,27,8273,42,1,0
15528,72,8274,42,1,-1
15529,80,8275,42,0,10
15530,2,8275,42,0,30
15531,94,8275,42,0,28
15532,9,8275,42,1,4
15533,1,8276,42,1,4
15534,22,8276,42,1,3
15535,39,8277,42,1,-2
15536,87,8278,42,1,7
15537,99,8278,42,0,27
15538,85,8278,42,1,7
15539,99,8279,42,1,1
15540,50,8280,42,0,25
15541,27,8280,42,1,2
15542,88,8280,42,1,0
15543,23,8280,42,1,-1
15544,13,8281,42,0,14
15545,31,8282,42,1,6
15546,85,8282,42,0,23
15547,45,8282,42,1,3
15548,81,8283,42,0,11
15549,4,8283,42,0,23
15550,8,8283,42,1,-1
15551,2,8283,42,1,4
15552,97,8284,42,0,19
15553,46,8285,42,1,5
15554,23,8285,42,1,-2
15555,7,8286,42,1,0
15556,56,8286,42,0,16
15557,90,8287,42,1,1
15558,57,8287,42,1,4
15559,94,8288,42,1,6
15560,55,8288,42,1,6
15561,66,8288,42,0,24
15562,78,8289,42,1,-2
15563,65,8290,42,0,20
15564,60,8290,42,1,0
15565,26,8291,42,1,5
15566,78,8291,42,1,-1
15567,56,8292,42,1,0
15568,35,8292,42,1,5
15569,11,8293,42,1,4
15570,9,8293,42,0,11
15571,33,8294,42,1,0
15572,63,8294,42,1,7
15573,80,8295,42,0,15
15574,30,8295,42,0,19
15575,84,8296,42,0,16
15576,40,8296,42,1,-1
15577,61,8297,42,1,2
15578,10,8298,42,1,3
15579,57,8298,42,1,1
15580,70,8298,42,0,12
15581,64,8298,42,0,19
15582,88,8299,42,1,2
15583,67,8299,42,1,6
15584,40,8300,42,1,7
15585,83,8300,42,1,-1
15586,33,8300,42,1,4
15587,82,8300,42,1,3
15588,36,8301,42,0,9
15589,77,8302,42,0,6
15590,19,8302,42,0,15
15591,90,8303,42,1,6
15592,60,8303,42,1,2
15593,73,8304,42,1,0
15594,85,8304,42,0,28
15595,93,8305,42,1,2
15596,57,8306,42,0,18
15597,76,8306,42,1,5
15598,43,8306,42,1,-1
15599,58,8307,42,1,3
15600,15,8307,42,1,0
15601,14,8308,42,1,-1
15602,21,8308,42,1,-1
15603,62,8309,42,0,20
15604,78,8309,42,1,-1
15605,53,8310,42,0,22
15606,63,8310,42,1,-1
15607,16,8310,42,1,4
15608,97,8310,42,1,1
15609,66,8311,42,1,1
15610,46,8311,42,1,4
15611,75,8311,42,1,1
15612,50,8312,42,1,1
15613,22,8313,42,1,6
15614,40,8313,42,0,22
15615,81,8313,42,1,-1
15616,29,8314,42,1,1
15617,40,8314,42,0,8
15618,41,8315,42,1,6
15619,96,8315,42,0,25
15620,25,8315,42,0,23
15621,38,8315,42,1,3
15622,77,8316,42,1,3
15623,7,8316,42,1,1
15624,41,8316,42,1,7
15625,37,8316,42,1,7
15626,87,8317,42,0,30
15627,36,8317,42,0,23
15628,40,8317,42,1,7
15629,34,8318,42,1,3
15630,82,8318,42,1,1
15631,70,8319,42,1,4
15632,21,8320,42,0,16
15633,8,8320,42,1,3
15634,54,8321,42,1,5
15635,44,8322,42,0,22
15636,21,8322,42,1,0
15637,15,8322,42,1,7
15638,1,8322,42,0,25
15639,22,8323,42,1,1
15640,23,8323,42,0,16
15641,94,8324,42,1,5
15642,100,8324,42,0,19
15643,100,8325,42,1,4
15644,75,8326,42,1,3
15645,33,8326,42,0,15
15646,2,8326,42,0,20
15647,6,8326,42,0,10
15648,33,8327,42,0,10
15649,10,8328,42,0,12
15650,68,8328,42,1,4
15651,80,8329,42,1,0
15652,64,8329,42,1,0
15653,60,8330,42,1,1
15654,30,8331,42,1,5
15655,26,8331,42,0,14
15656,34,8332,42,1,2
15657,67,8333,42,1,4
15658,21,8333,42,1,-2
15659,14,8334,42,1,5
15660,3,8334,42,1,0
15661,51,8334,42,0,20
15662,73,8334,42,1,1
15663,3,8335,42,1,5
15664,60,8335,42,0,21
15665,37,8336,42,1,6
15666,85,8336,42,0,16
15667,19,8337,42,1,6
15668,82,8337,42,1,0
15669,23,8337,42,1,0
15670,87,8337,42,1,-1
15671,69,8338,42,1,7
15672,49,8338,42,1,4
15673,52,8339,42,1,2
15674,70,8339,42,0,16
15675,68,8340,42,1,-1
15676,80,8340,42,1,-1
15677,65,8341,42,0,18
15678,56,8341,42,1,2
15679,88,8341,42,1,7
15680,100,8342,42,0,11
15681,54,8343,42,0,13
15682,89,8344,42,1,3
15683,62,8345,42,0,16
15684,17,8345,42,1,1
15685,26,8345,42,1,3
15686,56,8346,42,1,-1
15687,16,8346,42,1,5
15688,49,8347,42,1,5
15689,45,8348,42,0,3
15690,34,8349,42,1,3
15691,70,8349,42,1,5
15692,41,8350,42,0,22
15693,36,8350,42,0,17
15694,13,8351,42,1,2
15695,51,8352,42,1,1
15696,92,8352,42,0,28
15697,9,8353,42,1,0
15698,10,8353,42,1,-1
15699,34,8354,42,1,1
15700,54,8354,42,1,7
15701,44,8355,42,1,3
15702,6,8355,42,0,13
15703,10,8356,42,1,-2
15704,24,8356,42,1,5
15705,58,8357,42,0,16
15706,95,8357,42,1,5
15707,35,8357,42,1,2
15708,97,8358,42,0,10
15709,60,8359,42,1,7
15710,33,8359,42,1,3
15711,97,8359,42,0,30
15712,64,8360,42,0,9
15713,95,8361,42,0,16
15714,70,8362,42,0,11
15715,85,8362,42,1,7
15716,57,8362,42,1,1
15717,93,8362,42,1,5
15718,68,8363,42,1,-1
15719,44,8364,42,1,1
15720,35,8364,42,1,0
15721,68,8364,42,1,4
15722,99,8365,42,1,6
15723,1,8365,42,0,27
15724,47,8365,42,1,0
15725,33,8365,42,1,4
15726,9,8366,42,0,25
15727,70,8366,42,0,30
15728,5,8366,42,0,15
15729,47,8367,42,0,10
15730,71,8367,42,0,13
15731,23,8368,42,1,0
15732,94,8368,42,1,5
15733,79,8369,42,1,3
15734,98,8369,42,1,5
15735,60,8369,42,0,28
15736,51,8369,42,0,23
15737,86,8370,42,1,-1
15738,44,8370,42,1,4
15739,17,8370,42,1,4
15740,30,8371,42,1,0
15741,25,8372,42,1,3
15742,25,8373,42,1,0
15743,25,8374,42,1,7
15744,34,8374,42,0,15
15745,89,8375,42,1,3
15746,76,8376,42,1,3
15747,66,8376,42,1,6
15748,64,8376,42,1,4
15749,26,8377,42,1,5
15750,47,8377,42,0,30
15751,36,8377,42,0,17
15752,100,8378,42,1,1
15753,12,8378,42,1,-2
15754,40,8379,42,1,3
15755,47,8380,42,1,1
15756,13,8381,42,0,6
15757,3,8382,42,1,-2
15758,46,8383,42,1,-1
15759,14,8383,42,0,27
15760,46,8384,42,1,7
15761,17,8384,42,1,5
15762,99,8384,42,0,22
15763,90,8385,42,0,6
15764,60,8386,42,1,0
15765,71,8386,42,0,25
15766,37,8386,42,1,-1
15767,58,8386,42,0,23
15768,67,8387,42,1,3
15769,94,8388,42,0,13
15770,11,8388,42,1,2
15771,100,8388,42,1,4
15772,13,8389,42,0,11
15773,50,8390,42,0,8
15774,40,8391,42,0,21
15775,88,8391,42,1,3
15776,83,8391,42,0,23
15777,14,8392,42,1,4
15778,74,8392,42,0,12
15779,58,8393,42,1,3
15780,64,8393,42,1,0
15781,100,8393,42,1,7
15782,47,8394,42,1,3
15783,35,8395,42,0,24
15784,41,8395,42,1,6
15785,35,8396,42,1,1
15786,42,8396,42,1,0
15787,25,8397,42,1,7
15788,52,8397,42,1,2
15789,100,8398,42,1,-2
15790,68,8399,42,1,2
15791,100,8399,42,1,-1
15792,54,8400,42,1,0
15793,90,8401,43,1,0
15794,94,8402,43,1,0
15795,11,8402,43,0,13
15796,33,8402,43,0,22
15797,14,8402,43,1,3
15798,34,8403,43,1,1
15799,43,8404,43,0,30
15800,52,8404,43,1,2
15801,17,8404,43,1,4
15802,96,8404,43,0,21
15803,51,8405,43,1,5
15804,18,8405,43,1,3
15805,75,8406,43,1,-1
15806,77,8407,43,1,2
15807,1,8408,43,1,2
15808,8,8408,43,0,10
15809,8,8409,43,1,2
15810,29,8409,43,1,0
15811,73,8410,43,0,20
15812,84,8411,43,1,1
15813,48,8411,43,1,4
15814,96,8412,43,0,24
15815,97,8412,43,1,6
15816,14,8412,43,1,0
15817,56,8413,43,0,21
15818,64,8413,43,1,6
15819,41,8414,43,1,-2
15820,67,8415,43,0,24
15821,24,8415,43,1,-1
15822,4,8415,43,1,-1
15823,3,8416,43,0,22
15824,26,8416,43,1,4
15825,60,8417,43,1,-3
15826,29,8418,43,0,14
15827,46,8419,43,0,17
15828,41,8420,43,0,10
15829,49,8421,43,1,-2
15830,35,8422,43,1,5
15831,98,8422,43,1,3
15832,89,8423,43,1,-2
15833,91,8424,43,1,0
15834,98,8424,43,0,20
15835,15,8424,43,1,7
15836,39,8425,43,1,2
15837,93,8426,43,1,1
15838,89,8426,43,0,20
15839,49,8426,43,0,26
15840,72,8426,43,1,-1
15841,67,8427,43,1,-2
15842,67,8428,43,1,2
15843,76,8428,43,1,3
15844,26,8428,43,0,29
15845,15,8429,43,1,-3
15846,71,8430,43,0,20
15847,49,8430,43,1,-1
15848,73,8431,43,1,0
15849,86,8431,43,0,19
15850,90,8432,43,1,2
15851,43,8432,43,1,7
15852,9,8432,43,1,7
15853,46,8432,43,0,12
15854,77,8433,43,1,0
15855,70,8434,43,1,-3
15856,24,8435,43,0,6
15857,76,8436,43,1,2
15858,31,8436,43,1,2
15859,95,8437,43,0,18
15860,6,8437,43,0,10
15861,6,8438,43,0,12
15862,35,8438,43,1,-1
15863,65,8439,43,1,-2
15864,5,8439,43,1,-2
15865,26,8440,43,0,30
15866,71,8440,43,0,13
15867,100,8441,43,0,20
15868,23,8442,43,1,0
15869,5,8443,43,1,0
15870,94,8444,43,1,2
15871,21,8444,43,1,-1
15872,13,8445,43,0,16
15873,80,8445,43,0,20
15874,90,8446,43,0,28
15875,99,8446,43,1,7
15876,10,8446,43,1,0
15877,14,8447,43,1,2
15878,93,8447,43,1,7
15879,1,8447,43,0,22
15880,24,8448,43,1,0
15881,78,8449,43,1,-1
15882,52,8449,43,1,4
15883,57,8450,43,1,1
15884,96,8450,43,1,6
15885,70,8450,43,1,-1
15886,63,8451,43,1,2
15887,94,8452,43,1,-1
15888,89,8453,43,1,6
15889,18,8453,43,0,24
15890,48,8453,43,1,4
15891,75,8454,43,1,-2
15892,76,8454,43,0,6
15893,12,8455,43,1,0
15894,67,8455,43,1,1
15895,2,8456,43,0,15
15896,88,8456,43,1,5
15897,37,8457,43,1,2
15898,86,8458,43,0,12
15899,9,8458,43,0,13
15900,11,8459,43,1,3
15901,86,8460,43,1,3
15902,39,8460,43,1,5
15903,87,8461,43,1,6
15904,30,8461,43,1,1
15905,53,8461,43,0,30
15906,3,8461,43,1,-1
15907,99,8462,43,0,5
15908,91,8463,43,1,-1
15909,75,8464,43,1,1
15910,2,8464,43,1,1
15911,53,8465,43,0,12
15912,21,8465,43,1,-1
15913,60,8465,43,1,2
15914,57,8466,43,0,10
15915,15,8466,43,1,2
15916,7,8467,43,1,2
15917,70,8468,43,0,20
15918,100,8468,43,1,4
15919,19,8469,43,1,7
15920,70,8469,43,0,30
15921,38,8469,43,1,5
15922,27,8470,43,1,-2
15923,39,8471,43,0,8
15924,65,8471,43,0,18
15925,13,8472,43,0,22
15926,24,8472,43,1,6
15927,95,8472,43,1,2
15928,15,8473,43,1,4
15929,14,8474,43,1,0
15930,36,8474,43,0,10
15931,26,8474,43,1,4
15932,18,8475,43,1,1
15933,88,8476,43,1,-1
15934,78,8477,43,1,-2
15935,35,8477,43,0,8
15936,56,8478,43,0,22
15937,96,8478,43,1,-1
15938,67,8479,43,1,-1
15939,100,8480,43,1,0
15940,89,8481,43,1,-3
15941,64,8482,43,0,11
15942,78,8483,43,1,3
15943,91,8484,43,1,5
15944,72,8484,43,0,19
15945,83,8484,43,1,0
15946,69,8484,43,1,5
15947,2,8485,43,0,9
15948,44,8486,43,1,5
15949,83,8486,43,1,-1
15950,10,8487,43,0,20
15951,98,8487,43,1,-1
15952,68,8487,43,1,0
15953,85,8488,43,0,22
15954,97,8488,43,0,29
15955,1,8488,43,1,6
15956,95,8489,43,1,4
15957,51,8489,43,1,3
15958,27,8489,43,1,5
15959,16,8490,43,0,20
15960,34,8490,43,1,-1
15961,10,8491,43,1,7
15962,27,8491,43,0,18
15963,56,8491,43,1,5
15964,91,8492,43,1,4
15965,93,8492,43,0,11
15966,80,8493,43,1,5
15967,3,8494,43,0,15
15968,19,8495,43,1,3
15969,86,8496,43,1,6
15970,97,8496,43,1,7
15971,61,8496,43,0,13
15972,94,8496,43,0,15
15973,17,8497,43,1,2
15974,92,8497,43,1,1
15975,42,8497,43,1,5
15976,20,8498,43,0,23
15977,44,8498,43,1,0
15978,14,8499,43,1,3
15979,75,8499,43,0,13
15980,68,8500,43,0,6
15981,2,8501,43,1,1
15982,27,8502,43,0,16
15983,84,8502,43,1,2
15984,65,8503,43,1,5
15985,89,8503,43,1,5
15986,26,8504,43,1,5
15987,91,8505,43,0,9
15988,97,8506,43,1,-1
15989,44,8507,43,1,2
15990,49,8507,43,1,1
15991,4,8508,43,1,2
15992,90,8508,43,0,11
15993,41,8509,43,0,7
15994,99,8510,43,0,7
15995,13,8510,43,1,5
15996,17,8511,43,1,0
15997,68,8511,43,1,0
15998,60,8512,43,0,22
15999,23,8512,43,1,1
16000,4,8513,43,1,2
16001,7,8513,43,1,5
16002,2,8514,43,1,0
16003,69,8514,43,0,10
16004,21,8515,43,0,16
16005,24,8515,43,1,0
16006,39,8516,43,1,0
16007,73,8517,43,0,13
16008,93,8517,43,1,-2
16009,99,8518,43,1,5
16010,31,8519,43,1,3
16011,45,8519,43,0,11
16012,1,8519,43,1,4
16013,54,8520,43,1,1
16014,24,8520,43,1,3
16015,35,8521,43,1,4
16016,41,8521,43,1,-1
16017,58,8521,43,0,27
16018,50,8522,43,1,2
16019,34,8522,43,1,-1
16020,50,8523,43,0,10
16021,94,8524,43,1,-1
16022,40,8524,43,1,5
16023,77,8525,43,0,13
16024,3,8525,43,1,3
16025,50,8525,43,1,6
16026,24,8525,43,0,15
16027,39,8526,43,1,4
16028,5,8527,43,1,2
16029,45,8527,43,0,10
16030,27,8528,43,1,-2
16031,13,8529,43,1,5
16032,11,8529,43,0,16
16033,2,8530,43,1,1
16034,25,8531,43,1,0
16035,99,8531,43,0,11
16036,21,8532,43,0,18
16037,53,8533,43,1,2
16038,43,8533,43,1,-1
16039,28,8534,43,1,0
16040,91,8535,43,1,-2
16041,3,8535,43,0,6
16042,91,8536,43,1,4
16043,5,8536,43,0,28
16044,55,8536,43,0,28
16045,93,8536,43,0,26
16046,77,8537,43,1,2
16047,24,8538,43,1,7
16048,43,8538,43,1,6
16049,33,8538,43,1,-1
16050,57,8538,43,1,6
16051,75,8539,43,1,1
16052,96,8539,43,1,-1
16053,27,8539,43,0,26
16054,89,8539,43,1,7
16055,19,8540,43,1,4
16056,46,8540,43,0,12
16057,94,8540,43,0,14
16058,24,8540,43,1,7
16059,65,8541,43,1,-3
16060,85,8542,43,1,5
16061,9,8543,43,1,5
16062,8,8543,43,0,7
16063,58,8544,43,1,-3
16064,98,8545,43,0,17
16065,88,8545,43,1,4
16066,67,8546,43,0,8
16067,64,8546,43,1,4
16068,32,8547,43,1,0
16069,80,8547,43,0,20
16070,97,8548,43,1,5
16071,83,8548,43,1,2
16072,99,8549,43,0,17
16073,59,8549,43,1,3
16074,91,8550,43,0,18
16075,53,8550,43,1,2
16076,74,8551,43,0,29
16077,1,8551,43,0,30
16078,11,8551,43,0,11
16079,40,8552,43,1,4
16080,83,8552,43,1,0
16081,72,8553,43,1,3
16082,27,8553,43,0,7
16083,58,8554,43,1,2
16084,92,8555,43,1,0
16085,50,8556,43,1,2
16086,9,8557,43,1,1
16087,14,8557,43,0,13
16088,30,8557,43,1,7
16089,95,8558,43,1,-1
16090,52,8558,43,0,17
16091,22,8559,43,1,1
16092,53,8559,43,1,4
16093,12,8560,43,1,-1
16094,44,8561,43,1,-1
16095,2,8562,43,0,3
16096,41,8563,43,1,-3
16097,81,8564,43,1,0
16098,28,8564,43,1,2
16099,2,8565,43,1,3
16100,81,8566,43,0,11
16101,5,8567,43,0,14
16102,47,8568,43,1,1
16103,32,8569,43,1,-1
16104,37,8570,43,1,2
16105,96,8570,43,1,7
16106,26,8571,43,1,3
16107,61,8571,43,0,10
16108,54,8572,43,0,15
16109,29,8572,43,1,-2
16110,6,8573,43,1,7
16111,90,8573,43,1,7
16112,65,8573,43,0,16
16113,96,8574,43,1,0
16114,43,8574,43,1,4
16115,36,8575,43,1,-1
16116,55,8575,43,1,-1
16117,61,8576,43,0,30
16118,8,8576,43,0,18
16119,21,8577,43,1,-1
16120,21,8578,43,1,-1
16121,27,8578,43,0,20
16122,66,8579,43,1,6
16123,10,8579,43,1,3
16124,88,8579,43,1,4
16125,80,8580,43,1,5
16126,77,8580,43,0,22
16127,35,8580,43,0,20
16128,85,8581,43,0,26
16129,33,8581,43,1,1
16130,64,8582,43,0,6
16131,82,8582,43,1,4
16132,17,8583,43,1,2
16133,10,8583,43,1,7
16134,24,8583,43,1,5
16135,7,8583,43,1,1
16136,82,8584,43,1,-1
16137,57,8585,43,1,5
16138,44,8585,43,0,13
16139,16,8586,43,0,4
16140,70,8587,43,1,5
16141,77,8587,43,1,-1
16142,39,8587,43,1,1
16143,71,8588,43,1,3
16144,97,8588,43,0,19
16145,90,8588,43,0,27
16146,6,8588,43,1,6
16147,94,8589,43,0,7
16148,70,8589,43,1,-2
16149,14,8590,43,1,-1
16150,66,8590,43,1,3
16151,41,8590,43,1,5
16152,10,8590,43,1,4
16153,19,8591,43,0,11
16154,73,8592,43,0,16
16155,93,8592,43,1,-1
16156,64,8593,43,1,5
16157,33,8594,43,1,-1
16158,56,8594,43,0,17
16159,93,8595,43,0,25
16160,67,8595,43,1,4
16161,14,8596,43,1,-2
16162,98,8596,43,0,13
16163,94,8597,43,1,4
16164,69,8597,43,1,-2
16165,85,8598,43,1,1
16166,98,8598,43,1,2
16167,70,8598,43,1,5
16168,36,8598,43,0,10
16169,99,8599,43,0,8
16170,61,8600,43,1,1
16171,83,8601,44,0,13
16172,52,8601,44,1,3
16173,71,8602,44,0,7
16174,88,8602,44,1,0
16175,48,8603,44,1,-1
16176,75,8603,44,1,4
16177,85,8604,44,0,3
16178,98,8605,44,0,13
16179,2,8606,44,0,21
16180,72,8606,44,1,0
16181,82,8606,44,0,20
16182,14,8607,44,1,4
16183,77,8608,44,0,11
16184,76,8609,44,1,2
16185,77,8610,44,1,1
16186,33,8611,44,1,-2
16187,34,8612,44,1,4
16188,92,8613,44,1,-1
16189,80,8614,44,1,-2
16190,30,8615,44,1,7
16191,13,8615,44,1,7
16192,7,8616,44,1,0
16193,39,8616,44,0,20
16194,39,8617,44,0,14
16195,49,8617,44,0,21
16196,75,8618,44,1,1
16197,45,8619,44,1,-3
16198,69,8620,44,1,2
16199,14,8621,44,1,6
16200,54,8621,44,0,22
16201,83,8622,44,0,9
16202,33,8623,44,1,0
16203,66,8624,44,1,-3
16204,3,8625,44,1,5
16205,48,8625,44,1,-1
16206,96,8626,44,1,0
16207,15,8626,44,1,-2
16208,30,8627,44,1,0
16209,96,8628,44,0,10
16210,99,8629,44,1,1
16211,40,8630,44,1,0
16212,57,8630,44,0,29
16213,89,8630,44,1,1
16214,6,8631,44,1,-1
16215,52,8631,44,0,29
16216,90,8631,44,0,28
16217,95,8631,44,1,-1
16218,92,8632,44,1,0
16219,89,8633,44,1,0
16220,39,8633,44,0,17
16221,55,8634,44,1,-1
16222,3,8635,44,1,-1
16223,18,8636,44,1,-1
16224,7,8636,44,1,4
16225,71,8637,44,1,7
16226,80,8637,44,0,29
16227,60,8637,44,1,6
16228,52,8637,44,1,1
16229,37,8638,44,0,18
16230,47,8639,44,0,5
16231,1,8640,44,1,2
16232,54,8640,44,1,-2
16233,1,8641,44,0,12
16234,67,8642,44,1,4
16235,25,8642,44,1,1
16236,93,8643,44,0,7
16237,91,8643,44,1,1
16238,38,8644,44,1,3
16239,33,8644,44,0,12
16240,67,8644,44,1,5
16241,39,8644,44,1,7
16242,58,8645,44,1,-1
16243,34,8646,44,1,2
16244,49,8646,44,0,16
16245,9,8647,44,1,2
16246,30,8647,44,0,14
16247,59,8648,44,0,19
16248,73,8648,44,1,4
16249,7,8649,44,1,-3
16250,72,8650,44,1,5
16251,95,8650,44,0,25
16252,89,8650,44,1,2
16253,74,8651,44,1,-2
16254,21,8652,44,1,4
16255,65,8652,44,1,0
16256,54,8653,44,0,11
16257,29,8654,44,0,20
16258,88,8654,44,0,13
16259,22,8655,44,1,4
16260,74,8655,44,1,5
16261,10,8656,44,0,27
16262,6,8656,44,1,2
16263,95,8656,44,1,7
16264,5,8657,44,0,16
16265,76,8657,44,1,0
16266,40,8658,44,1,0
16267,89,8658,44,1,-1
16268,58,8659,44,1,2
16269,81,8659,44,0,19
16270,56,8659,44,0,20
16271,69,8660,44,1,0
16272,24,8661,44,1,0
16273,65,8661,44,1,3
16274,95,8662,44,1,5
16275,90,8662,44,1,6
16276,79,8663,44,1,-2
16277,62,8664,44,0,23
16278,91,8664,44,0,21
16279,63,8664,44,1,3
16280,72,8664,44,0,24
16281,25,8665,44,0,4
16282,30,8666,44,1,2
16283,17,8667,44,0,7
16284,22,8668,44,1,2
16285,8,8669,44,1,-2
16286,95,8670,44,1,2
16287,84,8670,44,1,1
16288,2,8670,44,1,1
16289,43,8670,44,1,-1
16290,88,8671,44,1,-1
16291,62,8672,44,1,3
16292,46,8673,44,0,22
16293,78,8673,44,0,16
16294,80,8673,44,0,15
16295,58,8674,44,1,-2
16296,65,8674,44,1,5
16297,23,8675,44,0,21
16298,85,8675,44,0,29
16299,53,8675,44,1,-1
16300,22,8676,44,1,1
16301,32,8676,44,1,0
16302,57,8677,44,0,12
16303,88,8678,44,1,4
16304,20,8678,44,0,19
16305,99,8678,44,1,2
16306,57,8679,44,1,2
16307,40,8679,44,1,3
16308,51,8680,44,1,2
16309,1,8680,44,1,5
16310,10,8680,44,1,7
16311,74,8680,44,0,21
16312,3,8681,44,1,4
16313,81,8681,44,1,7
16314,77,8682,44,1,-3
16315,3,8683,44,0,16
16316,51,8683,44,0,28
16317,18,8683,44,1,7
16318,100,8684,44,1,2
16319,86,8685,44,0,7
16320,43,8685,44,1,3
16321,69,8686,44,1,2
16322,20,8686,44,0,17
16323,67,8687,44,1,4
16324,57,8688,44,1,2
16325,87,8688,44,0,10
16326,38,8689,44,1,-1
16327,78,8690,44,0,30
16328,10,8690,44,0,11
16329,95,8690,44,1,3
16330,4,8691,44,1,6
16331,87,8691,44,1,7
16332,18,8691,44,1,0
16333,98,8691,44,1,3
16334,40,8692,44,0,6
16335,90,8692,44,0,19
16336,57,8693,44,1,-1
16337,22,8694,44,1,-1
16338,97,8694,44,0,13
16339,92,8695,44,1,2
16340,71,8696,44,1,3
16341,74,8696,44,0,7
16342,86,8697,44,0,14
16343,93,8697,44,1,2
16344,53,8698,44,0,19
16345,10,8698,44,1,3
16346,16,8698,44,1,5
16347,12,8699,44,0,19
16348,76,8699,44,0,30
16349,66,8699,44,0,19
16350,66,8700,44,0,15
16351,43,8701,44,1,1
16352,10,8702,44,1,0
16353,55,8703,44,1,4
16354,65,8704,44,1,5
16355,97,8704,44,1,6
16356,51,8705,44,1,2
16357,27,8705,44,1,0
16358,70,8705,44,1,5
16359,58,8706,44,1,3
16360,67,8707,44,1,5
16361,33,8708,44,0,20
16362,98,8708,44,1,2
16363,70,8709,44,1,-1
16364,59,8710,44,1,7
16365,2,8710,44,1,0
16366,51,8711,44,1,-2
16367,74,8711,44,1,0
16368,7,8712,44,1,3
16369,72,8712,44,0,12
16370,98,8713,44,0,12
16371,99,8714,44,1,7
16372,62,8714,44,1,0
16373,41,8714,44,1,4
16374,35,8715,44,1,-1
16375,95,8715,44,1,-1
16376,66,8715,44,1,6
16377,61,8715,44,0,26
16378,28,8716,44,0,15
16379,16,8716,44,1,1
16380,7,8716,44,0,24
16381,68,8717,44,1,4
16382,55,8717,44,0,19
16383,94,8718,44,1,-2
16384,16,8719,44,0,17
16385,85,8719,44,1,7
16386,22,8719,44,1,-1
16387,3,8720,44,1,2
16388,33,8721,44,0,7
16389,41,8722,44,1,3
16390,32,8722,44,0,6
16391,85,8723,44,0,14
16392,8,8723,44,0,11
16393,31,8724,44,0,11
16394,1,8725,44,1,-2
16395,68,8726,44,1,3
16396,33,8726,44,0,19
16397,17,8726,44,1,3
16398,52,8726,44,0,24
16399,15,8727,44,1,1
16400,38,8727,44,0,16
16401,64,8728,44,1,7
16402,100,8728,44,1,1
16403,55,8728,44,1,7
16404,30,8729,44,0,3
16405,56,8730,44,0,23
16406,48,8730,44,1,7
16407,56,8731,44,1,-1
16408,66,8731,44,1,1
16409,37,8732,44,1,-1
16410,9,8733,44,1,3
16411,64,8734,44,1,1
16412,53,8734,44,1,2
16413,81,8734,44,1,1
16414,41,8734,44,1,5
16415,72,8735,44,1,1
16416,26,8736,44,0,29
16417,12,8736,44,1,1
16418,50,8736,44,0,15
16419,96,8737,44,0,19
16420,81,8737,44,1,5
16421,53,8738,44,1,0
16422,36,8738,44,1,5
16423,43,8739,44,1,-3
16424,56,8740,44,1,3
16425,65,8741,44,0,5
16426,7,8742,44,1,2
16427,10,8743,44,1,0
16428,57,8744,44,0,14
16429,82,8745,44,0,18
16430,28,8745,44,1,2
16431,40,8746,44,1,6
16432,78,8746,44,1,2
16433,38,8747,44,0,16
16434,44,8748,44,1,2
16435,22,8749,44,0,6
16436,5,8749,44,1,-2
16437,76,8750,44,1,5
16438,13,8750,44,1,4
16439,77,8751,44,1,7
16440,50,8751,44,1,6
16441,89,8751,44,0,20
16442,85,8752,44,1,6
16443,84,8752,44,1,-1
16444,100,8752,44,1,7
16445,96,8753,44,0,11
16446,20,8753,44,1,3
16447,89,8753,44,0,24
16448,21,8754,44,1,5
16449,86,8755,44,0,4
16450,31,8756,44,1,4
16451,35,8757,44,0,18
16452,72,8758,44,1,5
16453,97,8758,44,1,-1
16454,45,8759,44,1,-2
16455,79,8759,44,1,-2
16456,70,8760,44,1,5
16457,100,8760,44,0,19
16458,58,8761,44,0,19
16459,3,8761,44,1,7
16460,66,8761,44,1,-1
16461,29,8762,44,1,5
16462,52,8762,44,1,-2
16463,32,8763,44,1,-1
16464,52,8764,44,1,-2
16465,1,8764,44,0,6
16466,12,8765,44,0,18
16467,81,8765,44,1,3
16468,55,8766,44,1,2
16469,5,8766,44,1,2
16470,59,8766,44,1,-1
16471,58,8767,44,1,1
16472,84,8768,44,1,3
16473,18,8769,44,1,7
16474,73,8769,44,0,13
16475,43,8769,44,0,27
16476,38,8769,44,0,21
16477,99,8770,44,1,1
16478,38,8770,44,0,25
16479,1,8770,44,1,1
16480,44,8771,44,1,4
16481,58,8771,44,1,-1
16482,16,8772,44,0,27
16483,2,8772,44,1,2
16484,92,8772,44,0,17
16485,72,8773,44,0,27
16486,19,8773,44,1,-1
16487,82,8773,44,1,5
16488,91,8774,44,1,2
16489,60,8774,44,1,2
16490,30,8775,44,1,3
16491,78,8775,44,1,0
16492,93,8776,44,1,5
16493,60,8777,44,1,7
16494,100,8777,44,0,20
16495,24,8778,44,1,6
16496,33,8778,44,0,15
16497,21,8778,44,0,21
16498,13,8779,44,1,1
16499,57,8779,44,1,0
16500,55,8780,44,1,-3
16501,69,8781,44,1,3
16502,23,8782,44,1,3
16503,36,8783,44,1,2
16504,39,8783,44,1,3
16505,83,8784,44,0,20
16506,89,8784,44,0,24
16507,35,8785,44,1,7
16508,6,8785,44,1,7
16509,52,8786,44,1,4
16510,17,8786,44,1,4
16511,93,8787,44,0,18
16512,82,8787,44,1,1
16513,88,8788,44,1,-2
16514,91,8789,44,0,14
16515,78,8789,44,0,7
16516,55,8790,44,1,0
16517,75,8791,44,1,-2
16518,96,8792,44,1,0
16519,82,8792,44,1,1
16520,53,8793,44,0,15
16521,53,8794,44,1,-1
16522,18,8794,44,0,12
16523,87,8794,44,0,17
16524,54,8795,44,1,2
16525,34,8795,44,0,10
16526,8,8796,44,0,20
16527,94,8796,44,1,0
16528,82,8797,44,1,6
16529,41,8797,44,0,24
16530,66,8797,44,0,12
16531,70,8798,44,1,0
16532,29,8799,44,0,8
16533,72,8799,44,0,16
16534,54,8800,44,1,0
16535,94,8801,45,0,9
16536,20,8802,45,1,3
16537,93,8803,45,0,20
16538,73,8803,45,1,5
16539,54,8804,45,1,0
16540,13,8804,45,1,0
16541,23,8804,45,0,22
16542,57,8805,45,0,18
16543,78,8806,45,1,4
16544,100,8806,45,1,3
16545,67,8807,45,1,4
16546,50,8807,45,1,2
16547,45,8808,45,1,-2
16548,81,8809,45,1,-1
16549,90,8809,45,0,11
16550,86,8810,45,1,-3
16551,77,8811,45,1,-1
16552,2,8812,45,0,29
16553,31,8812,45,1,5
16554,34,8812,45,1,6
16555,2,8813,45,1,3
16556,94,8813,45,1,2
16557,29,8813,45,0,25
16558,84,8814,45,0,27
16559,17,8814,45,0,18
16560,80,8815,45,1,2
16561,91,8816,45,1,-1
16562,7,8817,45,0,4
16563,1,8818,45,1,5
16564,58,8818,45,1,7
16565,97,8818,45,1,3
16566,84,8819,45,0,21
16567,80,8819,45,0,28
16568,14,8820,45,1,1
16569,5,8820,45,1,6
16570,68,8820,45,1,4
16571,6,8820,45,1,4
16572,89,8821,45,1,1
16573,59,8822,45,1,4
16574,28,8822,45,1,3
16575,75,8822,45,0,28
16576,40,8822,45,1,4
16577,56,8823,45,1,0
16578,4,8823,45,1,4
16579,66,8824,45,1,4
16580,90,8825,45,1,-2
16581,91,8826,45,1,-1
16582,66,8826,45,1,1
16583,12,8826,45,1,6
16584,63,8827,45,1,-1
16585,25,8827,45,0,24
16586,19,8827,45,1,1
16587,42,8828,45,1,5
16588,99,8828,45,1,4
16589,56,8828,45,0,19
16590,36,8829,45,1,-1
16591,57,8830,45,0,18
16592,29,8830,45,1,0
16593,9,8830,45,0,18
16594,83,8830,45,0,14
16595,55,8831,45,1,0
16596,17,8831,45,1,1
16597,86,8832,45,1,2
16598,20,8832,45,1,4
16599,25,8833,45,1,1
16600,70,8834,45,1,3
16601,53,8834,45,1,0
16602,91,8834,45,0,25
16603,27,8835,45,1,4
16604,50,8836,45,1,2
16605,97,8836,45,0,30
16606,48,8836,45,1,3
16607,80,8836,45,0,28
16608,98,8837,45,1,-2
16609,18,8838,45,1,5
16610,9,8839,45,1,3
16611,48,8840,45,0,10
16612,33,8841,45,0,19
16613,98,8841,45,1,4
16614,10,8842,45,1,5
16615,83,8842,45,1,2
16616,17,8843,45,1,-2
16617,100,8844,45,0,14
16618,18,8845,45,1,5
16619,39,8845,45,1,4
16620,88,8845,45,0,20
16621,91,8845,45,1,7
16622,21,8846,45,0,10
16623,77,8846,45,0,17
16624,24,8847,45,1,3
16625,94,8848,45,1,3
16626,33,8849,45,1,-1
16627,54,8850,45,1,4
16628,87,8850,45,1,-1
16629,65,8851,45,0,28
16630,30,8851,45,1,-1
16631,96,8851,45,1,3
16632,70,8852,45,0,12
16633,37,8853,45,0,6
16634,84,8853,45,1,4
16635,15,8854,45,1,5
16636,43,8854,45,1,1
16637,27,8855,45,1,2
16638,46,8855,45,0,30
16639,33,8855,45,1,3
16640,77,8856,45,0,5
16641,84,8857,45,0,22
16642,95,8857,45,0,20
16643,30,8857,45,1,6
16644,90,8858,45,1,-2
16645,73,8858,45,1,-1
16646,1,8859,45,1,-2
16647,32,8860,45,1,-2
16648,84,8860,45,1,4
16649,43,8861,45,1,1
16650,53,8862,45,0,25
16651,50,8862,45,1,5
16652,98,8862,45,1,1
16653,4,8862,45,0,29
16654,50,8863,45,0,5
16655,52,8864,45,1,-1
16656,27,8865,45,1,1
16657,31,8865,45,0,12
16658,72,8866,45,1,-1
16659,60,8866,45,1,2
16660,22,8867,45,1,-2
16661,2,8868,45,0,6
16662,33,8869,45,0,19
16663,61,8869,45,1,-1
16664,47,8869,45,1,3
16665,32,8869,45,0,22
16666,19,8870,45,1,7
16667,30,8870,45,0,16
16668,30,8871,45,1,-1
16669,59,8872,45,1,6
16670,32,8872,45,1,-1
16671,91,8872,45,1,2
16672,58,8872,45,1,0
16673,77,8873,45,1,5
16674,9,8873,45,0,26
16675,50,8874,45,1,5
16676,91,8874,45,1,1
16677,1,8875,45,0,6
16678,47,8875,45,1,2
16679,93,8876,45,1,3
16680,74,8876,45,0,11
16681,32,8877,45,1,-1
16682,95,8877,45,0,16
16683,69,8878,45,1,4
16684,95,8878,45,1,4
16685,51,8878,45,0,17
16686,57,8878,45,0,12
16687,38,8879,45,1,-1
16688,38,8880,45,1,-1
16689,23,8881,45,1,-1
16690,60,8881,45,1,0
16691,37,8882,45,1,-2
16692,36,8883,45,0,14
16693,26,8884,45,1,4
16694,46,8884,45,1,2
16695,86,8885,45,0,4
16696,51,8886,45,1,3
16697,18,8887,45,1,5
16698,26,8887,45,0,11
16699,18,8888,45,1,5
16700,31,8888,45,1,1
16701,85,8889,45,0,26
16702,41,8889,45,1,1
16703,25,8890,45,0,16
16704,5,8891,45,0,13
16705,15,8892,45,1,3
16706,60,8893,45,1,2
16707,44,8894,45,1,4
16708,70,8895,45,1,0
16709,73,8896,45,0,13
16710,85,8896,45,1,1
16711,7,8897,45,0,18
16712,35,8898,45,1,1
16713,59,8899,45,1,2
16714,7,8900,45,1,-2
16715,67,8900,45,1,5
16716,98,8901,45,1,6
16717,77,8901,45,0,22
16718,21,8902,45,0,5
16719,31,8903,45,1,3
16720,23,8903,45,1,2
16721,80,8904,45,1,1
16722,72,8904,45,1,5
16723,41,8905,45,0,13
16724,2,8905,45,1,0
16725,85,8906,45,1,6
16726,1,8906,45,0,21
16727,98,8906,45,0,10
16728,92,8906,45,1,-1
16729,97,8907,45,1,1
16730,67,8907,45,1,6
16731,87,8907,45,1,-1
16732,42,8907,45,0,13
16733,7,8908,45,1,-2
16734,71,8908,45,1,-2
16735,18,8909,45,0,20
16736,41,8909,45,0,19
16737,9,8910,45,0,17
16738,59,8911,45,0,20
16739,30,8912,45,0,14
16740,50,8912,45,1,1
16741,12,8912,45,0,24
16742,4,8912,45,1,4
16743,73,8913,45,1,2
16744,2,8914,45,1,5
16745,17,8915,45,1,3
16746,90,8916,45,1,1
16747,97,8916,45,1,1
16748,30,8917,45,0,15
16749,57,8917,45,1,0
16750,56,8918,45,1,2
16751,37,8918,45,1,6
16752,66,8918,45,0,24
16753,6,8918,45,1,0
16754,46,8919,45,1,4
16755,44,8920,45,1,6
16756,34,8920,45,1,4
16757,57,8920,45,1,6
16758,47,8921,45,0,23
16759,76,8921,45,1,5
16760,48,8922,45,1,1
16761,88,8923,45,1,5
16762,35,8923,45,0,29
16763,55,8924,45,1,2
16764,64,8924,45,0,30
16765,87,8924,45,1,6
16766,51,8925,45,0,11
16767,82,8926,45,1,1
16768,33,8926,45,0,26
16769,35,8926,45,0,16
16770,75,8926,45,1,6
16771,53,8927,45,1,0
16772,30,8927,45,0,21
16773,18,8927,45,1,4
16774,9,8928,45,1,0
16775,92,8929,45,1,2
16776,85,8930,45,0,19
16777,60,8930,45,1,-1
16778,36,8931,45,0,7
16779,35,8932,45,1,0
16780,17,8933,45,1,0
16781,80,8933,45,0,14
16782,47,8934,45,1,0
16783,53,8935,45,1,-1
16784,11,8935,45,1,4
16785,99,8936,45,1,2
16786,25,8936,45,1,0
16787,67,8937,45,1,3
16788,40,8937,45,0,12
16789,26,8937,45,0,10
16790,37,8937,45,0,17
16791,17,8938,45,0,25
16792,3,8938,45,1,1
16793,37,8939,45,1,0
16794,25,8940,45,0,16
16795,49,8940,45,1,7
16796,53,8941,45,1,2
16797,27,8941,45,0,9
16798,67,8942,45,1,-1
16799,66,8942,45,1,2
16800,60,8943,45,1,-1
16801,38,8943,45,1,4
16802,28,8944,45,1,2
16803,63,8944,45,1,4
16804,100,8944,45,1,3
16805,82,8944,45,1,2
16806,21,8945,45,1,-3
16807,63,8946,45,1,5
16808,61,8947,45,0,30
16809,44,8947,45,1,-1
16810,61,8948,45,1,6
16811,4,8948,45,0,13
16812,80,8948,45,0,22
16813,94,8948,45,1,3
16814,12,8949,45,1,4
16815,21,8949,45,1,2
16816,17,8950,45,0,24
16817,61,8950,45,0,18
16818,76,8950,45,0,21
16819,82,8950,45,1,7
16820,2,8951,45,1,6
16821,11,8951,45,1,5
16822,51,8952,45,1,4
16823,44,8952,45,0,8
16824,38,8953,45,0,19
16825,7,8953,45,1,3
16826,86,8954,45,1,-2
16827,76,8955,45,1,-1
16828,3,8956,45,1,-2
16829,50,8956,45,1,2
16830,80,8957,45,1,-2
16831,6,8958,45,0,21
16832,38,8958,45,0,15
16833,97,8958,45,1,6
16834,24,8959,45,0,26
16835,66,8959,45,0,29
16836,51,8959,45,0,30
16837,38,8959,45,0,16
16838,78,8960,45,0,19
16839,55,8961,45,1,-2
16840,77,8962,45,1,4
16841,90,8962,45,1,-2
16842,32,8963,45,1,6
16843,28,8963,45,0,20
16844,99,8964,45,1,3
16845,35,8964,45,1,0
16846,74,8965,45,0,5
16847,86,8966,45,1,3
16848,2,8966,45,1,-1
16849,4,8966,45,1,7
16850,47,8966,45,0,16
16851,86,8967,45,1,-1
16852,54,8967,45,1,4
16853,44,8967,45,1,5
16854,33,8968,45,1,0
16855,97,8969,45,1,5
16856,62,8969,45,0,19
16857,16,8969,45,0,29
16858,4,8970,45,1,2
16859,74,8970,45,1,3
16860,67,8970,45,1,4
16861,13,8971,45,1,6
16862,4,8971,45,0,28
16863,32,8971,45,1,1
16864,17,8972,45,1,4
16865,31,8972,45,1,4
16866,79,8973,45,1,-1
16867,100,8974,45,1,4
16868,10,8974,45,1,0
16869,72,8975,45,1,5
16870,52,8976,45,0,10
16871,10,8977,45,1,2
16872,53,8978,45,1,3
16873,5,8978,45,1,5
16874,13,8979,45,0,8
16875,34,8980,45,0,17
16876,66,8980,45,1,-2
16877,69,8981,45,1,4
16878,7,8981,45,1,2
16879,80,8981,45,1,4
16880,52,8982,45,0,11
16881,23,8983,45,0,19
16882,17,8983,45,1,2
16883,2,8984,45,1,4
16884,39,8984,45,1,5
16885,23,8984,45,1,3
16886,85,8985,45,0,11
16887,49,8986,45,1,6
16888,83,8986,45,0,22
16889,57,8986,45,1,2
16890,77,8987,45,1,2
16891,25,8988,45,0,16
16892,91,8989,45,1,1
16893,95,8989,45,0,26
16894,70,8989,45,0,12
16895,55,8990,45,1,4
16896,32,8990,45,1,2
16897,39,8991,45,0,24
16898,50,8991,45,1,-1
16899,79,8991,45,0,27
16900,66,8991,45,1,0
16901,14,8992,45,0,22
16902,82,8992,45,0,25
16903,62,8992,45,0,12
16904,63,8993,45,0,11
16905,53,8993,45,1,5
16906,50,8994,45,1,2
16907,46,8995,45,1,3
16908,79,8995,45,0,29
16909,34,8996,45,1,3
16910,81,8997,45,1,0
16911,67,8998,45,1,5
16912,63,8999,45,1,0
16913,79,9000,45,0,18
16914,52,9000,45,1,1
16915,5,9001,46,1,3
16916,21,9001,46,1,0
16917,48,9001,46,1,0
16918,12,9002,46,0,18
16919,85,9002,46,1,0
16920,91,9003,46,1,6
16921,8,9003,46,0,22
16922,78,9003,46,1,2
16923,35,9003,46,1,4
16924,16,9004,46,1,-1
16925,15,9004,46,1,1
16926,29,9005,46,1,2
16927,29,9006,46,1,-2
16928,51,9007,46,0,12
16929,71,9008,46,1,1
16930,45,9009,46,1,0
16931,36,9009,46,0,23
16932,77,9009,46,1,7
16933,35,9009,46,0,19
16934,5,9010,46,1,5
16935,2,9010,46,1,2
16936,10,9011,46,1,1
16937,79,9011,46,1,4
16938,16,9012,46,0,6
16939,86,9013,46,1,3
16940,79,9014,46,1,3
16941,68,9014,46,1,4
16942,95,9015,46,0,19
16943,41,9015,46,1,-1
16944,46,9016,46,1,3
16945,36,9016,46,0,26
16946,34,9016,46,1,4
16947,10,9017,46,1,5
16948,90,9017,46,1,6
16949,86,9017,46,1,4
16950,22,9018,46,0,15
16951,70,9019,46,1,-2
16952,26,9020,46,1,1
16953,61,9020,46,0,8
16954,58,9021,46,1,3
16955,83,9022,46,0,16
16956,28,9022,46,1,5
16957,86,9023,46,0,7
16958,62,9024,46,1,6
16959,53,9024,46,1,-1
16960,28,9024,46,1,6
16961,61,9024,46,1,0
16962,13,9025,46,0,19
16963,86,9025,46,0,13
16964,18,9025,46,1,-1
16965,33,9026,46,1,4
16966,60,9027,46,1,2
16967,14,9027,46,1,7
16968,33,9028,46,0,4
16969,22,9029,46,1,0
16970,80,9030,46,1,2
16971,18,9030,46,0,25
16972,3,9030,46,1,7
16973,63,9030,46,1,-1
16974,8,9031,46,0,15
16975,46,9032,46,1,-1
16976,99,9032,46,1,1
16977,70,9033,46,0,17
16978,93,9034,46,0,21
16979,11,9034,46,0,12
16980,43,9034,46,1,1
16981,36,9035,46,1,-2
16982,30,9035,46,1,1
16983,29,9036,46,0,8
16984,68,9037,46,1,2
16985,82,9038,46,1,6
16986,48,9038,46,1,0
16987,92,9039,46,1,-2
16988,35,9040,46,0,15
16989,80,9040,46,1,2
16990,35,9041,46,1,1
16991,68,9041,46,1,-2
16992,13,9042,46,0,6
16993,85,9043,46,0,17
16994,53,9043,46,1,1
16995,90,9044,46,1,0
16996,63,9044,46,1,4
16997,87,9044,46,0,23
16998,61,9044,46,1,4
16999,3,9045,46,1,2
17000,31,9045,46,0,8
17001,71,9046,46,1,1
17002,89,9046,46,1,5
17003,39,9047,46,1,1
17004,87,9047,46,0,8
17005,81,9048,46,1,-1
17006,40,9049,46,0,25
17007,11,9049,46,1,6
17008,70,9049,46,0,11
17009,1,9049,46,1,3
17010,4,9050,46,0,9
17011,86,9051,46,1,6
17012,33,9051,46,1,3
17013,23,9052,46,1,3
17014,14,9053,46,1,5
17015,10,9054,46,1,-2
17016,29,9055,46,1,0
17017,16,9055,46,0,29
17018,24,9055,46,0,10
17019,85,9056,46,1,1
17020,42,9056,46,0,17
17021,78,9057,46,0,14
17022,5,9057,46,1,4
17023,47,9057,46,0,22
17024,37,9057,46,1,-1
17025,63,9058,46,1,2
17026,16,9058,46,0,14
17027,74,9059,46,1,4
17028,72,9060,46,1,1
17029,65,9060,46,0,23
17030,84,9061,46,0,25
17031,10,9061,46,1,7
17032,5,9062,46,1,2
17033,19,9062,46,1,-2
17034,87,9063,46,1,0
17035,71,9063,46,1,4
17036,19,9064,46,1,0
17037,82,9065,46,1,-3
17038,23,9066,46,1,-1
17039,43,9066,46,0,19
17040,65,9067,46,1,4
17041,2,9067,46,0,11
17042,99,9068,46,1,3
17043,26,9068,46,0,7
17044,78,9069,46,0,8
17045,52,9070,46,0,20
17046,100,9070,46,1,5
17047,78,9071,46,1,1
17048,14,9071,46,0,26
17049,51,9071,46,0,19
17050,44,9072,46,1,-2
17051,71,9073,46,1,-3
17052,97,9074,46,1,2
17053,92,9074,46,1,4
17054,8,9075,46,0,12
17055,79,9075,46,1,2
17056,50,9076,46,1,-2
17057,66,9076,46,0,19
17058,85,9077,46,1,-2
17059,13,9078,46,1,-1
17060,2,9078,46,1,3
17061,80,9079,46,1,2
17062,67,9080,46,1,2
17063,42,9081,46,0,24
17064,18,9081,46,0,30
17065,70,9081,46,1,3
17066,65,9081,46,1,2
17067,5,9082,46,0,20
17068,50,9082,46,1,0
17069,32,9082,46,1,4
17070,68,9082,46,0,21
17071,1,9083,46,1,1
17072,79,9083,46,1,7
17073,28,9084,46,0,28
17074,91,9084,46,1,3
17075,89,9084,46,0,24
17076,33,9085,46,1,7
17077,6,9085,46,1,4
17078,50,9085,46,1,7
17079,55,9085,46,1,-1
17080,82,9086,46,1,3
17081,1,9086,46,0,28
17082,34,9086,46,0,14
17083,11,9086,46,1,4
17084,61,9087,46,0,22
17085,88,9087,46,1,7
17086,40,9088,46,1,1
17087,42,9089,46,1,2
17088,19,9090,46,0,28
17089,41,9090,46,0,17
17090,1,9091,46,1,5
17091,71,9091,46,1,0
17092,50,9092,46,1,-1
17093,79,9092,46,1,5
17094,48,9093,46,1,4
17095,93,9093,46,1,2
17096,85,9093,46,0,24
17097,27,9093,46,1,4
17098,76,9094,46,1,7
17099,48,9094,46,1,1
17100,4,9095,46,1,1
17101,100,9095,46,1,2
17102,88,9095,46,1,4
17103,59,9095,46,0,12
17104,71,9096,46,1,5
17105,29,9096,46,0,10
17106,10,9097,46,1,6
17107,89,9097,46,0,26
17108,63,9098,46,1,-1
17109,78,9098,46,0,15
17110,54,9098,46,0,19
17111,100,9099,46,1,2
17112,20,9100,46,0,17
17113,17,9101,46,1,0
17114,83,9102,46,0,15
17115,74,9102,46,1,1
17116,25,9103,46,0,5
17117,1,9104,46,1,-3
17118,68,9105,46,0,10
17119,39,9106,46,1,2
17120,56,9106,46,1,2
17121,56,9107,46,1,7
17122,14,9107,46,1,1
17123,13,9108,46,1,-1
17124,85,9109,46,1,1
17125,14,9110,46,1,-3
17126,2,9111,46,1,0
17127,96,9111,46,0,10
17128,15,9112,46,1,6
17129,21,9112,46,1,6
17130,66,9113,46,1,7
17131,6,9113,46,1,3
17132,65,9113,46,1,-1
17133,47,9114,46,1,5
17134,69,9115,46,1,7
17135,2,9115,46,0,30
17136,79,9115,46,0,13
17137,73,9115,46,0,12
17138,24,9116,46,0,26
17139,20,9116,46,1,-1
17140,75,9117,46,0,20
17141,47,9118,46,1,3
17142,31,9118,46,1,7
17143,56,9118,46,0,16
17144,49,9119,46,1,3
17145,97,9120,46,1,0
17146,14,9120,46,1,1
17147,48,9121,46,0,14
17148,97,9121,46,1,3
17149,63,9121,46,1,5
17150,53,9121,46,1,7
17151,77,9122,46,1,-2
17152,58,9123,46,1,0
17153,85,9123,46,1,3
17154,28,9124,46,1,3
17155,50,9124,46,1,7
17156,30,9124,46,0,26
17157,100,9125,46,1,-1
17158,2,9125,46,0,18
17159,55,9125,46,0,25
17160,47,9126,46,0,16
17161,94,9126,46,1,1
17162,59,9126,46,1,-1
17163,88,9126,46,1,0
17164,66,9127,46,0,4
17165,54,9128,46,1,2
17166,70,9128,46,1,1
17167,66,9129,46,1,4
17168,70,9129,46,1,-1
17169,21,9130,46,1,5
17170,76,9130,46,0,14
17171,29,9131,46,1,0
17172,49,9132,46,1,1
17173,27,9133,46,1,3
17174,17,9133,46,0,17
17175,19,9134,46,1,1
17176,72,9135,46,0,18
17177,61,9136,46,1,4
17178,33,9136,46,1,0
17179,2,9137,46,0,17
17180,66,9137,46,1,2
17181,27,9137,46,1,2
17182,33,9137,46,1,1
17183,15,9138,46,0,9
17184,76,9139,46,1,-2
17185,56,9140,46,1,-2
17186,57,9141,46,0,20
17187,54,9141,46,1,4
17188,12,9142,46,1,4
17189,46,9142,46,0,25
17190,39,9143,46,1,5
17191,47,9143,46,0,20
17192,75,9144,46,1,-2
17193,28,9144,46,1,5
17194,40,9145,46,0,16
17195,93,9145,46,1,2
17196,87,9146,46,1,2
17197,41,9147,46,0,20
17198,43,9148,46,1,3
17199,72,9149,46,1,1
17200,27,9149,46,1,6
17201,8,9149,46,0,26
17202,77,9149,46,1,1
17203,46,9150,46,1,5
17204,11,9150,46,1,1
17205,43,9150,46,0,14
17206,12,9150,46,1,6
17207,81,9151,46,0,18
17208,96,9151,46,1,2
17209,29,9152,46,1,2
17210,2,9152,46,0,24
17211,45,9152,46,0,22
17212,91,9153,46,0,12
17213,66,9154,46,1,3
17214,72,9154,46,1,5
17215,46,9155,46,1,5
17216,33,9155,46,1,0
17217,10,9156,46,1,0
17218,74,9156,46,1,6
17219,9,9157,46,1,0
17220,56,9157,46,0,7
17221,87,9158,46,1,-1
17222,22,9159,46,0,14
17223,4,9159,46,1,1
17224,35,9160,46,1,6
17225,84,9160,46,1,3
17226,73,9161,46,0,9
17227,33,9162,46,0,3
17228,47,9163,46,1,1
17229,95,9163,46,0,30
17230,64,9164,46,1,3
17231,4,9165,46,1,0
17232,78,9166,46,1,2
17233,87,9167,46,0,27
17234,80,9167,46,0,22
17235,89,9167,46,1,5
17236,67,9167,46,0,25
17237,27,9168,46,1,1
17238,55,9168,46,1,5
17239,20,9168,46,1,6
17240,78,9169,46,1,-3
17241,41,9170,46,0,9
17242,18,9170,46,0,15
17243,6,9171,46,1,0
17244,48,9172,46,1,6
17245,1,9172,46,1,7
17246,99,9172,46,0,27
17247,47,9172,46,0,13
17248,40,9173,46,1,1
17249,94,9173,46,1,-1
17250,14,9173,46,1,7
17251,99,9173,46,1,1
17252,25,9174,46,0,12
17253,48,9174,46,1,4
17254,74,9175,46,1,5
17255,53,9175,46,1,1
17256,56,9176,46,0,26
17257,77,9176,46,1,1
17258,5,9176,46,1,7
17259,75,9176,46,1,0
17260,43,9177,46,1,1
17261,7,9178,46,1,-1
17262,56,9179,46,0,20
17263,70,9179,46,1,5
17264,48,9180,46,1,-1
17265,85,9180,46,0,24
17266,2,9181,46,0,8
17267,33,9182,46,1,0
17268,75,9183,46,1,5
17269,12,9183,46,0,29
17270,4,9183,46,0,25
17271,56,9184,46,0,23
17272,94,9184,46,0,25
17273,57,9185,46,1,0
17274,59,9185,46,0,28
17275,23,9186,46,1,-1
17276,93,9186,46,1,2
17277,24,9186,46,1,5
17278,21,9187,46,0,8
17279,12,9188,46,1,2
17280,100,9189,46,1,4
17281,23,9190,46,1,-2
17282,39,9191,46,0,28
17283,49,9191,46,1,0
17284,85,9192,46,0,13
17285,60,9192,46,1,5
17286,39,9192,46,1,7
17287,23,9192,46,1,3
17288,86,9193,46,1,0
17289,2,9193,46,1,5
17290,94,9194,46,1,1
17291,15,9195,46,1,3
17292,14,9195,46,1,1
17293,61,9195,46,0,21
17294,93,9196,46,1,-1
17295,42,9197,46,1,7
17296,39,9197,46,1,1
17297,100,9197,46,1,6
17298,16,9198,46,0,7
17299,6,9199,46,1,-1
17300,94,9200,46,1,-1
17301,90,9200,46,1,5
17302,78,9201,47,0,11
17303,92,9201,47,1,-2
17304,15,9202,47,1,6
17305,4,9202,47,0,29
17306,42,9203,47,1,2
17307,36,9204,47,1,3
17308,31,9204,47,0,9
17309,69,9205,47,1,-2
17310,89,9206,47,0,25
17311,100,9206,47,1,7
17312,5,9206,47,1,-1
17313,82,9206,47,1,0
17314,89,9207,47,0,30
17315,43,9207,47,1,5
17316,26,9208,47,1,2
17317,19,9208,47,0,7
17318,50,9209,47,0,11
17319,36,9209,47,0,27
17320,87,9209,47,0,21
17321,46,9209,47,0,15
17322,62,9210,47,1,0
17323,93,9210,47,0,19
17324,4,9210,47,0,12
17325,45,9211,47,1,4
17326,4,9211,47,1,6
17327,67,9212,47,1,0
17328,50,9212,47,1,5
17329,89,9213,47,1,2
17330,76,9213,47,1,6
17331,33,9214,47,0,17
17332,95,9214,47,1,-1
17333,92,9215,47,1,-1
17334,27,9216,47,0,26
17335,3,9216,47,0,13
17336,38,9216,47,0,14
17337,41,9217,47,1,4
17338,64,9217,47,1,2
17339,55,9217,47,0,15
17340,68,9218,47,1,-1
17341,53,9219,47,0,28
17342,83,9219,47,1,7
17343,75,9219,47,1,1
17344,80,9219,47,1,2
17345,25,9220,47,1,3
17346,3,9221,47,1,-2
17347,8,9221,47,1,2
17348,83,9222,47,1,1
17349,6,9223,47,1,1
17350,68,9223,47,1,4
17351,12,9223,47,1,5
17352,27,9223,47,1,2
17353,80,9224,47,0,25
17354,11,9224,47,1,2
17355,20,9225,47,0,22
17356,80,9225,47,0,13
17357,66,9225,47,1,-1
17358,64,9225,47,0,23
17359,79,9226,47,1,0
17360,84,9226,47,1,4
17361,54,9226,47,1,5
17362,52,9227,47,1,6
17363,49,9227,47,0,16
17364,74,9227,47,1,0
17365,85,9227,47,0,14
17366,95,9228,47,1,1
17367,13,9228,47,0,27
17368,77,9228,47,1,4
17369,57,9229,47,1,3
17370,27,9229,47,0,11
17371,69,9229,47,1,4
17372,48,9230,47,1,-1
17373,73,9231,47,0,11
17374,89,9231,47,1,-1
17375,85,9231,47,1,7
17376,79,9232,47,0,15
17377,95,9233,47,0,10
17378,53,9233,47,0,19
17379,1,9234,47,1,3
17380,71,9235,47,1,3
17381,54,9236,47,1,2
17382,75,9237,47,1,-2
17383,52,9237,47,1,-2
17384,29,9238,47,1,-1
17385,30,9238,47,1,-2
17386,89,9239,47,0,24
17387,27,9239,47,1,4
17388,1,9240,47,1,1
17389,21,9241,47,1,0
17390,55,9241,47,1,1
17391,85,9241,47,1,2
17392,17,9242,47,1,3
17393,71,9242,47,0,10
17394,16,9243,47,1,2
17395,42,9244,47,1,-1
17396,62,9245,47,1,3
17397,47,9246,47,1,1
17398,41,9246,47,0,19
17399,8,9246,47,0,12
17400,79,9246,47,1,0
17401,8,9247,47,0,13
17402,47,9248,47,1,0
17403,11,9249,47,1,0
17404,90,9250,47,1,0
17405,45,9250,47,0,30
17406,88,9251,47,1,0
17407,99,9251,47,1,-2
17408,25,9252,47,1,3
17409,12,9252,47,1,-1
17410,50,9253,47,1,4
17411,95,9254,47,0,6
17412,78,9255,47,1,-2
17413,41,9256,47,1,-2
17414,91,9257,47,0,10
17415,78,9258,47,1,4
17416,94,9259,47,1,2
17417,99,9259,47,0,12
17418,92,9260,47,1,1
17419,46,9260,47,1,3
17420,36,9260,47,0,26
17421,27,9260,47,0,23
17422,78,9261,47,1,-2
17423,16,9261,47,1,5
17424,59,9262,47,1,-1
17425,12,9262,47,1,1
17426,66,9262,47,0,25
17427,21,9262,47,1,2
17428,51,9263,47,1,1
17429,76,9263,47,0,7
17430,20,9264,47,0,9
17431,69,9265,47,1,0
17432,54,9266,47,0,15
17433,9,9267,47,0,24
17434,67,9267,47,0,25
17435,39,9267,47,1,1
17436,23,9268,47,1,1
17437,62,9268,47,1,0
17438,34,9269,47,1,4
17439,23,9270,47,1,2
17440,56,9271,47,1,0
17441,39,9272,47,0,17
17442,58,9272,47,1,3
17443,72,9273,47,1,4
17444,20,9273,47,1,-1
17445,97,9274,47,0,12
17446,58,9274,47,1,4
17447,5,9275,47,1,-1
17448,52,9275,47,1,2
17449,10,9276,47,1,0
17450,46,9276,47,0,19
17451,12,9276,47,1,5
17452,3,9277,47,1,4
17453,23,9278,47,0,10
17454,3,9278,47,1,3
17455,79,9279,47,0,21
17456,77,9279,47,1,2
17457,36,9279,47,1,2
17458,100,9280,47,1,5
17459,8,9280,47,0,12
17460,42,9281,47,1,6
17461,54,9281,47,0,15
17462,30,9282,47,0,8
17463,100,9283,47,1,2
17464,19,9284,47,0,10
17465,37,9285,47,1,0
17466,92,9285,47,1,-1
17467,64,9286,47,1,5
17468,9,9287,47,1,-1
17469,40,9288,47,1,-3
17470,49,9289,47,1,0
17471,5,9289,47,0,10
17472,38,9289,47,1,-1
17473,85,9290,47,1,-2
17474,66,9291,47,0,20
17475,60,9292,47,0,11
17476,27,9293,47,1,5
17477,85,9294,47,1,2
17478,71,9294,47,1,7
17479,69,9295,47,1,3
17480,6,9295,47,0,10
17481,14,9296,47,1,1
17482,74,9297,47,0,24
17483,65,9297,47,1,-1
17484,87,9298,47,1,-1
17485,86,9298,47,1,1
17486,59,9299,47,0,6
17487,1,9300,47,1,3
17488,11,9301,47,0,14
17489,6,9301,47,1,4
17490,85,9302,47,0,11
17491,69,9302,47,1,-1
17492,4,9303,47,0,7
17493,78,9304,47,1,7
17494,79,9304,47,1,4
17495,1,9305,47,0,3
17496,69,9306,47,1,-1
17497,66,9307,47,0,3
17498,28,9308,47,1,3
17499,73,9309,47,1,3
17500,25,9310,47,1,-1
17501,41,9310,47,1,1
17502,33,9311,47,1,3
17503,72,9312,47,1,4
17504,64,9313,47,1,-3
17505,4,9314,47,0,15
17506,29,9314,47,0,12
17507,31,9315,47,1,5
17508,13,9315,47,0,28
17509,17,9316,47,1,4
17510,45,9316,47,0,27
17511,13,9316,47,1,5
17512,69,9317,47,1,1
17513,31,9317,47,1,4
17514,47,9318,47,0,10
17515,45,9319,47,1,1
17516,17,9319,47,1,0
17517,86,9320,47,0,18
17518,15,9321,47,1,-1
17519,19,9322,47,1,-1
17520,100,9323,47,0,29
17521,71,9323,47,0,19
17522,10,9324,47,1,0
17523,32,9324,47,1,7
17524,76,9324,47,1,5
17525,78,9325,47,1,1
17526,97,9325,47,1,2
17527,20,9326,47,0,17
17528,23,9326,47,0,8
17529,86,9327,47,1,3
17530,80,9327,47,1,4
17531,27,9327,47,1,1
17532,42,9327,47,1,3
17533,61,9328,47,1,2
17534,20,9328,47,1,4
17535,51,9329,47,0,10
17536,57,9329,47,0,26
17537,12,9329,47,1,3
17538,69,9330,47,1,3
17539,87,9331,47,0,10
17540,86,9332,47,1,4
17541,45,9333,47,1,1
17542,47,9334,47,1,-1
17543,33,9334,47,1,2
17544,6,9334,47,0,15
17545,16,9334,47,0,22
17546,44,9335,47,1,0
17547,52,9336,47,1,6
17548,60,9336,47,1,6
17549,19,9336,47,1,5
17550,80,9337,47,0,25
17551,60,9337,47,1,0
17552,28,9338,47,0,13
17553,94,9338,47,0,28
17554,95,9338,47,1,6
17555,55,9339,47,0,11
17556,19,9339,47,1,1
17557,50,9340,47,1,-1
17558,5,9341,47,1,-1
17559,59,9342,47,0,25
17560,72,9342,47,1,6
17561,86,9342,47,1,7
17562,79,9342,47,1,2
17563,46,9343,47,1,1
17564,43,9344,47,1,7
17565,18,9344,47,0,12
17566,60,9344,47,0,11
17567,40,9344,47,1,6
17568,57,9345,47,0,23
17569,3,9345,47,0,30
17570,38,9345,47,1,6
17571,2,9346,47,0,28
17572,24,9346,47,1,3
17573,53,9346,47,0,19
17574,82,9346,47,1,5
17575,10,9347,47,1,3
17576,21,9348,47,1,4
17577,72,9349,47,1,1
17578,39,9350,47,1,4
17579,60,9351,47,0,11
17580,25,9351,47,1,5
17581,34,9351,47,1,4
17582,53,9352,47,1,-1
17583,33,9352,47,1,0
17584,20,9353,47,1,2
17585,50,9353,47,0,6
17586,45,9354,47,0,11
17587,72,9355,47,1,-3
17588,10,9356,47,1,-1
17589,68,9356,47,0,27
17590,94,9356,47,1,6
17591,8,9356,47,0,14
17592,95,9357,47,1,-1
17593,40,9357,47,1,4
17594,96,9358,47,1,-2
17595,60,9358,47,1,-1
17596,90,9359,47,1,1
17597,15,9360,47,0,17
17598,33,9360,47,1,0
17599,61,9361,47,1,-1
17600,3,9361,47,1,0
17601,15,9362,47,0,8
17602,9,9363,47,1,3
17603,77,9363,47,1,2
17604,7,9364,47,1,-2
17605,16,9364,47,0,18
17606,72,9365,47,0,10
17607,2,9365,47,1,5
17608,85,9366,47,0,6
17609,45,9367,47,1,5
17610,50,9368,47,1,3
17611,66,9369,47,1,2
17612,22,9369,47,1,2
17613,40,9370,47,1,6
17614,86,9370,47,0,22
17615,21,9370,47,1,2
17616,1,9371,47,1,-1
17617,36,9372,47,0,25
17618,7,9372,47,1,4
17619,45,9372,47,0,13
17620,68,9372,47,1,7
17621,84,9373,47,1,3
17622,14,9373,47,1,-1
17623,60,9374,47,0,10
17624,19,9375,47,1,-2
17625,13,9375,47,1,-2
17626,50,9376,47,0,15
17627,54,9377,47,1,-1
17628,49,9378,47,0,11
17629,76,9379,47,1,4
17630,25,9379,47,1,2
17631,45,9379,47,0,26
17632,23,9379,47,1,-1
17633,11,9380,47,1,0
17634,5,9381,47,0,18
17635,68,9381,47,1,3
17636,30,9382,47,1,-1
17637,51,9383,47,0,22
17638,5,9383,47,0,18
17639,96,9383,47,1,5
17640,46,9383,47,1,2
17641,51,9384,47,0,13
17642,25,9384,47,1,1
17643,88,9384,47,0,13
17644,37,9385,47,1,3
17645,73,9385,47,1,0
17646,25,9386,47,1,6
17647,6,9386,47,1,-1
17648,81,9387,47,1,3
17649,27,9387,47,1,2
17650,32,9387,47,0,14
17651,33,9388,47,0,11
17652,11,9388,47,1,1
17653,85,9389,47,1,6
17654,58,9389,47,1,6
17655,25,9389,47,1,1
17656,36,9390,47,0,29
17657,38,9390,47,0,12
17658,48,9390,47,0,12
17659,68,9391,47,1,1
17660,20,9391,47,1,0
17661,99,9391,47,1,0
17662,39,9392,47,1,1
17663,40,9392,47,1,3
17664,66,9393,47,1,7
17665,15,9393,47,0,16
17666,31,9394,47,1,-1
17667,43,9395,47,1,1
17668,8,9396,47,0,7
17669,74,9397,47,1,-1
17670,76,9397,47,0,17
17671,18,9398,47,1,1
17672,43,9398,47,1,5
17673,80,9399,47,1,0
17674,79,9400,47,0,10
17675,19,9401,48,1,2
17676,11,9402,48,1,-2
17677,10,9403,48,0,6
17678,77,9403,48,1,-2
17679,94,9404,48,0,17
17680,66,9405,48,1,5
17681,60,9406,48,1,3
17682,42,9406,48,1,1
17683,50,9407,48,0,20
17684,20,9407,48,0,12
17685,11,9407,48,1,6
17686,82,9407,48,1,3
17687,39,9408,48,0,8
17688,81,9409,48,1,2
17689,54,9409,48,1,-1
17690,16,9409,48,1,7
17691,95,9409,48,0,21
17692,87,9410,48,0,24
17693,1,9410,48,1,-1
17694,33,9410,48,0,24
17695,72,9410,48,1,4
17696,54,9411,48,1,4
17697,71,9412,48,0,14
17698,12,9413,48,0,25
17699,51,9413,48,0,20
17700,52,9413,48,1,7
17701,82,9414,48,1,1
17702,34,9414,48,1,0
17703,46,9415,48,1,-1
17704,79,9415,48,0,13
17705,54,9416,48,1,5
17706,97,9416,48,1,2
17707,50,9417,48,0,21
17708,41,9417,48,1,0
17709,86,9417,48,1,0
17710,2,9418,48,1,2
17711,6,9418,48,1,4
17712,60,9419,48,1,-2
17713,2,9420,48,0,12
17714,69,9421,48,1,3
17715,43,9421,48,0,19
17716,38,9422,48,1,-1
17717,65,9423,48,1,3
17718,84,9423,48,0,25
17719,21,9423,48,0,28
17720,43,9423,48,1,7
17721,81,9424,48,1,1
17722,6,9425,48,1,3
17723,87,9426,48,0,4
17724,1,9427,48,1,4
17725,58,9428,48,1,0
17726,39,9428,48,1,1
17727,96,9429,48,1,2
17728,58,9429,48,1,6
17729,74,9430,48,1,2
17730,44,9430,48,1,5
17731,61,9431,48,1,1
17732,34,9432,48,0,29
17733,70,9432,48,1,5
17734,48,9432,48,1,4
17735,11,9433,48,0,15
17736,24,9434,48,0,10
17737,41,9434,48,1,4
17738,58,9435,48,0,10
17739,39,9435,48,1,7
17740,91,9436,48,1,0
17741,47,9436,48,1,4
17742,4,9437,48,1,7
17743,27,9437,48,1,0
17744,13,9437,48,0,30
17745,43,9438,48,1,-2
17746,26,9439,48,0,3
17747,46,9440,48,1,3
17748,92,9440,48,1,0
17749,2,9441,48,1,-2
17750,29,9441,48,0,7
17751,94,9442,48,1,1
17752,20,9442,48,0,18
17753,45,9443,48,1,3
17754,6,9444,48,1,4
17755,87,9445,48,1,0
17756,3,9445,48,0,26
17757,92,9445,48,0,11
17758,76,9446,48,1,3
17759,62,9447,48,1,6
17760,3,9447,48,0,12
17761,68,9448,48,1,5
17762,99,9448,48,0,17
17763,32,9449,48,1,1
17764,65,9449,48,1,1
17765,59,9449,48,0,12
17766,10,9449,48,1,1
17767,47,9450,48,1,-1
17768,83,9450,48,0,20
17769,81,9450,48,1,1
17770,43,9450,48,1,-1
17771,54,9451,48,1,-3
17772,100,9452,48,1,-1
17773,44,9452,48,1,5
17774,94,9453,48,0,28
17775,43,9453,48,1,6
17776,32,9454,48,1,5
17777,6,9454,48,0,18
17778,95,9454,48,1,1
17779,43,9455,48,1,3
17780,10,9456,48,0,10
17781,9,9457,48,1,-3
17782,47,9458,48,1,5
17783,61,9458,48,0,14
17784,100,9459,48,1,-1
17785,5,9459,48,0,14
17786,46,9460,48,1,-1
17787,44,9460,48,1,1
17788,89,9460,48,1,1
17789,29,9461,48,0,27
17790,99,9461,48,1,3
17791,60,9462,48,1,2
17792,65,9462,48,0,24
17793,10,9463,48,1,1
17794,100,9464,48,1,3
17795,67,9465,48,0,9
17796,55,9465,48,1,1
17797,54,9466,48,0,8
17798,39,9466,48,1,2
17799,91,9467,48,1,-2
17800,47,9468,48,0,6
17801,75,9468,48,1,-1
17802,11,9469,48,1,0
17803,43,9469,48,1,7
17804,10,9469,48,0,21
17805,81,9470,48,1,4
17806,5,9470,48,1,-2
17807,77,9471,48,1,3
17808,73,9471,48,0,20
17809,55,9472,48,1,6
17810,37,9472,48,1,5
17811,63,9473,48,0,12
17812,72,9473,48,1,4
17813,98,9473,48,1,-1
17814,18,9473,48,0,19
17815,20,9474,48,1,3
17816,2,9474,48,1,0
17817,27,9475,48,0,15
17818,68,9475,48,1,3
17819,32,9476,48,1,-3
17820,1,9477,48,0,7
17821,97,9477,48,1,3
17822,26,9478,48,0,17
17823,74,9478,48,0,14
17824,45,9478,48,1,6
17825,1,9479,48,1,4
17826,2,9480,48,0,14
17827,99,9480,48,1,3
17828,84,9481,48,0,15
17829,60,9481,48,1,4
17830,46,9482,48,1,3
17831,48,9482,48,1,3
17832,29,9482,48,1,-1
17833,85,9482,48,1,7
17834,87,9483,48,0,27
17835,2,9483,48,1,-1
17836,99,9483,48,0,18
17837,83,9484,48,0,11
17838,47,9484,48,1,-2
17839,11,9485,48,1,5
17840,89,9485,48,1,5
17841,46,9486,48,1,-1
17842,91,9487,48,1,4
17843,7,9487,48,1,3
17844,23,9488,48,0,16
17845,27,9488,48,1,0
17846,42,9489,48,0,25
17847,7,9489,48,1,7
17848,28,9489,48,0,29
17849,75,9489,48,1,5
17850,75,9490,48,1,1
17851,5,9490,48,1,-2
17852,77,9491,48,1,-1
17853,11,9492,48,0,10
17854,21,9492,48,1,3
17855,24,9493,48,1,7
17856,83,9493,48,0,17
17857,3,9494,48,1,-2
17858,57,9495,48,1,1
17859,27,9496,48,0,18
17860,68,9496,48,0,12
17861,78,9497,48,1,1
17862,65,9498,48,0,20
17863,83,9499,48,1,-3
17864,84,9500,48,1,3
17865,97,9501,48,0,15
17866,17,9502,48,1,1
17867,65,9503,48,1,-2
17868,91,9504,48,0,12
17869,100,9504,48,1,0
17870,82,9505,48,0,6
17871,19,9505,48,1,5
17872,89,9506,48,1,-1
17873,94,9506,48,0,25
17874,83,9506,48,0,27
17875,50,9507,48,1,6
17876,15,9507,48,0,23
17877,89,9507,48,0,23
17878,100,9508,48,1,5
17879,85,9508,48,1,7
17880,61,9508,48,1,7
17881,40,9509,48,1,-1
17882,30,9509,48,1,3
17883,47,9510,48,1,5
17884,99,9510,48,0,26
17885,91,9511,48,1,2
17886,86,9512,48,1,3
17887,73,9513,48,1,-2
17888,40,9513,48,1,3
17889,33,9514,48,1,4
17890,78,9514,48,1,-2
17891,40,9515,48,1,0
17892,56,9515,48,0,29
17893,49,9516,48,0,11
17894,93,9516,48,0,25
17895,70,9517,48,1,-1
17896,35,9517,48,1,7
17897,64,9518,48,0,19
17898,77,9519,48,1,4
17899,72,9519,48,0,8
17900,11,9520,48,0,10
17901,42,9520,48,0,30
17902,17,9521,48,1,5
17903,4,9521,48,1,0
17904,14,9521,48,1,4
17905,31,9521,48,0,25
17906,92,9522,48,1,3
17907,41,9523,48,1,1
17908,58,9523,48,1,5
17909,90,9524,48,0,13
17910,1,9524,48,1,3
17911,12,9525,48,0,16
17912,83,9525,48,0,27
17913,29,9525,48,0,12
17914,10,9526,48,1,-2
17915,66,9526,48,1,0
17916,74,9527,48,0,13
17917,59,9528,48,0,21
17918,86,9528,48,1,4
17919,90,9528,48,1,6
17920,35,9529,48,1,-3
17921,47,9530,48,1,0
17922,67,9530,48,1,1
17923,97,9531,48,0,29
17924,51,9531,48,1,3
17925,98,9531,48,0,25
17926,30,9531,48,1,0
17927,74,9532,48,1,4
17928,10,9533,48,0,16
17929,49,9533,48,1,-1
17930,30,9534,48,0,24
17931,12,9534,48,0,19
17932,48,9534,48,1,4
17933,42,9535,48,1,1
17934,1,9535,48,1,-2
17935,93,9536,48,1,-3
17936,83,9537,48,1,2
17937,75,9538,48,1,6
17938,80,9538,48,1,2
17939,34,9538,48,1,3
17940,74,9538,48,0,22
17941,46,9539,48,1,2
17942,45,9539,48,1,3
17943,56,9540,48,1,3
17944,16,9540,48,1,0
17945,96,9541,48,0,28
17946,95,9541,48,1,7
17947,15,9541,48,1,1
17948,43,9542,48,1,4
17949,37,9543,48,1,1
17950,44,9543,48,1,4
17951,15,9544,48,1,1
17952,4,9545,48,1,2
17953,59,9546,48,1,-1
17954,78,9546,48,1,-1
17955,14,9547,48,1,-3
17956,31,9548,48,0,10
17957,66,9548,48,1,5
17958,5,9549,48,1,2
17959,98,9550,48,0,11
17960,56,9551,48,1,2
17961,96,9552,48,0,4
17962,28,9553,48,0,9
17963,93,9553,48,1,4
17964,99,9554,48,0,21
17965,81,9554,48,0,12
17966,86,9555,48,1,4
17967,18,9555,48,1,0
17968,94,9555,48,1,1
17969,84,9555,48,0,22
17970,31,9556,48,1,0
17971,2,9556,48,1,0
17972,67,9557,48,1,3
17973,72,9558,48,1,3
17974,19,9559,48,1,2
17975,95,9559,48,0,28
17976,34,9559,48,1,4
17977,7,9560,48,1,-1
17978,17,9561,48,1,7
17979,33,9561,48,1,2
17980,58,9561,48,0,26
17981,61,9561,48,1,-1
17982,93,9562,48,0,24
17983,37,9562,48,0,22
17984,2,9562,48,1,-1
17985,44,9563,48,1,4
17986,40,9563,48,1,-1
17987,19,9564,48,0,6
17988,33,9565,48,0,18
17989,6,9565,48,0,13
17990,5,9565,48,1,6
17991,16,9565,48,1,4
17992,66,9566,48,1,1
17993,79,9567,48,1,0
17994,70,9568,48,1,-1
17995,30,9569,48,1,-2
17996,93,9570,48,0,19
17997,27,9571,48,1,2
17998,55,9572,48,0,10
17999,85,9572,48,0,7
18000,86,9573,48,0,12
18001,60,9573,48,1,7
18002,40,9573,48,0,12
18003,55,9574,48,0,27
18004,72,9574,48,1,3
18005,5,9575,48,1,2
18006,38,9575,48,0,12
18007,90,9576,48,1,3
18008,92,9576,48,1,2
18009,13,9576,48,1,2
18010,89,9576,48,0,19
18011,13,9577,48,1,4
18012,82,9577,48,1,2
18013,93,9577,48,0,30
18014,42,9577,48,1,4
18015,5,9578,48,1,1
18016,66,9578,48,1,3
18017,96,9578,48,0,11
18018,79,9579,48,1,1
18019,2,9580,48,0,17
18020,92,9581,48,1,-3
18021,89,9582,48,0,20
18022,82,9583,48,1,0
18023,68,9584,48,1,1
18024,56,9585,48,1,7
18025,80,9585,48,1,2
18026,21,9585,48,1,6
18027,27,9585,48,1,1
18028,11,9586,48,1,2
18029,90,9586,48,1,-2
18030,9,9587,48,1,-2
18031,85,9588,48,1,2
18032,6,9588,48,1,-2
18033,87,9589,48,0,11
18034,39,9590,48,1,3
18035,7,9590,48,1,6
18036,46,9591,48,1,5
18037,93,9591,48,1,2
18038,20,9592,48,0,18
18039,40,9593,48,1,1
18040,57,9594,48,1,6
18041,76,9594,48,0,14
18042,29,9594,48,1,7
18043,92,9595,48,1,-2
18044,96,9596,48,0,12
18045,82,9597,48,1,6
18046,59,9597,48,1,0
18047,4,9597,48,0,20
18048,89,9598,48,1,2
18049,20,9598,48,1,-1
18050,88,9599,48,0,16
18051,93,9599,48,0,13
18052,44,9600,48,1,3
18053,90,9600,48,1,-1
18054,17,9601,49,0,8
18055,62,9602,49,1,0
18056,15,9602,49,1,7
18057,42,9602,49,0,27
18058,78,9602,49,1,3
18059,87,9603,49,0,27
18060,27,9603,49,1,-1
18061,30,9604,49,1,0
18062,47,9604,49,0,16
18063,87,9605,49,1,4
18064,99,9606,49,0,10
18065,15,9606,49,1,2
18066,97,9607,49,1,7
18067,13,9607,49,1,3
18068,38,9607,49,1,4
18069,64,9608,49,1,6
18070,90,9608,49,1,5
18071,64,9609,49,0,14
18072,47,9610,49,0,12
18073,5,9610,49,1,0
18074,2,9611,49,1,-2
18075,62,9612,49,1,2
18076,82,9613,49,1,0
18077,47,9613,49,0,23
18078,88,9614,49,1,-2
18079,40,9615,49,0,12
18080,20,9616,49,1,4
18081,64,9616,49,1,5
18082,2,9617,49,1,3
18083,6,9617,49,0,12
18084,82,9618,49,1,3
18085,30,9618,49,1,4
18086,57,9618,49,0,23
18087,43,9618,49,1,5
18088,87,9619,49,0,25
18089,60,9619,49,1,3
18090,62,9620,49,1,7
18091,86,9620,49,0,28
18092,68,9620,49,1,5
18093,29,9620,49,0,19
18094,30,9621,49,1,3
18095,43,9621,49,1,6
18096,53,9622,49,0,16
18097,60,9623,49,1,-1
18098,88,9624,49,1,-2
18099,92,9625,49,1,-3
18100,92,9626,49,0,15
18101,8,9626,49,1,-2
18102,43,9627,49,1,6
18103,64,9627,49,1,2
18104,72,9627,49,0,14
18105,18,9628,49,0,10
18106,45,9629,49,1,5
18107,51,9629,49,1,-1
18108,83,9630,49,1,-3
18109,45,9631,49,0,15
18110,77,9631,49,1,0
18111,5,9632,49,0,21
18112,56,9632,49,1,5
18113,31,9633,49,1,-2
18114,76,9633,49,1,0
18115,11,9634,49,1,5
18116,49,9634,49,1,5
18117,23,9635,49,0,21
18118,67,9635,49,1,5
18119,90,9635,49,1,6
18120,90,9636,49,0,28
18121,67,9636,49,0,17
18122,63,9637,49,1,0
18123,91,9638,49,1,3
18124,41,9639,49,1,1
18125,1,9639,49,1,3
18126,24,9639,49,0,21
18127,1,9640,49,1,2
18128,22,9641,49,1,-2
18129,48,9641,49,0,10
18130,43,9642,49,1,-2
18131,87,9642,49,1,-1
18132,90,9643,49,0,22
18133,25,9643,49,1,4
18134,58,9643,49,1,0
18135,36,9643,49,0,27
18136,74,9644,49,1,4
18137,54,9644,49,1,7
18138,95,9644,49,0,16
18139,89,9644,49,0,12
18140,1,9645,49,1,-1
18141,3,9646,49,0,8
18142,46,9647,49,1,-2
18143,100,9648,49,1,-1
18144,91,9649,49,1,3
18145,98,9649,49,1,1
18146,24,9650,49,1,2
18147,61,9650,49,0,13
18148,15,9650,49,1,0
18149,89,9651,49,0,21
18150,16,9651,49,0,15
18151,12,9652,49,1,4
18152,36,9652,49,1,1
18153,11,9653,49,1,1
18154,13,9654,49,1,3
18155,1,9655,49,1,4
18156,46,9655,49,0,16
18157,13,9656,49,1,-1
18158,81,9656,49,1,0
18159,8,9657,49,0,10
18160,52,9657,49,0,14
18161,31,9658,49,1,2
18162,79,9659,49,1,6
18163,99,9659,49,1,0
18164,37,9659,49,1,7
18165,14,9659,49,0,18
18166,71,9660,49,1,-1
18167,52,9661,49,1,0
18168,49,9662,49,0,7
18169,43,9662,49,1,1
18170,78,9663,49,1,-3
18171,94,9664,49,0,5
18172,48,9665,49,1,2
18173,66,9666,49,1,2
18174,96,9666,49,0,22
18175,16,9667,49,1,5
18176,56,9667,49,1,3
18177,63,9667,49,0,23
18178,74,9667,49,0,14
18179,20,9668,49,0,19
18180,82,9668,49,1,6
18181,22,9669,49,1,-2
18182,47,9670,49,1,2
18183,19,9670,49,1,2
18184,3,9671,49,1,-1
18185,28,9671,49,0,11
18186,5,9672,49,1,3
18187,40,9673,49,1,7
18188,14,9673,49,0,26
18189,65,9674,49,1,3
18190,46,9675,49,1,-2
18191,12,9676,49,1,-2
18192,37,9676,49,0,20
18193,100,9677,49,1,-2
18194,97,9678,49,1,-1
18195,60,9679,49,0,18
18196,11,9679,49,1,4
18197,27,9680,49,0,9
18198,29,9681,49,1,6
18199,34,9681,49,1,6
18200,12,9681,49,1,0
18201,60,9681,49,1,3
18202,18,9682,49,0,15
18203,50,9683,49,1,2
18204,79,9683,49,1,5
18205,31,9684,49,0,8
18206,61,9684,49,0,14
18207,21,9685,49,1,5
18208,56,9685,49,1,-1
18209,66,9685,49,1,6
18210,35,9685,49,1,6
18211,2,9686,49,0,17
18212,45,9686,49,1,7
18213,15,9686,49,0,15
18214,17,9687,49,0,10
18215,33,9687,49,1,1
18216,69,9688,49,1,0
18217,82,9689,49,1,3
18218,91,9690,49,1,4
18219,31,9690,49,1,0
18220,87,9691,49,0,6
18221,34,9692,49,1,6
18222,27,9692,49,0,26
18223,23,9692,49,1,6
18224,42,9693,49,1,-1
18225,46,9693,49,0,13
18226,55,9694,49,1,4
18227,80,9694,49,1,0
18228,62,9695,49,0,20
18229,50,9696,49,1,3
18230,24,9696,49,1,1
18231,100,9696,49,0,13
18232,15,9697,49,1,1
18233,100,9698,49,1,2
18234,42,9699,49,1,6
18235,79,9699,49,0,25
18236,13,9700,49,0,19
18237,6,9700,49,1,0
18238,97,9701,49,1,1
18239,41,9701,49,1,4
18240,31,9702,49,1,0
18241,45,9703,49,0,20
18242,66,9703,49,0,13
18243,94,9704,49,0,11
18244,95,9705,49,1,4
18245,6,9705,49,1,0
18246,90,9705,49,0,25
18247,96,9705,49,0,30
18248,62,9706,49,0,22
18249,84,9706,49,1,7
18250,91,9706,49,1,6
18251,48,9706,49,1,6
18252,10,9707,49,1,3
18253,52,9708,49,1,3
18254,58,9709,49,0,14
18255,40,9709,49,1,2
18256,97,9710,49,1,5
18257,77,9710,49,0,15
18258,28,9711,49,1,3
18259,83,9712,49,1,2
18260,93,9712,49,1,2
18261,78,9713,49,1,0
18262,36,9714,49,0,18
18263,96,9715,49,0,11
18264,26,9715,49,0,11
18265,68,9716,49,1,5
18266,97,9717,49,1,-1
18267,59,9718,49,1,-1
18268,62,9719,49,0,14
18269,82,9719,49,1,-1
18270,4,9720,49,1,1
18271,46,9721,49,1,-2
18272,63,9722,49,1,4
18273,89,9722,49,1,1
18274,36,9723,49,1,4
18275,37,9723,49,1,0
18276,3,9724,49,1,4
18277,13,9724,49,0,21
18278,79,9725,49,1,0
18279,43,9726,49,1,-1
18280,21,9727,49,0,8
18281,61,9727,49,1,3
18282,100,9728,49,1,5
18283,55,9728,49,0,16
18284,39,9728,49,1,6
18285,60,9729,49,1,4
18286,68,9730,49,0,11
18287,83,9730,49,1,7
18288,19,9731,49,1,2
18289,75,9732,49,0,3
18290,94,9733,49,1,4
18291,69,9734,49,1,5
18292,30,9735,49,0,8
18293,77,9736,49,1,1
18294,13,9737,49,1,0
18295,50,9737,49,0,18
18296,5,9738,49,1,-1
18297,53,9738,49,1,2
18298,10,9739,49,0,12
18299,69,9740,49,1,-2
18300,19,9741,49,1,-1
18301,98,9742,49,0,30
18302,11,9742,49,1,4
18303,91,9742,49,1,3
18304,100,9742,49,1,0
18305,70,9743,49,0,20
18306,69,9743,49,1,3
18307,55,9744,49,1,0
18308,88,9744,49,0,6
18309,21,9745,49,1,-3
18310,2,9746,49,1,1
18311,40,9747,49,0,12
18312,12,9747,49,1,3
18313,65,9748,49,1,0
18314,21,9748,49,0,20
18315,62,9749,49,0,6
18316,39,9749,49,0,14
18317,2,9750,49,1,2
18318,44,9750,49,0,22
18319,74,9750,49,1,6
18320,85,9751,49,1,4
18321,66,9752,49,0,10
18322,83,9752,49,1,0
18323,20,9752,49,0,15
18324,5,9752,49,0,18
18325,10,9753,49,1,-3
18326,26,9754,49,0,10
18327,3,9754,49,1,1
18328,15,9755,49,1,0
18329,66,9756,49,1,0
18330,54,9756,49,1,-1
18331,55,9757,49,1,-3
18332,82,9758,49,0,8
18333,82,9759,49,1,4
18334,14,9760,49,1,6
18335,52,9760,49,1,2
18336,26,9761,49,1,3
18337,88,9761,49,1,4
18338,100,9762,49,0,24
18339,95,9762,49,1,2
18340,62,9762,49,0,29
18341,31,9762,49,1,5
18342,14,9763,49,1,3
18343,93,9763,49,0,30
18344,93,9764,49,1,2
18345,95,9764,49,1,2
18346,4,9765,49,1,0
18347,12,9766,49,1,-1
18348,41,9766,49,1,2
18349,61,9767,49,1,0
18350,82,9767,49,0,14
18351,68,9768,49,0,14
18352,90,9769,49,1,-1
18353,6,9770,49,1,7
18354,73,9770,49,1,2
18355,14,9771,49,1,2
18356,77,9772,49,0,16
18357,35,9773,49,1,3
18358,73,9774,49,1,3
18359,24,9775,49,0,7
18360,40,9775,49,0,20
18361,85,9776,49,1,-1
18362,42,9776,49,1,2
18363,13,9777,49,1,4
18364,8,9778,49,0,5
18365,24,9779,49,1,4
18366,68,9780,49,1,-3
18367,59,9781,49,1,1
18368,35,9782,49,0,11
18369,88,9783,49,1,-1
18370,46,9783,49,1,5
18371,68,9784,49,0,23
18372,81,9784,49,1,2
18373,22,9784,49,1,3
18374,93,9784,49,0,28
18375,60,9785,49,1,-2
18376,20,9786,49,1,-2
18377,78,9787,49,0,17
18378,22,9788,49,0,24
18379,95,9788,49,1,0
18380,46,9788,49,1,1
18381,49,9788,49,1,4
18382,27,9789,49,1,2
18383,72,9789,49,0,16
18384,10,9789,49,1,7
18385,14,9790,49,1,3
18386,54,9790,49,0,28
18387,50,9791,49,1,4
18388,86,9792,49,1,-2
18389,17,9793,49,0,12
18390,93,9794,49,0,7
18391,44,9794,49,1,0
18392,89,9795,49,1,-1
18393,61,9795,49,1,4
18394,8,9796,49,0,18
18395,28,9796,49,1,0
18396,78,9797,49,1,0
18397,68,9798,49,1,4
18398,32,9798,49,0,18
18399,67,9798,49,1,5
18400,3,9799,49,0,10
18401,40,9800,49,1,5
18402,29,9800,49,0,9
18403,6,9801,50,1,-3
18404,47,9802,50,1,1
18405,83,9802,50,0,22
18406,69,9802,50,1,1
18407,77,9802,50,0,18
18408,40,9803,50,1,-3
18409,57,9804,50,1,3
18410,90,9804,50,1,-1
18411,69,9804,50,1,5
18412,79,9805,50,0,17
18413,52,9805,50,0,12
18414,77,9805,50,1,2
18415,95,9805,50,1,-1
18416,98,9806,50,1,7
18417,20,9806,50,1,5
18418,44,9806,50,1,4
18419,100,9806,50,0,19
18420,48,9807,50,1,-3
18421,20,9808,50,0,10
18422,73,9808,50,0,7
18423,84,9809,50,1,4
18424,63,9810,50,1,-3
18425,11,9811,50,1,5
18426,95,9812,50,1,0
18427,74,9812,50,1,-2
18428,79,9813,50,1,3
18429,75,9814,50,0,11
18430,53,9815,50,1,-1
18431,36,9815,50,0,27
18432,42,9816,50,1,-1
18433,37,9816,50,1,1
18434,38,9816,50,1,-1
18435,32,9817,50,0,24
18436,90,9817,50,1,1
18437,85,9817,50,1,5
18438,64,9818,50,0,9
18439,84,9819,50,1,4
18440,45,9819,50,0,7
18441,18,9820,50,1,3
18442,5,9820,50,0,15
18443,45,9821,50,1,-1
18444,36,9822,50,0,8
18445,95,9823,50,1,-3
18446,88,9824,50,1,5
18447,48,9824,50,1,4
18448,59,9825,50,1,1
18449,68,9826,50,0,10
18450,18,9827,50,1,7
18451,42,9827,50,1,4
18452,92,9828,50,1,5
18453,44,9828,50,0,16
18454,21,9828,50,1,0
18455,69,9828,50,1,-1
18456,47,9829,50,0,6
18457,74,9830,50,1,4
18458,94,9830,50,1,2
18459,24,9830,50,0,10
18460,77,9830,50,1,0
18461,2,9831,50,0,22
18462,86,9831,50,1,0
18463,82,9831,50,1,0
18464,4,9831,50,1,7
18465,75,9832,50,0,28
18466,42,9832,50,1,5
18467,52,9832,50,1,5
18468,65,9832,50,0,22
18469,63,9833,50,1,4
18470,5,9833,50,1,2
18471,13,9833,50,0,24
18472,14,9833,50,1,2
18473,16,9834,50,1,2
18474,62,9835,50,0,22
18475,81,9835,50,0,26
18476,92,9836,50,1,-2
18477,52,9837,50,1,0
18478,20,9837,50,0,30
18479,58,9838,50,1,-2
18480,44,9838,50,1,4
18481,44,9839,50,1,7
18482,33,9839,50,0,29
18483,14,9840,50,1,5
18484,87,9840,50,0,30
18485,32,9840,50,1,0
18486,30,9840,50,1,3
18487,3,9841,50,1,3
18488,22,9841,50,1,2
18489,56,9842,50,0,10
18490,14,9843,50,1,-2
18491,92,9844,50,1,2
18492,43,9844,50,0,17
18493,72,9845,50,1,3
18494,90,9846,50,0,10
18495,24,9847,50,0,7
18496,54,9847,50,1,1
18497,60,9848,50,1,0
18498,68,9848,50,1,2
18499,81,9848,50,0,16
18500,33,9848,50,1,5
18501,71,9849,50,0,7
18502,31,9850,50,0,13
18503,80,9851,50,0,19
18504,45,9852,50,0,13
18505,25,9852,50,0,21
18506,3,9852,50,0,15
18507,33,9853,50,1,-2
18508,59,9853,50,0,14
18509,67,9854,50,1,1
18510,41,9855,50,1,0
18511,20,9855,50,0,29
18512,62,9855,50,1,5
18513,40,9855,50,0,10
18514,76,9856,50,1,0
18515,64,9857,50,0,16
18516,81,9857,50,1,-1
18517,41,9858,50,1,-1
18518,100,9859,50,0,8
18519,99,9859,50,0,9
18520,26,9860,50,1,5
18521,68,9860,50,1,4
18522,2,9861,50,1,1
18523,5,9862,50,1,2
18524,45,9862,50,1,7
18525,66,9862,50,1,5
18526,41,9863,50,0,18
18527,48,9864,50,1,0
18528,22,9865,50,1,5
18529,39,9866,50,0,18
18530,22,9866,50,1,7
18531,53,9866,50,1,3
18532,24,9866,50,1,7
18533,74,9867,50,1,0
18534,80,9867,50,1,5
18535,81,9867,50,1,7
18536,58,9868,50,1,2
18537,91,9869,50,1,3
18538,56,9870,50,1,3
18539,67,9870,50,1,5
18540,70,9871,50,1,3
18541,7,9872,50,1,0
18542,25,9873,50,1,2
18543,43,9874,50,1,5
18544,55,9874,50,1,0
18545,91,9874,50,0,19
18546,34,9875,50,0,28
18547,28,9875,50,1,4
18548,11,9876,50,1,-1
18549,75,9877,50,1,-2
18550,44,9878,50,0,20
18551,91,9879,50,1,1
18552,1,9879,50,1,4
18553,81,9879,50,1,3
18554,79,9879,50,1,5
18555,28,9880,50,1,2
18556,36,9881,50,0,12
18557,31,9881,50,0,25
18558,42,9881,50,1,6
18559,34,9882,50,1,1
18560,66,9883,50,1,-2
18561,31,9883,50,0,20
18562,28,9884,50,1,-1
18563,87,9884,50,1,4
18564,89,9884,50,0,11
18565,56,9885,50,1,2
18566,47,9886,50,1,6
18567,1,9886,50,1,4
18568,26,9887,50,0,16
18569,67,9887,50,1,3
18570,99,9888,50,0,13
18571,30,9888,50,1,5
18572,41,9889,50,1,0
18573,15,9890,50,0,10
18574,96,9890,50,0,22
18575,56,9890,50,0,11
18576,21,9891,50,0,8
18577,23,9892,50,1,-1
18578,31,9892,50,1,3
18579,92,9893,50,1,1
18580,22,9894,50,1,2
18581,61,9895,50,1,4
18582,37,9896,50,1,4
18583,49,9897,50,1,-3
18584,35,9898,50,0,13
18585,97,9898,50,0,12
18586,22,9898,50,0,14
18587,58,9898,50,1,4
18588,66,9899,50,0,18
18589,82,9899,50,1,2
18590,29,9900,50,1,2
18591,82,9900,50,1,3
18592,22,9900,50,1,4
18593,19,9901,50,1,7
18594,44,9901,50,0,20
18595,46,9901,50,0,25
18596,82,9902,50,1,2
18597,17,9902,50,1,5
18598,25,9903,50,1,2
18599,72,9904,50,1,-2
18600,65,9905,50,0,24
18601,80,9905,50,1,2
18602,97,9906,50,1,0
18603,21,9906,50,1,3
18604,71,9907,50,0,24
18605,79,9907,50,1,-1
18606,27,9907,50,1,0
18607,48,9907,50,1,4
18608,9,9908,50,1,4
18609,80,9908,50,1,0
18610,44,9909,50,0,6
18611,96,9910,50,1,4
18612,44,9910,50,0,26
18613,57,9911,50,1,-1
18614,96,9912,50,0,26
18615,64,9912,50,1,5
18616,40,9912,50,1,0
18617,26,9912,50,0,22
18618,81,9913,50,0,15
18619,94,9913,50,1,0
18620,34,9914,50,0,12
18621,18,9915,50,1,5
18622,74,9915,50,1,-2
18623,57,9916,50,1,2
18624,47,9917,50,1,-2
18625,56,9917,50,1,1
18626,36,9918,50,0,22
18627,100,9918,50,1,3
18628,75,9918,50,1,2
18629,14,9918,50,1,4
18630,54,9919,50,1,4
18631,96,9919,50,1,2
18632,64,9920,50,0,17
18633,69,9920,50,1,0
18634,100,9921,50,1,-2
18635,26,9922,50,0,9
18636,79,9923,50,0,27
18637,77,9923,50,1,-1
18638,10,9923,50,0,21
18639,39,9924,50,1,0
18640,47,9924,50,1,0
18641,43,9925,50,1,-2
18642,74,9926,50,1,0
18643,17,9926,50,1,2
18644,3,9927,50,0,13
18645,6,9927,50,1,6
18646,25,9928,50,1,2
18647,45,9928,50,0,19
18648,48,9929,50,1,4
18649,67,9930,50,1,2
18650,77,9931,50,0,6
18651,58,9932,50,1,-3
18652,5,9933,50,1,0
18653,65,9934,50,0,28
18654,67,9934,50,1,-1
18655,3,9935,50,1,0
18656,27,9936,50,0,30
18657,44,9936,50,1,0
18658,65,9937,50,1,5
18659,77,9938,50,0,10
18660,14,9938,50,1,5
18661,9,9938,50,1,1
18662,12,9939,50,0,21
18663,96,9939,50,1,2
18664,28,9939,50,1,-1
18665,64,9940,50,0,14
18666,22,9941,50,1,-1
18667,41,9942,50,0,12
18668,21,9943,50,1,0
18669,1,9944,50,1,5
18670,12,9944,50,1,-1
18671,90,9945,50,0,18
18672,4,9945,50,1,2
18673,27,9946,50,0,14
18674,96,9946,50,1,0
18675,32,9947,50,0,8
18676,15,9948,50,1,2
18677,11,9948,50,1,1
18678,5,9948,50,0,13
18679,89,9949,50,1,3
18680,80,9950,50,1,0
18681,87,9950,50,1,3
18682,30,9951,50,1,0
18683,39,9951,50,0,22
18684,5,9952,50,1,1
18685,36,9952,50,0,10
18686,91,9952,50,1,6
18687,59,9952,50,1,3
18688,99,9953,50,0,11
18689,60,9954,50,1,1
18690,65,9955,50,1,0
18691,38,9955,50,1,6
18692,20,9955,50,0,29
18693,74,9956,50,1,-1
18694,100,9956,50,1,-1
18695,97,9957,50,0,13
18696,88,9957,50,0,24
18697,7,9958,50,0,19
18698,47,9958,50,0,27
18699,87,9958,50,0,10
18700,1,9958,50,1,4
18701,58,9959,50,1,2
18702,2,9960,50,1,0
18703,77,9961,50,1,1
18704,64,9961,50,1,0
18705,29,9962,50,1,2
18706,50,9963,50,1,5
18707,28,9963,50,1,6
18708,20,9964,50,1,-1
18709,63,9964,50,0,8
18710,62,9965,50,0,10
18711,36,9966,50,1,5
18712,13,9966,50,1,1
18713,33,9967,50,1,-1
18714,54,9968,50,1,3
18715,10,9969,50,0,27
18716,2,9969,50,0,27
18717,51,9970,50,0,19
18718,85,9970,50,1,0
18719,34,9971,50,1,0
18720,42,9971,50,1,5
18721,63,9971,50,1,7
18722,61,9971,50,1,4
18723,75,9972,50,1,4
18724,78,9972,50,1,3
18725,71,9972,50,1,-1
18726,98,9973,50,0,19
18727,52,9974,50,1,-1
18728,81,9974,50,1,5
18729,54,9975,50,0,13
18730,30,9975,50,0,14
18731,47,9975,50,1,1
18732,40,9975,50,1,7
18733,71,9976,50,1,3
18734,6,9977,50,1,-2
18735,51,9978,50,0,14
18736,52,9978,50,1,1
18737,31,9979,50,1,2
18738,37,9980,50,0,6
18739,13,9981,50,1,2
18740,3,9981,50,1,-2
18741,95,9982,50,0,14
18742,18,9982,50,1,4
18743,57,9983,50,1,5
18744,55,9984,50,0,18
18745,65,9984,50,1,-2
18746,39,9985,50,0,7
18747,17,9986,50,0,10
18748,14,9986,50,0,18
18749,29,9986,50,1,3
18750,44,9986,50,0,12
18751,7,9987,50,1,6
18752,16,9987,50,1,3
18753,40,9988,50,1,1
18754,86,9988,50,0,28
18755,87,9988,50,1,7
18756,77,9988,50,0,19
18757,88,9989,50,0,20
18758,82,9990,50,1,4
18759,48,9990,50,0,20
18760,4,9990,50,1,3
18761,80,9991,50,1,-1
18762,12,9991,50,0,9
18763,81,9992,50,1,-2
18764,43,9992,50,0,11
18765,15,9993,50,1,-1
18766,38,9993,50,1,2
18767,33,9994,50,1,5
18768,19,9994,50,1,4
18769,31,9995,50,0,9
18770,1,9996,50,1,4
18771,84,9996,50,0,11
18772,47,9996,50,1,5
18773,12,9996,50,0,10
18774,78,9997,50,1,3
18775,45,9998,50,1,4
18776,82,9998,50,0,20
18777,44,9999,50,1,0
18778,80,10000,50,1,4
18779,53,10000,50,1,6
18780,44,10000,50,1,0
